{"type":"Topology","objects":{"territories":{"geometries":[{"properties":{"id":"ABW","name":"Aruba"},"type":"Polygon","arcs":[[0]],"id":0},{"properties":{"id":"AFG","name":"Afghanistan"},"type":"Polygon","arcs":[[-1780,-1578,-319,-1156,-812,-1581]],"id":1},{"properties":{"id":"AGO","name":"Angola"},"type":"MultiPolygon","arcs":[[[-331,1,-337]],[[-1850,-1059,2,-329]]],"id":2},{"properties":{"id":"AIA","name":"Anguilla"},"type":"Polygon","arcs":[[3]],"id":3},{"properties":{"id":"ALB","name":"Albania"},"type":"Polygon","arcs":[[-1022,-922,-990,-593,4]],"id":4},{"properties":{"id":"ALD","name":"\u00c5land"},"type":"MultiPolygon","arcs":[[[5]],[[6]],[[7]]],"id":5},{"properties":{"id":"AND","name":"Andorra"},"type":"Polygon","arcs":[[-422,-478]],"id":6},{"properties":{"id":"ARE","name":"United Arab Emirates"},"type":"MultiPolygon","arcs":[[[8,-1147,-1444,9,-1149],[-1151]],[[10]],[[11]],[[12]],[[13]]],"id":7},{"properties":{"id":"ARG","name":"Argentina"},"type":"MultiPolygon","arcs":[[[-1642,14,-276,-106,-1276,-108]],[[-278,15]],[[16]],[[17]]],"id":8},{"properties":{"id":"ARM","name":"Armenia"},"type":"MultiPolygon","arcs":[[[-1602,-530,-69,-815,-68],[-72]],[[-71]]],"id":9},{"properties":{"id":"ASM","name":"American Samoa"},"type":"Polygon","arcs":[[18]],"id":10},{"properties":{"id":"ATC","name":"Ashmore and Cartier Is."},"type":"Polygon","arcs":[[19]],"id":11},{"properties":{"id":"ATF","name":"Fr. S. Antarctic Lands"},"type":"MultiPolygon","arcs":[[[20]],[[21]],[[22]]],"id":12},{"properties":{"id":"ATG","name":"Antigua and Barb."},"type":"MultiPolygon","arcs":[[[23]],[[24]]],"id":13},{"properties":{"id":"AUS","name":"Australia"},"type":"MultiPolygon","arcs":[[[25]],[[26]],[[27]],[[28]],[[29]],[[30]],[[31]],[[32]],[[33]],[[34]],[[35]],[[36]],[[37]],[[38]],[[39]],[[40]],[[41]],[[42]],[[43]],[[44]],[[45]],[[46]],[[47]],[[48]],[[49]],[[50]],[[51]],[[52]],[[53]],[[54]],[[55]],[[56]],[[57]],[[58]],[[59]],[[60]],[[61]],[[62]],[[63]],[[64]],[[65]],[[66]]],"id":14},{"properties":{"id":"AUT","name":"Austria"},"type":"Polygon","arcs":[[-271,-377,-371,-1523,-649,-1529,-825,-272,-938]],"id":15},{"properties":{"id":"AZE","name":"Azerbaijan"},"type":"MultiPolygon","arcs":[[[-1603,67,-814]],[[-816,68,-529,-1333,69],[70]],[[71]]],"id":16},{"properties":{"id":"BDI","name":"Burundi"},"type":"Polygon","arcs":[[-1617,-333,-1429]],"id":17},{"properties":{"id":"BEL","name":"Belgium"},"type":"Polygon","arcs":[[-1082,-373,-947,-481,72,-1085]],"id":18},{"properties":{"id":"BEN","name":"Benin"},"type":"Polygon","arcs":[[-1557,-75,-1066,-1075,73]],"id":19},{"properties":{"id":"BFA","name":"Burkina Faso"},"type":"Polygon","arcs":[[-1560,-536,-325,-993,-1067,74]],"id":20},{"properties":{"id":"BGD","name":"Bangladesh"},"type":"MultiPolygon","arcs":[[[-789,-999,75]],[[76]],[[77]],[[78]],[[79]],[[80]],[[81]]],"id":21},{"properties":{"id":"BGR","name":"Bulgaria"},"type":"Polygon","arcs":[[-1610,-594,-988,-1508,-1306,82]],"id":22},{"properties":{"id":"BHR","name":"Bahrain"},"type":"Polygon","arcs":[[83]],"id":23},{"properties":{"id":"BHS","name":"Bahamas"},"type":"MultiPolygon","arcs":[[[84]],[[85]],[[86]],[[87]],[[88]],[[89]],[[90]],[[91]],[[92]],[[93]],[[94]],[[95]],[[96]],[[97]],[[98]]],"id":24},{"properties":{"id":"BIH","name":"Bosnia and Herz."},"type":"Polygon","arcs":[[-1025,-643,99,-629,-1512]],"id":25},{"properties":{"id":"BLM","name":"St-Barth\u00e9lemy"},"type":"Polygon","arcs":[[100]],"id":26},{"properties":{"id":"BLR","name":"Belarus"},"type":"Polygon","arcs":[[-1638,-1256,-944,-951,-1336]],"id":27},{"properties":{"id":"BLZ","name":"Belize"},"type":"MultiPolygon","arcs":[[[-965,101,-613]],[[102]],[[103]]],"id":28},{"properties":{"id":"BMU","name":"Bermuda"},"type":"Polygon","arcs":[[104]],"id":29},{"properties":{"id":"BOL","name":"Bolivia"},"type":"Polygon","arcs":[[-1168,-109,-1277,105,-275]],"id":30},{"properties":{"id":"BRA","name":"Brazil"},"type":"MultiPolygon","arcs":[[[-1795,-618,-1519,-491,106,-1643,107,-1275,108,-1167,-340]],[[109]],[[110]],[[111]],[[112]],[[113]],[[114]],[[115]],[[116]],[[117]],[[118]],[[119]],[[120]],[[121]],[[122]],[[123]],[[124]]],"id":31},{"properties":{"id":"BRB","name":"Barbados"},"type":"Polygon","arcs":[[125]],"id":32},{"properties":{"id":"BRN","name":"Brunei"},"type":"MultiPolygon","arcs":[[[-1047,126]],[[-1046,127]]],"id":33},{"properties":{"id":"BTN","name":"Bhutan"},"type":"Polygon","arcs":[[-787,-318]],"id":34},{"properties":{"id":"BWA","name":"Botswana"},"type":"Polygon","arcs":[[-1856,-1846,-1057]],"id":35},{"properties":{"id":"CAF","name":"Central African Rep."},"type":"Polygon","arcs":[[-1454,-332,-335,-327,-1552,-1447]],"id":36},{"properties":{"id":"CAN","name":"Canada"},"type":"MultiPolygon","arcs":[[[128]],[[129]],[[130]],[[-1663,131,-1726,132]],[[133]],[[134]],[[135]],[[136]],[[137]],[[138]],[[139]],[[140]],[[141]],[[142]],[[143]],[[144]],[[145]],[[146]],[[147]],[[148]],[[149]],[[150]],[[151]],[[-1722,152]],[[153]],[[154]],[[155]],[[156]],[[157]],[[158]],[[159]],[[160]],[[161]],[[162]],[[163]],[[164]],[[165]],[[166]],[[167]],[[168]],[[169]],[[170]],[[171]],[[172]],[[173]],[[174]],[[175]],[[176]],[[-1661,177]],[[178]],[[179]],[[180]],[[181]],[[182]],[[183]],[[184]],[[185]],[[186]],[[187]],[[188]],[[189]],[[190]],[[191]],[[192]],[[193]],[[194]],[[195]],[[196]],[[197]],[[198]],[[199]],[[200]],[[201]],[[202]],[[203]],[[204]],[[205]],[[206]],[[207]],[[208]],[[209]],[[210]],[[211]],[[212]],[[213]],[[214]],[[215]],[[216]],[[217]],[[218]],[[219]],[[220]],[[221]],[[222]],[[223]],[[224]],[[225]],[[226]],[[227]],[[228]],[[229]],[[230]],[[231]],[[232]],[[233]],[[234]],[[235]],[[236]],[[237]],[[238]],[[239]],[[240]],[[241]],[[242]],[[243]],[[244]],[[245]],[[246]],[[247]],[[248]],[[249]],[[250]],[[251]],[[252]],[[253]],[[254]],[[255]],[[256]],[[257]],[[258]],[[259]],[[260]],[[261]],[[262]],[[263]],[[264]],[[265]],[[266]],[[267]],[[268]],[[269]]],"id":37},{"properties":{"id":"CHE","name":"Switzerland"},"type":"Polygon","arcs":[[270,-937,271,-824,-474,-372]],"id":38},{"properties":{"id":"CHL","name":"Chile"},"type":"MultiPolygon","arcs":[[[272]],[[273]],[[-1169,274,275,276]],[[277,278]],[[279]],[[280]],[[281]],[[282]],[[283]],[[284]],[[285]],[[286]],[[287]],[[288]],[[289]],[[290]],[[291]],[[292]],[[293]],[[294]],[[295]],[[296]],[[297]],[[298]],[[299]],[[300]],[[301]],[[302]],[[303]],[[304]],[[305]]],"id":39},{"properties":{"id":"CHN","name":"China"},"type":"MultiPolygon","arcs":[[[306]],[[307]],[[308]],[[309]],[[310]],[[311]],[[312]],[[313]],[[314]],[[315]],[[316]],[[-1808,-927,-1001,-788,317,-786,-1131,-785,-875,-1157,318,-1577,-886,-881,-1330,-1026,-1328,-1262,319,-619,320,-952,321]],[[322]]],"id":40},{"properties":{"id":"CIV","name":"C\u00f4te d'Ivoire"},"type":"MultiPolygon","arcs":[[[-533,323]],[[-994,324,-535,325,-931,-539]]],"id":41},{"properties":{"id":"CMR","name":"Cameroon"},"type":"Polygon","arcs":[[-1073,-1553,326,-334,-504,-552,327]],"id":42},{"properties":{"id":"COD","name":"Dem. Rep. Congo"},"type":"Polygon","arcs":[[-1851,328,329,330,-336,331,-1453,-1626,-1430,332,-1616]],"id":43},{"properties":{"id":"COG","name":"Congo"},"type":"Polygon","arcs":[[-502,333,334,335,336,337]],"id":44},{"properties":{"id":"COK","name":"Cook Is."},"type":"Polygon","arcs":[[338]],"id":45},{"properties":{"id":"COL","name":"Colombia"},"type":"MultiPolygon","arcs":[[[-1796,339,-1172,-401,340,-1158,341]],[[342]]],"id":46},{"properties":{"id":"COM","name":"Comoros"},"type":"MultiPolygon","arcs":[[[343]],[[344]],[[345]]],"id":47},{"properties":{"id":"CPV","name":"Cabo Verde"},"type":"MultiPolygon","arcs":[[[346]],[[347]],[[348]],[[349]],[[350]],[[351]],[[352]],[[353]]],"id":48},{"properties":{"id":"CRI","name":"Costa Rica"},"type":"Polygon","arcs":[[-1160,354,-1078,355]],"id":49},{"properties":{"id":"CUB","name":"Cuba"},"type":"MultiPolygon","arcs":[[[356]],[[357]],[[358]],[[359]],[[360]],[[361]],[[362]]],"id":50},{"properties":{"id":"CUW","name":"Cura\u00e7ao"},"type":"Polygon","arcs":[[363]],"id":51},{"properties":{"id":"CYM","name":"Cayman Is."},"type":"MultiPolygon","arcs":[[[364]],[[365]],[[366]]],"id":52},{"properties":{"id":"CYN","name":"N. Cyprus"},"type":"Polygon","arcs":[[-369,367]],"id":53},{"properties":{"id":"CYP","name":"Cyprus"},"type":"Polygon","arcs":[[368,369]],"id":54},{"properties":{"id":"CZE","name":"Czechia"},"type":"Polygon","arcs":[[-1524,370,-376,-1250]],"id":55},{"properties":{"id":"DEU","name":"Germany"},"type":"MultiPolygon","arcs":[[[371,-482,-945,372,-1084,373,-386,374,-1251,375,376]],[[377]],[[-1253,378]],[[379]],[[380]],[[381]]],"id":56},{"properties":{"id":"DJI","name":"Djibouti"},"type":"Polygon","arcs":[[-1500,-437,-413,382]],"id":57},{"properties":{"id":"DMA","name":"Dominica"},"type":"Polygon","arcs":[[383]],"id":58},{"properties":{"id":"DNK","name":"Denmark"},"type":"MultiPolygon","arcs":[[[384]],[[385,386]],[[387]],[[388]],[[389]],[[390]],[[391]],[[392]],[[393]],[[394]],[[395]],[[396]]],"id":59},{"properties":{"id":"DOM","name":"Dominican Rep."},"type":"Polygon","arcs":[[-644,397]],"id":60},{"properties":{"id":"DZA","name":"Algeria"},"type":"Polygon","arcs":[[-1596,-935,-1069,-992,-1036,-1431,-955,398]],"id":61},{"properties":{"id":"ECU","name":"Ecuador"},"type":"MultiPolygon","arcs":[[[-1171,399,400]],[[401]],[[402]],[[403]],[[404]],[[405]],[[406]],[[407]],[[408]]],"id":62},{"properties":{"id":"EGY","name":"Egypt"},"type":"Polygon","arcs":[[-1449,-934,409,-1279,-822,410]],"id":63},{"properties":{"id":"ERI","name":"Eritrea"},"type":"MultiPolygon","arcs":[[[-1451,411,412,-436]],[[413]],[[414]]],"id":64},{"properties":{"id":"ESB","name":"Dhekelia"},"type":"Polygon","arcs":[[415],[416]],"id":65},{"properties":{"id":"ESP","name":"Spain"},"type":"MultiPolygon","arcs":[[[417]],[[418]],[[419]],[[420]],[[-479,421,-477,422,-1266,423]],[[424]],[[425]],[[426]],[[427]],[[428]],[[429]],[[430]]],"id":66},{"properties":{"id":"EST","name":"Estonia"},"type":"MultiPolygon","arcs":[[[-950,431,-1338]],[[432]],[[433]],[[434]]],"id":67},{"properties":{"id":"ETH","name":"Ethiopia"},"type":"Polygon","arcs":[[-1456,-1452,435,436,-1499,-1503,-883]],"id":68},{"properties":{"id":"FIN","name":"Finland"},"type":"MultiPolygon","arcs":[[[-1534,-1098,-1340,437]],[[438]],[[439]],[[440]],[[441]],[[442]],[[443]],[[444]]],"id":69},{"properties":{"id":"FJI","name":"Fiji"},"type":"MultiPolygon","arcs":[[[445]],[[446]],[[447]],[[448]],[[449]],[[450]],[[451]],[[452]],[[453]],[[454]],[[455]],[[456]],[[457]],[[458]],[[459]],[[460]],[[461]],[[462]],[[463]],[[464]],[[465]]],"id":70},{"properties":{"id":"FLK","name":"Falkland Is."},"type":"MultiPolygon","arcs":[[[466]],[[467]],[[468]],[[469]],[[470]],[[471]]],"id":71},{"properties":{"id":"FRA","name":"France"},"type":"MultiPolygon","arcs":[[[472]],[[473,-827,474,-958,475,476,477,478,479,480,-946,481]],[[482]],[[483]],[[484]],[[485]],[[486]],[[487]],[[488]],[[-1518,489,490]]],"id":72},{"properties":{"id":"FRO","name":"Faeroe Is."},"type":"MultiPolygon","arcs":[[[491]],[[492]],[[493]],[[494]],[[495]]],"id":73},{"properties":{"id":"FSM","name":"Micronesia"},"type":"MultiPolygon","arcs":[[[496]],[[497]],[[498]],[[499]],[[500]]],"id":74},{"properties":{"id":"GAB","name":"Gabon"},"type":"Polygon","arcs":[[501,502,-550,503]],"id":75},{"properties":{"id":"GBR","name":"United Kingdom"},"type":"MultiPolygon","arcs":[[[504]],[[505]],[[506]],[[507]],[[508]],[[509]],[[510]],[[511]],[[512]],[[513]],[[514]],[[515]],[[516]],[[517]],[[518]],[[519]],[[520]],[[521]],[[522]],[[523]],[[524]],[[-809,525]],[[526]]],"id":76},{"properties":{"id":"GEO","name":"Georgia"},"type":"Polygon","arcs":[[-1601,527,-1334,528,529]],"id":77},{"properties":{"id":"GGY","name":"Guernsey"},"type":"Polygon","arcs":[[530]],"id":78},{"properties":{"id":"GHA","name":"Ghana"},"type":"Polygon","arcs":[[-1559,531,532,533,534,535]],"id":79},{"properties":{"id":"GIB","name":"Gibraltar"},"type":"Polygon","arcs":[[536]],"id":80},{"properties":{"id":"GIN","name":"Guinea"},"type":"Polygon","arcs":[[-1493,537,-541,-1459,-995,538,-930]],"id":81},{"properties":{"id":"GMB","name":"Gambia"},"type":"Polygon","arcs":[[-1462,539]],"id":82},{"properties":{"id":"GNB","name":"Guinea-Bissau"},"type":"MultiPolygon","arcs":[[[-1460,540,541]],[[542]],[[543]],[[544]],[[545]],[[546]],[[547]]],"id":83},{"properties":{"id":"GNQ","name":"Eq. Guinea"},"type":"MultiPolygon","arcs":[[[548]],[[549,550,551]]],"id":84},{"properties":{"id":"GRC","name":"Greece"},"type":"MultiPolygon","arcs":[[[552]],[[553]],[[554]],[[555]],[[556]],[[557]],[[558]],[[559]],[[560]],[[561]],[[562]],[[563]],[[564]],[[565]],[[566]],[[567]],[[568]],[[569]],[[570]],[[571]],[[572]],[[573]],[[574]],[[575]],[[576]],[[577]],[[578]],[[579]],[[580]],[[581]],[[582]],[[583]],[[584]],[[585]],[[586]],[[587]],[[588]],[[589]],[[590]],[[-1609,591,592,-989,593]]],"id":85},{"properties":{"id":"GRD","name":"Grenada"},"type":"Polygon","arcs":[[594]],"id":86},{"properties":{"id":"GRL","name":"Greenland"},"type":"MultiPolygon","arcs":[[[595]],[[596]],[[597]],[[598]],[[599]],[[600]],[[601]],[[602]],[[603]],[[604]],[[605]],[[606]],[[607]],[[608]],[[609]],[[610]],[[611]]],"id":87},{"properties":{"id":"GTM","name":"Guatemala"},"type":"Polygon","arcs":[[-966,612,613,-625,-1497,614]],"id":88},{"properties":{"id":"GUM","name":"Guam"},"type":"Polygon","arcs":[[615]],"id":89},{"properties":{"id":"GUY","name":"Guyana"},"type":"Polygon","arcs":[[-1794,616,-1520,617]],"id":90},{"properties":{"id":"HKG","name":"Hong Kong"},"type":"MultiPolygon","arcs":[[[618,619]],[[620]],[[621]]],"id":91},{"properties":{"id":"HMD","name":"Heard I. and McDonald Is."},"type":"Polygon","arcs":[[622]],"id":92},{"properties":{"id":"HND","name":"Honduras"},"type":"MultiPolygon","arcs":[[[-1080,623,-1495,624,625]],[[626]],[[627]]],"id":93},{"properties":{"id":"HRV","name":"Croatia"},"type":"MultiPolygon","arcs":[[[-1526,-648,-1513,628,629]],[[630]],[[631]],[[632]],[[633]],[[634]],[[635]],[[636]],[[637]],[[638]],[[639]],[[640]],[[-1024,641,642]]],"id":94},{"properties":{"id":"HTI","name":"Haiti"},"type":"MultiPolygon","arcs":[[[643,644]],[[645]],[[646]]],"id":95},{"properties":{"id":"HUN","name":"Hungary"},"type":"Polygon","arcs":[[-1635,-1307,-1514,647,-1530,648,-1522]],"id":96},{"properties":{"id":"IDN","name":"Indonesia"},"type":"MultiPolygon","arcs":[[[649]],[[650]],[[651]],[[652]],[[653]],[[654]],[[655]],[[656]],[[657]],[[658]],[[659]],[[660]],[[661]],[[662]],[[663]],[[664]],[[665]],[[666]],[[667]],[[668]],[[669]],[[670]],[[671]],[[672]],[[673]],[[674]],[[675]],[[-1044,676]],[[677]],[[678]],[[679]],[[-1586,680,-1589,681]],[[682]],[[683]],[[684]],[[-1225,685]],[[686]],[[687]],[[688]],[[689]],[[690]],[[691]],[[692]],[[693]],[[694]],[[695]],[[696]],[[697]],[[698]],[[699]],[[700]],[[701]],[[702]],[[703]],[[704]],[[705]],[[706]],[[707]],[[708]],[[709]],[[710]],[[711]],[[712]],[[713]],[[714]],[[715]],[[716]],[[717]],[[718]],[[719]],[[720]],[[721]],[[722]],[[723]],[[724]],[[725]],[[726]],[[727]],[[728]],[[729]],[[730]],[[731]],[[732]],[[733]],[[734]],[[735]],[[736]],[[737]],[[738]],[[739]],[[740]],[[741]],[[742]],[[743]],[[744]],[[745]],[[746]],[[747]],[[748]],[[749]],[[750]],[[751]],[[-1055,752]],[[753]],[[754]],[[755]],[[756]],[[757]],[[758]],[[759]],[[760]],[[761]],[[762]],[[763]],[[764]],[[765]],[[766]],[[767]],[[768]],[[769]],[[770]],[[771]],[[772]],[[773]],[[774]],[[775]],[[776]],[[777]],[[778]],[[779]],[[780]],[[781]],[[782]]],"id":97},{"properties":{"id":"IMN","name":"Isle of Man"},"type":"Polygon","arcs":[[783]],"id":98},{"properties":{"id":"IND","name":"India"},"type":"MultiPolygon","arcs":[[[-1153,-876,784,-1130,785,786,787,-1000,788,789]],[[790]],[[791]],[[792]],[[793]],[[794]],[[795]],[[796]],[[797]],[[798]],[[799]],[[800]],[[801]],[[802]]],"id":99},{"properties":{"id":"IOA","name":"Indian Ocean Ter."},"type":"MultiPolygon","arcs":[[[803]],[[804]],[[805]]],"id":100},{"properties":{"id":"IOT","name":"Br. Indian Ocean Ter."},"type":"Polygon","arcs":[[806]],"id":101},{"properties":{"id":"IRL","name":"Ireland"},"type":"MultiPolygon","arcs":[[[807]],[[808,809]]],"id":102},{"properties":{"id":"IRN","name":"Iran"},"type":"MultiPolygon","arcs":[[[810]],[[-1582,811,-1155,812,-818,-1604,813,814,815,816]]],"id":103},{"properties":{"id":"IRQ","name":"Iraq"},"type":"Polygon","arcs":[[-1605,817,818,-924,-1439,-837,-1543]],"id":104},{"properties":{"id":"ISL","name":"Iceland"},"type":"Polygon","arcs":[[819]],"id":105},{"properties":{"id":"ISR","name":"Israel"},"type":"Polygon","arcs":[[-1545,-840,-1282,-839,820,821,-1278,822,-928]],"id":106},{"properties":{"id":"ITA","name":"Italy"},"type":"MultiPolygon","arcs":[[[823,824,-1528,825,826],[-1786],[-1498]],[[827]],[[828]],[[829]],[[830]],[[831]],[[832]],[[833]]],"id":107},{"properties":{"id":"JAM","name":"Jamaica"},"type":"Polygon","arcs":[[834]],"id":108},{"properties":{"id":"JEY","name":"Jersey"},"type":"Polygon","arcs":[[835]],"id":109},{"properties":{"id":"JOR","name":"Jordan"},"type":"Polygon","arcs":[[-1544,836,-1438,837,838,-1281,839]],"id":110},{"properties":{"id":"JPN","name":"Japan"},"type":"MultiPolygon","arcs":[[[840]],[[841]],[[842]],[[843]],[[844]],[[845]],[[846]],[[847]],[[848]],[[849]],[[850]],[[851]],[[852]],[[853]],[[854]],[[855]],[[856]],[[857]],[[858]],[[859]],[[860]],[[861]],[[862]],[[863]],[[864]],[[865]],[[866]],[[867]],[[868]],[[869]],[[870]],[[871]],[[872]],[[873]]],"id":111},{"properties":{"id":"KAS","name":"Siachen Glacier"},"type":"Polygon","arcs":[[-1152,874,875]],"id":112},{"properties":{"id":"KAZ","name":"Kazakhstan"},"type":"MultiPolygon","arcs":[[[876]],[[877]],[[878]],[[-1782,-1584,879,-1331,880,-885]]],"id":113},{"properties":{"id":"KEN","name":"Kenya"},"type":"MultiPolygon","arcs":[[[881]],[[-1628,-1457,882,-1502,883,-1619]]],"id":114},{"properties":{"id":"KGZ","name":"Kyrgyzstan"},"type":"Polygon","arcs":[[-1778,884,885,-1576],[-1784],[-1785],[-1579]],"id":115},{"properties":{"id":"KHM","name":"Cambodia"},"type":"MultiPolygon","arcs":[[[886]],[[887]],[[-1806,888,-1565,-926]]],"id":116},{"properties":{"id":"KIR","name":"Kiribati"},"type":"MultiPolygon","arcs":[[[889]],[[890]],[[891]],[[892]],[[893]],[[894]],[[895]],[[896]],[[897]],[[898]],[[899]],[[900]],[[901]],[[902]],[[903]],[[904]],[[905]],[[906]],[[907]]],"id":117},{"properties":{"id":"KNA","name":"St. Kitts and Nevis"},"type":"MultiPolygon","arcs":[[[908]],[[909]]],"id":118},{"properties":{"id":"KOR","name":"South Korea"},"type":"MultiPolygon","arcs":[[[-1260,910]],[[911]],[[912]],[[913]],[[914]],[[915]],[[916]],[[917]],[[918]],[[919]],[[920]]],"id":119},{"properties":{"id":"KOS","name":"Kosovo"},"type":"Polygon","arcs":[[-1510,-991,921,-1021]],"id":120},{"properties":{"id":"KWT","name":"Kuwait"},"type":"MultiPolygon","arcs":[[[922]],[[-1440,923,924]]],"id":121},{"properties":{"id":"LAO","name":"Laos"},"type":"Polygon","arcs":[[-1807,925,-1564,-1002,926]],"id":122},{"properties":{"id":"LBN","name":"Lebanon"},"type":"Polygon","arcs":[[-1546,927,928]],"id":123},{"properties":{"id":"LBR","name":"Liberia"},"type":"Polygon","arcs":[[-1491,929,930,931]],"id":124},{"properties":{"id":"LBY","name":"Libya"},"type":"Polygon","arcs":[[-1595,932,933,-1448,-1556,-1070,934]],"id":125},{"properties":{"id":"LCA","name":"Saint Lucia"},"type":"Polygon","arcs":[[935]],"id":126},{"properties":{"id":"LIE","name":"Liechtenstein"},"type":"Polygon","arcs":[[936,937]],"id":127},{"properties":{"id":"LKA","name":"Sri Lanka"},"type":"MultiPolygon","arcs":[[[938]],[[939]],[[940]]],"id":128},{"properties":{"id":"LSO","name":"Lesotho"},"type":"Polygon","arcs":[[-1847]],"id":129},{"properties":{"id":"LTU","name":"Lithuania"},"type":"MultiPolygon","arcs":[[[-1427,941]],[[-1424,942,-948,943,-1255]]],"id":130},{"properties":{"id":"LUX","name":"Luxembourg"},"type":"Polygon","arcs":[[944,945,946]],"id":131},{"properties":{"id":"LVA","name":"Latvia"},"type":"Polygon","arcs":[[947,948,949,-1337,950]],"id":132},{"properties":{"id":"MAC","name":"Macao"},"type":"Polygon","arcs":[[-953,-952]],"id":133},{"properties":{"id":"MAF","name":"St-Martin"},"type":"Polygon","arcs":[[-954,1539]],"id":134},{"properties":{"id":"MAR","name":"Morocco"},"type":"Polygon","arcs":[[954,-1434,955]],"id":135},{"properties":{"id":"MCO","name":"Monaco"},"type":"Polygon","arcs":[[-958,-957]],"id":136},{"properties":{"id":"MDA","name":"Moldova"},"type":"Polygon","arcs":[[-1633,-1308]],"id":137},{"properties":{"id":"MDG","name":"Madagascar"},"type":"MultiPolygon","arcs":[[[958]],[[959]],[[960]]],"id":138},{"properties":{"id":"MDV","name":"Maldives"},"type":"MultiPolygon","arcs":[[[961]],[[962]]],"id":139},{"properties":{"id":"MEX","name":"Mexico"},"type":"MultiPolygon","arcs":[[[-1724,963,964,965,966]],[[967]],[[968]],[[969]],[[970]],[[971]],[[972]],[[973]],[[974]],[[975]],[[976]],[[977]],[[978]],[[979]],[[980]],[[981]]],"id":140},{"properties":{"id":"MHL","name":"Marshall Is."},"type":"MultiPolygon","arcs":[[[982]],[[983]],[[984]],[[985]],[[986]]],"id":141},{"properties":{"id":"MKD","name":"North Macedonia"},"type":"Polygon","arcs":[[-1509,987,988,989,990]],"id":142},{"properties":{"id":"MLI","name":"Mali"},"type":"Polygon","arcs":[[-1458,-1037,991,-1068,992,993,994]],"id":143},{"properties":{"id":"MLT","name":"Malta"},"type":"MultiPolygon","arcs":[[[995]],[[996]]],"id":144},{"properties":{"id":"MMR","name":"Myanmar"},"type":"MultiPolygon","arcs":[[[-1569,997,998,999,1000,1001]],[[1002]],[[1003]],[[1004]],[[1005]],[[1006]],[[1007]],[[1008]],[[1009]],[[1010]],[[1011]],[[1012]],[[1013]],[[1014]],[[1015]],[[1016]],[[1017]],[[1018]],[[1019]]],"id":145},{"properties":{"id":"MNE","name":"Montenegro"},"type":"Polygon","arcs":[[-1511,1020,1021,1022,1023,1024]],"id":146},{"properties":{"id":"MNG","name":"Mongolia"},"type":"Polygon","arcs":[[-1329,1025]],"id":147},{"properties":{"id":"MNP","name":"N. Mariana Is."},"type":"MultiPolygon","arcs":[[[1026]],[[1027]],[[1028]],[[1029]],[[1030]],[[1031]]],"id":148},{"properties":{"id":"MOZ","name":"Mozambique"},"type":"Polygon","arcs":[[-1858,-1854,-1042,-1621,1032,-1843,-1539,-1841],[-1041],[-1040]],"id":149},{"properties":{"id":"MRT","name":"Mauritania"},"type":"MultiPolygon","arcs":[[[1033]],[[-1464,1034,-1432,1035,1036]]],"id":150},{"properties":{"id":"MSR","name":"Montserrat"},"type":"Polygon","arcs":[[1037]],"id":151},{"properties":{"id":"MUS","name":"Mauritius"},"type":"Polygon","arcs":[[1038]],"id":152},{"properties":{"id":"MWI","name":"Malawi"},"type":"MultiPolygon","arcs":[[[1039]],[[1040]],[[-1853,-1622,1041]]],"id":153},{"properties":{"id":"MYS","name":"Malaysia"},"type":"MultiPolygon","arcs":[[[-1567,1042]],[[1043,1044,1045,1046,1047]],[[1048]],[[1049]],[[1050]],[[1051]],[[1052]],[[1053]],[[1054,1055]]],"id":154},{"properties":{"id":"NAM","name":"Namibia"},"type":"Polygon","arcs":[[-1849,1056,-1845,1057,1058]],"id":155},{"properties":{"id":"NCL","name":"New Caledonia"},"type":"MultiPolygon","arcs":[[[1059]],[[1060]],[[1061]],[[1062]],[[1063]],[[1064]]],"id":156},{"properties":{"id":"NER","name":"Niger"},"type":"Polygon","arcs":[[-1076,1065,1066,1067,1068,1069,-1555]],"id":157},{"properties":{"id":"NFK","name":"Norfolk Island"},"type":"Polygon","arcs":[[1070]],"id":158},{"properties":{"id":"NGA","name":"Nigeria"},"type":"MultiPolygon","arcs":[[[1071]],[[-1554,1072,1073,1074,1075]]],"id":159},{"properties":{"id":"NIC","name":"Nicaragua"},"type":"Polygon","arcs":[[1076,1077,1078,1079]],"id":160},{"properties":{"id":"NIU","name":"Niue"},"type":"Polygon","arcs":[[1080]],"id":161},{"properties":{"id":"NLD","name":"Netherlands"},"type":"MultiPolygon","arcs":[[[1081,1082,1083]],[[1084,1085]],[[1086]],[[1087]],[[1088]],[[1089]],[[1090]],[[1091]],[[1092]],[[1093]],[[1094]],[[1095]]],"id":162},{"properties":{"id":"NOR","name":"Norway"},"type":"MultiPolygon","arcs":[[[-1533,1096,-1341,1097]],[[1098]],[[1099]],[[1100]],[[1101]],[[1102]],[[1103]],[[1104]],[[1105]],[[1106]],[[1107]],[[1108]],[[1109]],[[1110]],[[1111]],[[1112]],[[1113]],[[1114]],[[1115]],[[1116]],[[1117]],[[1118]],[[1119]],[[1120]],[[1121]],[[1122]],[[1123]],[[1124]],[[1125]],[[1126]],[[1127]],[[1128]]],"id":163},{"properties":{"id":"NPL","name":"Nepal"},"type":"Polygon","arcs":[[1129,1130]],"id":164},{"properties":{"id":"NRU","name":"Nauru"},"type":"Polygon","arcs":[[1131]],"id":165},{"properties":{"id":"NZL","name":"New Zealand"},"type":"MultiPolygon","arcs":[[[1132]],[[1133]],[[1134]],[[1135]],[[1136]],[[1137]],[[1138]],[[1139]],[[1140]],[[1141]],[[1142]],[[1143]],[[1144]]],"id":166},{"properties":{"id":"OMN","name":"Oman"},"type":"MultiPolygon","arcs":[[[1145]],[[-1836,-1445,1146,1147]],[[1148,1149]],[[1150]]],"id":167},{"properties":{"id":"PAK","name":"Pakistan"},"type":"Polygon","arcs":[[1151,1152,1153,1154,1155,1156]],"id":168},{"properties":{"id":"PAN","name":"Panama"},"type":"MultiPolygon","arcs":[[[1157,1158,1159,1160]],[[1161]],[[1162]],[[1163]],[[1164]]],"id":169},{"properties":{"id":"PCN","name":"Pitcairn Is."},"type":"Polygon","arcs":[[1165]],"id":170},{"properties":{"id":"PER","name":"Peru"},"type":"Polygon","arcs":[[1166,1167,1168,1169,1170,1171]],"id":171},{"properties":{"id":"PHL","name":"Philippines"},"type":"MultiPolygon","arcs":[[[1172]],[[1173]],[[1174]],[[1175]],[[1176]],[[1177]],[[1178]],[[1179]],[[1180]],[[1181]],[[1182]],[[1183]],[[1184]],[[1185]],[[1186]],[[1187]],[[1188]],[[1189]],[[1190]],[[1191]],[[1192]],[[1193]],[[1194]],[[1195]],[[1196]],[[1197]],[[1198]],[[1199]],[[1200]],[[1201]],[[1202]],[[1203]],[[1204]],[[1205]],[[1206]],[[1207]],[[1208]],[[1209]],[[1210]],[[1211]],[[1212]],[[1213]],[[1214]],[[1215]],[[1216]],[[1217]],[[1218]],[[1219]]],"id":172},{"properties":{"id":"PLW","name":"Palau"},"type":"MultiPolygon","arcs":[[[1220]],[[1221]]],"id":173},{"properties":{"id":"PNG","name":"Papua New Guinea"},"type":"MultiPolygon","arcs":[[[1222]],[[1223]],[[1224,1225]],[[1226]],[[1227]],[[1228]],[[1229]],[[1230]],[[1231]],[[1232]],[[1233]],[[1234]],[[1235]],[[1236]],[[1237]],[[1238]],[[1239]],[[1240]],[[1241]],[[1242]],[[1243]],[[1244]],[[1245]],[[1246]],[[1247]],[[1248]]],"id":174},{"properties":{"id":"POL","name":"Poland"},"type":"Polygon","arcs":[[-1637,-1525,1249,1250,1251,1252,1253,-1425,1254,1255]],"id":175},{"properties":{"id":"PRI","name":"Puerto Rico"},"type":"MultiPolygon","arcs":[[[1256]],[[1257]],[[1258]]],"id":176},{"properties":{"id":"PRK","name":"North Korea"},"type":"MultiPolygon","arcs":[[[1259,1260,1261,-1327,1262]],[[1263]]],"id":177},{"properties":{"id":"PRT","name":"Portugal"},"type":"MultiPolygon","arcs":[[[1264]],[[1265,1266]],[[1267]],[[1268]],[[1269]],[[1270]],[[1271]],[[1272]],[[1273]]],"id":178},{"properties":{"id":"PRY","name":"Paraguay"},"type":"Polygon","arcs":[[1274,1275,1276]],"id":179},{"properties":{"id":"PSX","name":"Palestine"},"type":"MultiPolygon","arcs":[[[1277,1278,1279]],[[1280,1281]]],"id":180},{"properties":{"id":"PYF","name":"Fr. Polynesia"},"type":"MultiPolygon","arcs":[[[1282]],[[1283]],[[1284]],[[1285]],[[1286]],[[1287]],[[1288]],[[1289]],[[1290]],[[1291]],[[1292]],[[1293]],[[1294]],[[1295]],[[1296]],[[1297]],[[1298]],[[1299]],[[1300]],[[1301]],[[1302]]],"id":181},{"properties":{"id":"QAT","name":"Qatar"},"type":"Polygon","arcs":[[-1442,1303]],"id":182},{"properties":{"id":"ROU","name":"Romania"},"type":"Polygon","arcs":[[-1632,1304,1305,-1515,1306,-1634,1307]],"id":183},{"properties":{"id":"RUS","name":"Russia"},"type":"MultiPolygon","arcs":[[[1308]],[[1309]],[[1310]],[[1311]],[[1312]],[[1313]],[[1314]],[[1315]],[[1316]],[[1317]],[[1318]],[[1319]],[[1320]],[[1321]],[[1322]],[[1323]],[[1324]],[[1325]],[[1326,1327,1328,1329,1330,1331,1332,1333,1334,-1639,1335,1336,1337,1338,1339,1340,1341]],[[1342]],[[1343]],[[1344]],[[1345]],[[1346]],[[1347]],[[1348]],[[1349]],[[1350]],[[1351]],[[1352]],[[1353]],[[1354]],[[1355]],[[1356]],[[1357]],[[1358]],[[1359]],[[1360]],[[1361]],[[1362]],[[1363]],[[1364]],[[1365]],[[1366]],[[1367]],[[1368]],[[1369]],[[1370]],[[1371]],[[1372]],[[1373]],[[1374]],[[1375]],[[1376]],[[1377]],[[1378]],[[1379]],[[1380]],[[1381]],[[1382]],[[1383]],[[1384]],[[1385]],[[1386]],[[1387]],[[1388]],[[1389]],[[1390]],[[1391]],[[1392]],[[1393]],[[1394]],[[1395]],[[1396]],[[1397]],[[1398]],[[1399]],[[1400]],[[1401]],[[1402]],[[1403]],[[1404]],[[1405]],[[1406]],[[1407]],[[1408]],[[1409]],[[1410]],[[1411]],[[1412]],[[1413]],[[1414]],[[1415]],[[1416]],[[1417]],[[1418]],[[1419]],[[1420]],[[1421]],[[1422,1423,1424,1425,1426]],[[-1630,1427]]],"id":184},{"properties":{"id":"RWA","name":"Rwanda"},"type":"Polygon","arcs":[[-1625,-1618,1428,1429]],"id":185},{"properties":{"id":"SAH","name":"W. Sahara"},"type":"Polygon","arcs":[[1430,1431,1432,1433]],"id":186},{"properties":{"id":"SAU","name":"Saudi Arabia"},"type":"MultiPolygon","arcs":[[[1434]],[[1435]],[[-1835,1436,1437,1438,1439,1440,1441,1442,1443,1444]],[[1445]]],"id":187},{"properties":{"id":"SDN","name":"Sudan"},"type":"Polygon","arcs":[[-1455,1446,-1551,1447,1448,1449,1450,1451]],"id":188},{"properties":{"id":"SDS","name":"S. Sudan"},"type":"Polygon","arcs":[[-1627,1452,1453,1454,1455,1456]],"id":189},{"properties":{"id":"SEN","name":"Senegal"},"type":"Polygon","arcs":[[1457,1458,1459,1460,1461,1462,1463]],"id":190},{"properties":{"id":"SGP","name":"Singapore"},"type":"Polygon","arcs":[[1464]],"id":191},{"properties":{"id":"SGS","name":"S. Geo. and the Is."},"type":"MultiPolygon","arcs":[[[1465]],[[1466]]],"id":192},{"properties":{"id":"SHN","name":"Saint Helena"},"type":"MultiPolygon","arcs":[[[1467]],[[1468]]],"id":193},{"properties":{"id":"SLB","name":"Solomon Is."},"type":"MultiPolygon","arcs":[[[1469]],[[1470]],[[1471]],[[1472]],[[1473]],[[1474]],[[1475]],[[1476]],[[1477]],[[1478]],[[1479]],[[1480]],[[1481]],[[1482]],[[1483]],[[1484]],[[1485]],[[1486]],[[1487]],[[1488]],[[1489]]],"id":194},{"properties":{"id":"SLE","name":"Sierra Leone"},"type":"MultiPolygon","arcs":[[[1490,1491,1492]],[[1493]]],"id":195},{"properties":{"id":"SLV","name":"El Salvador"},"type":"Polygon","arcs":[[1494,1495,1496]],"id":196},{"properties":{"id":"SMR","name":"San Marino"},"type":"Polygon","arcs":[[1497]],"id":197},{"properties":{"id":"SOL","name":"Somaliland"},"type":"Polygon","arcs":[[-1504,1498,1499,1500]],"id":198},{"properties":{"id":"SOM","name":"Somalia"},"type":"Polygon","arcs":[[1501,1502,1503,1504]],"id":199},{"properties":{"id":"SPM","name":"St. Pierre and Miquelon"},"type":"MultiPolygon","arcs":[[[1505]],[[1506]]],"id":200},{"properties":{"id":"SRB","name":"Serbia"},"type":"Polygon","arcs":[[1507,1508,1509,1510,1511,1512,1513,1514]],"id":201},{"properties":{"id":"STP","name":"S\u00e3o Tom\u00e9 and Principe"},"type":"MultiPolygon","arcs":[[[1515]],[[1516]]],"id":202},{"properties":{"id":"SUR","name":"Suriname"},"type":"Polygon","arcs":[[1517,1518,1519,1520]],"id":203},{"properties":{"id":"SVK","name":"Slovakia"},"type":"Polygon","arcs":[[-1636,1521,1522,1523,1524]],"id":204},{"properties":{"id":"SVN","name":"Slovenia"},"type":"Polygon","arcs":[[1525,1526,1527,1528,1529]],"id":205},{"properties":{"id":"SWE","name":"Sweden"},"type":"MultiPolygon","arcs":[[[1530]],[[1531]],[[1532,1533,1534]],[[1535]],[[1536]],[[1537]]],"id":206},{"properties":{"id":"SWZ","name":"eSwatini"},"type":"Polygon","arcs":[[1538,-1842]],"id":207},{"properties":{"id":"SXM","name":"Sint Maarten"},"type":"Polygon","arcs":[[-1541,-1540]],"id":208},{"properties":{"id":"SYC","name":"Seychelles"},"type":"Polygon","arcs":[[1541]],"id":209},{"properties":{"id":"SYR","name":"Syria"},"type":"Polygon","arcs":[[-1606,1542,1543,1544,1545,1546]],"id":210},{"properties":{"id":"TCA","name":"Turks and Caicos Is."},"type":"MultiPolygon","arcs":[[[1547]],[[1548]],[[1549]]],"id":211},{"properties":{"id":"TCD","name":"Chad"},"type":"Polygon","arcs":[[1550,1551,1552,1553,1554,1555]],"id":212},{"properties":{"id":"TGO","name":"Togo"},"type":"Polygon","arcs":[[1556,1557,1558,1559]],"id":213},{"properties":{"id":"THA","name":"Thailand"},"type":"MultiPolygon","arcs":[[[1560]],[[1561]],[[1562]],[[1563,1564,1565,1566,1567,1568]],[[1569]],[[1570]],[[1571]],[[1572]],[[1573]],[[1574]]],"id":214},{"properties":{"id":"TJK","name":"Tajikistan"},"type":"MultiPolygon","arcs":[[[-1779,1575,1576,1577]],[[-1783]],[[1578]]],"id":215},{"properties":{"id":"TKM","name":"Turkmenistan"},"type":"MultiPolygon","arcs":[[[1579]],[[-1781,1580,1581,1582,1583]]],"id":216},{"properties":{"id":"TLS","name":"Timor-Leste"},"type":"MultiPolygon","arcs":[[[1584]],[[1585,1586]],[[1587,1588]]],"id":217},{"properties":{"id":"TON","name":"Tonga"},"type":"MultiPolygon","arcs":[[[1589]],[[1590]],[[1591]]],"id":218},{"properties":{"id":"TTO","name":"Trinidad and Tobago"},"type":"MultiPolygon","arcs":[[[1592]],[[1593]]],"id":219},{"properties":{"id":"TUN","name":"Tunisia"},"type":"MultiPolygon","arcs":[[[1594,1595,1596]],[[1597]],[[1598]]],"id":220},{"properties":{"id":"TUR","name":"Turkey"},"type":"MultiPolygon","arcs":[[[1599]],[[1600,1601,1602,1603,1604,1605,1606]],[[1607,1608,1609]]],"id":221},{"properties":{"id":"TUV","name":"Tuvalu"},"type":"Polygon","arcs":[[1610]],"id":222},{"properties":{"id":"TWN","name":"Taiwan"},"type":"MultiPolygon","arcs":[[[1611]],[[1612]]],"id":223},{"properties":{"id":"TZA","name":"Tanzania"},"type":"MultiPolygon","arcs":[[[1613]],[[1614]],[[-1852,1615,1616,1617,-1624,1618,1619,1620,1621]],[[1622]]],"id":224},{"properties":{"id":"UGA","name":"Uganda"},"type":"Polygon","arcs":[[1623,1624,1625,1626,1627]],"id":225},{"properties":{"id":"UKR","name":"Ukraine"},"type":"MultiPolygon","arcs":[[[1628,1629,1630,1631,1632,1633,1634,1635,1636,1637,1638]],[[1639]]],"id":226},{"properties":{"id":"URY","name":"Uruguay"},"type":"Polygon","arcs":[[1640,1641,1642]],"id":227},{"properties":{"id":"USA","name":"United States of America"},"type":"MultiPolygon","arcs":[[[1643]],[[1644]],[[1645]],[[1646]],[[1647]],[[1648]],[[1649]],[[1650]],[[1651]],[[1652]],[[1653]],[[1654]],[[1655]],[[1656]],[[1657]],[[1658]],[[1659,1660,1661,1662]],[[1663]],[[1664]],[[1665]],[[1666]],[[1667]],[[1668]],[[1669]],[[1670]],[[1671]],[[1672]],[[1673]],[[1674]],[[1675]],[[1676]],[[1677]],[[1678]],[[1679]],[[1680]],[[1681]],[[1682]],[[1683]],[[1684]],[[1685]],[[1686]],[[1687]],[[1688]],[[1689]],[[1690]],[[1691]],[[1692]],[[1693]],[[1694]],[[1695]],[[1696]],[[1697]],[[1698]],[[1699]],[[1700]],[[1701]],[[1702]],[[1703]],[[1704]],[[1705]],[[1706]],[[1707]],[[1708]],[[1709]],[[1710]],[[1711]],[[1712]],[[1713]],[[1714]],[[1715]],[[1716]],[[1717]],[[1718]],[[1719]],[[1720]],[[1721,1722,1723,1724,1725]],[[1726]],[[1727]],[[1728]],[[1729]],[[1730]],[[1731]],[[1732]],[[1733]],[[1734]],[[1735]],[[1736]],[[1737]],[[1738]],[[1739]],[[1740]],[[1741]],[[1742]],[[1743]],[[1744]],[[1745]],[[1746]],[[1747]],[[1748]],[[1749]],[[1750]],[[1751]],[[1752]],[[1753]],[[1754]],[[1755]],[[1756]],[[1757]],[[1758]],[[1759]],[[1760]],[[1761]],[[1762]],[[1763]],[[1764]],[[1765]],[[1766]],[[1767]],[[1768]],[[1769]],[[1770]],[[1771]],[[1772]],[[1773]],[[1774]],[[1775]],[[1776]]],"id":228},{"properties":{"id":"UZB","name":"Uzbekistan"},"type":"MultiPolygon","arcs":[[[1777,1778,1779,1780,1781],[1782]],[[1783]],[[1784]]],"id":229},{"properties":{"id":"VAT","name":"Vatican"},"type":"Polygon","arcs":[[1785]],"id":230},{"properties":{"id":"VCT","name":"St. Vin. and Gren."},"type":"MultiPolygon","arcs":[[[1786]],[[1787]],[[1788]]],"id":231},{"properties":{"id":"VEN","name":"Venezuela"},"type":"MultiPolygon","arcs":[[[1789]],[[1790]],[[1791]],[[1792]],[[1793,1794,1795,1796]]],"id":232},{"properties":{"id":"VGB","name":"British Virgin Is."},"type":"MultiPolygon","arcs":[[[1797]],[[1798]],[[1799]]],"id":233},{"properties":{"id":"VIR","name":"U.S. Virgin Is."},"type":"MultiPolygon","arcs":[[[1800]],[[1801]],[[1802]]],"id":234},{"properties":{"id":"VNM","name":"Vietnam"},"type":"MultiPolygon","arcs":[[[1803]],[[1804,1805,1806,1807]],[[1808]],[[1809]],[[1810]],[[1811]],[[1812]],[[1813]]],"id":235},{"properties":{"id":"VUT","name":"Vanuatu"},"type":"MultiPolygon","arcs":[[[1814]],[[1815]],[[1816]],[[1817]],[[1818]],[[1819]],[[1820]],[[1821]],[[1822]],[[1823]],[[1824]],[[1825]],[[1826]],[[1827]]],"id":236},{"properties":{"id":"WLF","name":"Wallis and Futuna Is."},"type":"MultiPolygon","arcs":[[[1828]],[[1829]]],"id":237},{"properties":{"id":"WSB","name":"Akrotiri"},"type":"Polygon","arcs":[[1830]],"id":238},{"properties":{"id":"WSM","name":"Samoa"},"type":"MultiPolygon","arcs":[[[1831]],[[1832]]],"id":239},{"properties":{"id":"YEM","name":"Yemen"},"type":"MultiPolygon","arcs":[[[1833,1834,1835]],[[1836]],[[1837]],[[1838]],[[1839]]],"id":240},{"properties":{"id":"ZAF","name":"South Africa"},"type":"MultiPolygon","arcs":[[[-1855,1840,1841,1842,1843,1844,1845],[1846]],[[1847]]],"id":241},{"properties":{"id":"ZMB","name":"Zambia"},"type":"Polygon","arcs":[[-1857,1848,1849,1850,1851,1852,1853]],"id":242},{"properties":{"id":"ZWE","name":"Zimbabwe"},"type":"Polygon","arcs":[[1854,1855,1856,1857]],"id":243}],"type":"GeometryCollection"}},"bbox":[-180.0,-58.492285156250006,180.0,83.599609375],"transform":{"scale":[0.0036000360003600037,0.0014205921272766584],"translate":[-180.0,-58.492285156250006]},"arcs":[[[30583,49940],[-46,67],[8,47],[18,-33],[20,-81]],[[53392,37121],[-10,305],[-44,226]],[[53261,29032],[22,384],[-19,614],[73,224],[149,1462],[96,288],[24,178],[120,179],[51,165],[52,333],[13,622],[-139,655],[-93,669],[14,89],[2,-60],[84,225],[6,223],[-144,802],[-10,195],[-84,257],[-67,328],[219,182]],[[32499,54002],[-44,-36],[37,69],[7,-33]],[[55555,69128],[-41,235],[-102,117],[-45,139],[38,-2],[-34,182],[34,190],[-5,346],[38,255],[-66,58]],[[55552,83658],[75,-64],[-60,-56],[-3,-62],[-80,4],[-16,119],[45,-33],[-7,119],[46,-27]],[[55461,83542],[-23,-36],[-17,34],[31,44],[9,-42]],[[55725,83439],[-25,-20],[-34,20],[25,24],[34,-24]],[[65638,59231],[18,-58],[7,-415]],[[64324,58270],[10,37],[17,-62],[28,3],[21,-171],[77,-28],[147,129],[320,-60],[96,71],[70,76],[72,308],[357,759],[38,189]],[[64814,58251],[-39,23],[61,84],[9,-28],[-31,-79]],[[64615,58272],[-9,45],[13,17],[7,-31],[-11,-31]],[[64979,58194],[-35,-30],[-46,24],[55,63],[26,-57]],[[65129,58381],[-11,-13],[-26,33],[18,24],[19,-44]],[[33833,18316],[8,-343],[-22,-84],[-48,-23],[-34,-388],[43,-373],[-37,-73],[67,-272],[204,-236],[105,-242],[3,-101],[-54,-151],[-6,-127],[31,-171],[52,-108],[100,-65],[13,-243],[-16,-157],[-186,-554],[-42,-241],[-175,-246],[-458,-283],[-357,-109],[-204,22],[-136,114],[11,-312],[68,-92],[-35,-5],[28,-57],[-15,-256],[-43,-49],[-32,-212],[2,-185],[41,-152],[-41,-152],[-157,-154],[-184,-35],[-342,243],[13,41],[-18,14],[-73,-102],[-6,-158],[38,-325],[-11,-283],[20,-93],[125,-108],[-10,-113],[42,-13],[89,28],[11,90],[-47,34],[121,74],[46,-119],[3,-291],[-21,-77],[-95,-54],[-26,14],[-54,204],[-46,41],[-134,-107],[-15,-65],[196,-148],[-144,-155],[-115,-270],[-10,-556],[-100,-211],[-14,-95],[28,-56],[-11,-93],[-153,30],[-110,-153],[-99,-53],[-183,-559],[26,-275],[203,-396],[256,-106],[32,-133],[-10,-157],[-31,-94],[-94,-88],[81,0],[34,-80],[-162,-283],[-178,-201],[-120,-228],[-61,-207],[-27,-432],[-36,-89],[-96,-84],[-64,89],[-50,159],[2,-129],[-88,-48],[106,-4],[49,-105],[-144,-158],[-42,-141],[-18,-198],[-57,-115],[44,24],[38,-218],[2,-171],[-113,-27],[139,-65],[158,-443],[-13,-35]],[[30936,4111],[81,-174],[27,-128],[-53,18],[-25,-85],[9,-59],[91,-32],[42,-182],[199,-342],[294,-340],[136,-84],[157,-18],[-46,-140],[-35,-26],[-134,-3],[-155,-80],[-171,90],[-303,61],[-121,-25]],[[32069,2658],[31,-16],[173,10],[-43,-60],[-98,10],[-87,-75],[-33,54],[57,77]],[[32812,13600],[-12,-39],[-48,99],[35,-18],[25,-42]],[[2576,31072],[-26,27],[70,32],[-20,-11],[-24,-48]],[[84331,32428],[0,-7],[-6,1],[0,7],[6,-1]],[[69217,6605],[114,98],[14,-103],[-67,-46],[39,-52],[216,139],[45,-18],[20,-82],[-47,-164],[-61,64],[-113,-61],[63,-107],[50,51],[39,-52],[-51,-86],[-269,124],[-45,-125],[-49,4],[15,181],[-20,149],[24,47],[-32,70],[17,153],[48,132],[22,-13],[15,-128],[-24,-155],[37,-20]],[[69244,6641],[-17,-6],[-15,130],[56,-6],[8,-42],[-32,-76]],[[64398,8484],[-38,8],[-11,39],[23,33],[26,-80]],[[32856,53168],[-40,-17],[-7,60],[19,50],[37,-50],[-9,-43]],[[32848,53546],[-27,15],[-3,83],[29,-37],[1,-61]],[[89771,32760],[-19,-246],[81,-237],[51,-565],[-10,-210],[57,-428],[57,-81],[143,163],[48,-184],[178,-317],[-5,-375],[52,-408],[-9,-246],[92,-333],[43,-24],[-3,-111],[63,-397],[-26,-449],[83,-198],[-10,-202],[24,-96],[86,-148],[86,-48],[38,-96],[78,10],[90,-276],[218,-239],[64,-127],[35,-135],[-43,9],[-13,-79],[145,-383],[34,-247],[35,-73],[20,-313],[50,-293],[32,36],[43,-114],[-9,171],[11,87],[26,14],[44,-147],[85,-131],[8,124],[29,-24],[25,-112],[22,-620],[86,-230],[189,-238],[82,-334],[91,-144],[55,-282],[72,-161],[2,-181],[68,-195],[-23,-239],[22,-478],[-12,-149],[127,-736],[11,-304],[-3,-128],[-71,-307],[-21,-424],[-67,-472],[-24,-613],[-44,-247],[-63,-184],[-25,-277],[-93,-168],[8,-56],[-98,-101],[-105,-437],[-39,-41],[-4,-244],[-43,-55],[30,-17],[-75,-188],[-25,-143],[-19,-361],[-30,-20],[-1,-96],[-35,-26],[-103,-436],[-65,-712],[-8,-480],[-125,-171],[-339,-43],[-107,-73],[-283,-513],[-178,-45],[33,-118],[36,38],[5,-158],[-23,-56],[-67,196],[-62,-25],[-40,165],[-110,93],[40,100],[-18,105],[-51,4],[-28,-102],[-64,-83],[-68,113],[54,-2],[58,177],[-63,135],[-138,-167],[75,-51],[-313,-430],[-301,306],[-74,-9],[-129,90],[-36,-82],[-47,17],[-115,202],[-107,34],[-66,92],[-168,459],[-13,132],[33,279],[-35,205],[-73,254],[-138,302],[58,41],[31,-62],[-2,166],[-25,20],[-187,-208],[-93,21],[60,202],[30,212],[-5,183],[-112,418],[-110,-685],[-225,-68],[37,228],[104,2],[29,222],[0,307],[43,213],[79,197],[-23,266],[39,75],[-58,363],[2,-172],[-96,-261],[-57,-306],[-224,-282],[-150,-444],[21,-226],[-49,83],[-40,-54],[-116,254],[-30,-4],[26,69],[65,-66],[-64,437],[-92,235],[-47,261],[-116,63],[-56,293],[35,13],[2,128],[-158,240],[-126,17],[-126,160],[-151,-36],[-137,220],[-160,141],[-100,-76],[-182,17],[-328,-86],[-245,-258],[-207,-139],[-390,-23],[-322,-412],[-143,-93],[-104,-409],[-100,-225],[-84,-51],[-38,62],[-81,7],[-174,-71],[-25,82],[-182,34],[-431,-104],[-61,-89],[-51,-188],[-154,-79],[-211,-357],[-76,-48],[-78,-30],[-296,78],[-147,135],[-117,260],[-155,120],[-4,521],[52,-90],[49,2],[44,77],[46,238],[-18,370],[30,187],[-7,498],[-173,798],[-30,365],[-3,428],[-28,205],[-64,191],[-25,231],[-103,326],[-38,516],[-235,820],[39,-44],[9,115],[63,-336],[42,-26],[28,67],[5,118],[-73,164],[-54,273],[15,80],[73,-163],[3,-211],[12,-22],[24,103],[39,-216],[27,-51],[35,73],[-1,309],[-221,997],[20,398],[74,318],[11,354],[-31,195],[94,532],[28,38],[5,-461],[66,100],[92,364],[207,234],[154,324],[194,265],[120,9],[74,-56],[220,243],[154,80],[98,189],[133,-31],[236,139],[157,167],[94,200],[138,593],[142,257],[4,53],[-34,48],[-26,380],[52,260],[108,191],[70,247],[47,-300],[117,-463],[9,345],[66,-63],[12,142],[-107,301],[38,53],[-6,135],[34,22],[36,-134],[52,83],[71,-87],[131,-10],[-102,73],[3,117],[45,13],[20,172],[0,45],[-40,-117],[-34,151],[16,186],[34,-2],[36,157],[103,-119],[3,95],[-46,-2],[-19,105],[55,110],[88,-81],[8,73],[-39,50],[-18,162],[29,92],[82,71],[14,159],[21,-24],[-12,-168],[22,60],[22,-17],[20,-105],[36,87],[25,268],[-16,97],[36,-17],[21,-115],[40,103],[46,-101],[59,146],[-1,117],[35,31],[154,-202],[201,-480],[-31,-434],[24,72],[27,-51],[-22,180],[112,189],[134,-77],[43,-195],[15,204],[53,-44],[49,-145],[0,203],[59,16],[-68,128],[26,63],[-88,116],[22,126],[70,165],[35,287],[83,87],[34,103],[-34,110],[9,133],[42,52],[22,137],[61,29],[1,152],[32,3],[36,-92],[2,134],[42,17],[-2,91],[56,25],[20,78],[41,-147],[174,-3],[52,67],[44,-77],[28,113],[56,8],[-23,62],[12,272],[-55,110],[-95,-6],[-87,139],[39,86],[54,-92],[50,62],[96,-198],[78,69],[62,-210],[200,-89],[142,-156],[87,49],[83,-148],[53,-19],[195,278],[-22,-56],[13,-61],[-51,-153],[84,13],[21,-163],[49,-8],[19,90],[-16,123],[48,127],[27,-5],[19,-123],[80,-78],[14,-75],[-114,-305],[16,-155],[-37,-156],[-46,62],[-102,-117],[7,-444],[-19,-155],[-133,-426],[13,-116],[209,-338],[24,-117],[81,-96],[34,15],[-2,-105],[24,-42],[60,11],[195,-249],[151,-342],[212,-127],[66,-303],[219,-263],[132,55],[89,148],[37,281],[71,260],[53,406],[11,326],[49,386],[-29,413],[20,223],[-34,251],[48,379],[-9,223],[88,143],[-22,113],[-48,62],[3,98],[51,265],[25,-56],[57,780],[44,44],[36,124],[42,-29],[-15,-88],[63,-170],[26,-497],[85,-93]],[[92521,23048],[-20,16],[-8,125],[17,252],[52,132],[-23,134],[31,60],[26,-235],[-75,-484]],[[88751,29508],[-42,-87],[-58,-12],[41,174],[82,50],[30,-84],[-53,-41]],[[87975,31458],[49,12],[-40,-201],[12,-61],[45,-19],[-16,-76],[-155,57],[26,60],[-1,185],[64,133],[16,-90]],[[86238,32953],[41,-96],[-157,20],[8,75],[35,16],[-12,127],[39,99],[46,-241]],[[86282,33167],[112,29],[69,102],[75,-174],[-23,-106],[-141,-239],[-122,217],[-35,300],[65,-129]],[[81439,22834],[-61,192],[-5,177],[10,8],[56,-377]],[[88220,16017],[93,9],[54,-89],[-126,-32],[-22,-91],[-40,-33],[-66,65],[-126,-36],[-60,101],[27,99],[193,110],[70,-19],[3,-84]],[[90412,14175],[-42,-47],[-15,22],[4,50],[53,-25]],[[90364,14079],[12,-46],[-63,20],[24,49],[27,-23]],[[91400,26890],[-29,6],[12,91],[18,-87],[-1,-10]],[[91370,26990],[-13,4],[22,70],[-3,-63],[-6,-11]],[[91984,24639],[26,-28],[16,-134],[-16,-39],[-57,173],[7,49],[24,-21]],[[91809,25461],[-15,10],[7,69],[17,-68],[-9,-11]],[[91646,25552],[-16,30],[11,72],[5,-71],[0,-31]],[[92649,21861],[-24,-194],[-7,4],[2,212],[29,-22]],[[92622,21946],[-22,124],[19,77],[10,-6],[-7,-195]],[[89520,33639],[-23,-40],[-17,85],[19,34],[21,-79]],[[89538,34000],[-17,-44],[-23,39],[29,41],[11,-36]],[[89490,34027],[-19,22],[14,50],[12,-24],[-7,-48]],[[90632,28341],[18,-119],[-12,-59],[-56,164],[50,14]],[[87943,33165],[-20,-43],[71,301],[-11,-129],[-40,-129]],[[87871,33007],[-44,-52],[83,148],[-2,-30],[-37,-66]],[[88081,30068],[-12,-33],[-30,79],[18,83],[24,-129]],[[88017,30179],[-5,53],[8,30],[4,-61],[-7,-22]],[[87941,30173],[-21,1],[2,59],[25,-1],[-6,-59]],[[88738,29127],[-14,17],[23,70],[22,-73],[-31,-14]],[[87843,31444],[-32,5],[26,107],[16,-89],[-10,-23]],[[86831,33218],[-31,187],[27,48],[14,-141],[-10,-94]],[[84777,30911],[-18,-44],[-12,36],[19,95],[11,-87]],[[84610,30332],[-21,-13],[-1,108],[24,-63],[-2,-32]],[[82068,26541],[-17,-55],[-19,11],[32,128],[4,-84]],[[90289,12464],[66,11],[288,-277],[113,61],[34,-64],[3,77],[37,47],[129,-7],[46,111],[70,-20],[27,66],[68,-53],[22,-65],[13,-893],[-14,-28],[-30,134],[9,67],[-53,-204],[-31,-281],[19,-351],[-54,-44],[-39,140],[43,65],[-63,58],[-10,-106],[-24,-26],[-43,171],[13,-122],[-28,-177],[-20,-28],[-48,70],[22,-84],[-57,-237],[-90,73],[-140,-27],[-14,120],[59,42],[-93,17],[-107,258],[-61,269],[-19,220],[75,-184],[13,97],[-51,146],[-27,-35],[1,125],[-131,443],[-33,288],[20,217],[90,-80]],[[89979,12935],[-25,150],[12,143],[33,85],[25,-41],[14,-222],[-59,-115]],[[91110,13188],[83,-161],[-13,-80],[20,-31],[-31,-63],[-38,-5],[-55,236],[-30,24],[46,102],[18,-22]],[[90931,10627],[-13,-74],[-56,49],[49,108],[20,-83]],[[91139,11110],[-21,-3],[12,85],[27,-41],[-18,-41]],[[90953,10736],[-38,56],[15,57],[13,-26],[10,-87]],[[90217,12661],[-10,-59],[-11,74],[21,35],[0,-50]],[[91201,12801],[41,-88],[-20,-38],[-109,74],[88,52]],[[91176,12655],[-14,-55],[-19,50],[21,13],[12,-8]],[[94132,2663],[-9,-28],[31,195],[-3,-72],[-19,-95]],[[62435,69124],[73,43],[39,-137],[79,-54],[91,36],[-5,-117],[59,-95],[38,-259]],[[62913,68562],[-25,202],[52,22],[-61,126],[32,107],[-78,28],[-173,269],[85,34],[22,147],[-141,210],[-21,99],[58,122],[-47,98],[-97,63],[33,51],[-52,101]],[[63492,70630],[133,-331],[48,-245],[64,-159],[89,-152],[113,-56],[51,-158],[-124,26],[-102,-86],[-63,-412],[10,-183],[-67,-244],[-30,92],[-44,-208],[4,-284]],[[62653,69766],[-5,34],[-16,-12],[0,-29],[21,7]],[[62506,70055],[-15,0],[-2,37],[16,-1],[1,-36]],[[50701,77144],[229,197]],[[50751,45658],[-301,-107]],[[50663,49549],[-28,-144],[-85,-192],[-154,20],[-31,-107],[-47,-31],[-17,-123],[-51,-59]],[[75645,55810],[-75,270],[-13,360],[-51,382],[11,86],[-19,-37],[-88,413],[-73,-171],[-75,-31],[-87,350],[-8,349],[-13,-119],[-80,24],[89,-133],[2,-93],[-36,-57],[24,-105],[-26,-16],[-7,-91],[50,-275],[-107,-374],[-44,40],[38,190],[-70,-94],[-11,65],[-6,136],[25,111],[-29,-56],[-19,-284],[-68,-152],[-23,357],[5,-254],[-41,-136],[-33,1],[-39,106],[-12,155]],[[75319,56785],[-30,-49],[10,291],[28,-166],[-8,-76]],[[75432,56930],[-25,-2],[-16,68],[13,99],[28,-165]],[[75215,56724],[-73,-17],[46,185],[-49,357],[26,20],[75,-266],[-25,-279]],[[75520,56543],[-10,-57],[3,124],[9,-30],[-2,-37]],[[75541,56315],[-25,18],[-1,124],[21,9],[5,-151]],[[75178,57339],[4,-30],[-34,67],[12,14],[18,-51]],[[57940,71966],[-7,-170],[-27,-79],[-92,5],[-57,-148],[-11,-307],[-112,-198],[62,-83],[85,-268]],[[64057,59394],[-9,-53],[-30,111],[1,186],[32,8],[6,-252]],[[28428,58245],[-27,-61],[20,-32],[19,69],[15,-56],[12,-188],[-16,-92],[-54,10],[-23,202],[-41,127],[95,21]],[[28548,59409],[-49,85],[43,93],[3,284],[-76,201],[-120,40],[114,0],[129,-262],[8,-139],[-36,-65],[-16,-237]],[[29714,56092],[-38,-150],[-143,-2],[0,89],[44,62],[80,-26],[49,112],[8,-85]],[[28404,58567],[0,-172],[-83,-124],[-28,145],[-32,-7],[-49,102],[32,-27],[22,45],[-16,71],[32,114],[6,201],[52,-83],[64,-265]],[[28196,59990],[153,10],[6,-37],[-229,-134],[-67,133],[52,-76],[46,54],[10,98],[29,-48]],[[28514,58783],[-31,-15],[-28,26],[81,10],[-22,-21]],[[29428,57171],[-11,-41],[-49,32],[-9,90],[69,-81]],[[29325,58117],[-22,-76],[-12,6],[7,96],[27,-26]],[[29387,56812],[-20,-21],[95,207],[-11,144],[35,34],[4,-136],[-103,-228]],[[28708,59116],[85,-110],[60,-134],[-11,-346],[-42,118],[29,4],[15,209],[-58,136],[-114,80],[19,97],[17,-54]],[[28982,57682],[-104,107],[8,49],[71,-128],[25,-28]],[[29211,57291],[-37,122],[-70,69],[26,72],[-51,282],[70,-365],[60,-106],[2,-74]],[[29081,58210],[2,-36],[-56,-7],[26,89],[-88,298],[116,-344]],[[29711,56963],[58,-30],[23,-41],[-115,37],[10,53],[24,-19]],[[29745,56314],[-37,-34],[-3,40],[18,33],[22,-39]],[[54907,71371],[-23,29]],[[32546,53758],[-7,6],[-4,27],[20,-10],[-9,-23]],[[25473,54178],[-15,-80],[61,-6],[13,-87],[-52,-434],[19,-66],[-24,-143],[-7,-479],[-157,-433],[-4,-89]],[[25569,53793],[-13,-13],[38,174],[3,-10],[-28,-151]],[[25596,53439],[-21,-98],[29,185],[-8,-87]],[[32019,63907],[-25,-24],[-12,10],[54,76],[-17,-62]],[[32597,25523],[-51,166],[-302,-21],[-112,-563],[-78,422],[-108,84],[-216,7],[-125,209],[-40,-219],[-96,-72],[-25,-136],[-65,-101],[-45,-189]],[[35652,44034],[29,176],[24,2],[67,-155],[40,-297],[6,-276],[104,-754],[-10,-53],[30,-22],[41,-193],[140,-119],[16,-350],[-110,-230],[-128,-432],[-147,-216],[-33,-217],[-83,-260],[-5,-180],[-56,-114],[-16,-132],[-69,4],[-121,-133],[98,-6],[32,-57],[69,38],[292,457],[16,-71],[-22,-54],[63,-455],[80,-179],[112,130],[78,-67],[112,137],[-89,-652],[49,107],[69,415],[61,61],[78,241],[69,-89],[31,93],[-33,62],[5,175],[93,287],[43,-23],[43,75],[33,-43],[36,38],[39,-67],[-12,59],[17,39],[164,-108],[53,-134],[111,-43],[1,-48],[47,-3],[112,-172],[51,-6],[36,-254],[70,177],[99,-188],[-16,-46],[35,37],[32,-216],[-61,-151],[26,-76],[63,146],[15,-140],[-38,-28],[-19,-118],[-37,-445],[79,184],[58,332],[34,-15],[-24,-223],[72,160],[133,57],[21,89],[123,-63],[191,-230],[103,32],[110,-120],[280,85],[141,-46],[264,-372],[91,-186],[59,-45],[118,-351],[118,-264],[90,-85],[35,-140],[163,-131],[169,31],[120,-53],[43,-86],[44,-222],[112,-1026],[-1,-666],[-89,-676],[-51,-211],[-118,-333],[-35,11],[1,-113],[-142,-448],[-103,-132],[-90,-269],[-25,-10],[0,-84],[-48,-152],[9,133],[-10,-26],[-91,-597],[-92,-346],[-107,-263],[-27,6],[-7,137],[-46,97],[-45,-117],[25,-82],[-91,-479],[28,-19],[-16,-302],[11,-41],[18,50],[-32,-440],[49,-851],[-89,-925],[13,-370],[-92,-201],[-45,-185],[-25,-272],[11,-449],[-23,-207],[-61,-120],[-109,-583],[-110,-237],[-46,-234],[-25,-188],[13,-347],[-196,-219],[-77,-191],[11,-146],[-28,-112],[-254,-14],[-34,46],[-2,126],[-19,-1],[-24,-50],[5,-138],[-187,-77],[-21,31],[82,33],[-52,70],[-215,-102],[-10,-106],[29,-48],[-106,-75],[-104,-154],[-38,-143],[-141,5],[-249,-310],[-75,-181],[-237,-382],[23,-22],[-6,-71],[-76,-174],[5,75],[-61,26],[-20,-120],[-71,52],[11,-86],[81,-75],[-40,-154],[-34,-20],[25,-64],[-12,-172],[-36,-63],[27,-97],[-7,-209],[34,-347],[-24,-255],[6,-364],[-50,-352],[-131,-208],[-132,-346],[-80,-308],[-73,-440],[-173,-586],[-311,-604],[-6,202],[47,-28],[59,67],[113,209],[28,97],[3,155],[51,18],[10,134],[70,140],[-7,196],[37,-9],[5,130],[-128,-81],[-4,76],[-39,35],[-33,124],[5,-147],[34,-85],[-25,-72],[-10,-200],[-21,54],[-41,-302],[-129,-197],[-62,-354],[19,-199],[-60,-191],[-86,-491],[-200,-426]],[[33997,19925],[233,541],[245,738],[56,-8],[-11,125],[174,237],[75,223],[140,89],[47,119],[89,94],[33,168],[14,418],[-62,437],[-73,103],[-81,-72],[-47,34]],[[33844,26980],[83,131],[-75,165],[92,467],[23,26],[-18,92],[80,492],[-94,494],[-44,0],[-112,196],[-23,375],[35,148],[2,145],[-509,11],[-18,556],[-95,268],[86,7],[-7,331],[-49,305],[20,117],[-29,162],[-158,211],[-198,-25],[-91,257],[-180,115],[-70,135],[-14,96],[-78,-8],[-95,142],[-69,-36],[-134,63],[-26,133],[-133,194],[-27,165],[-26,-6],[-57,354],[18,156],[-34,364],[41,254],[-27,305],[-67,-68],[-80,17],[-180,-80],[-234,-345],[-85,-207],[-97,-14],[-67,-191],[-86,-95],[-29,-9],[-34,78],[-203,42]],[[36214,41013],[142,47],[201,-95],[-29,-258],[-19,-14],[-1,-147],[-75,-235],[2,-115],[-57,-87],[-37,72],[-17,-132],[-76,62],[-23,-141],[-60,-55],[-73,61],[-122,-60],[-70,386],[8,80],[42,16],[-57,66],[-3,73],[41,446],[111,110],[172,-80]],[[37741,24884],[-53,-49],[-11,28],[33,69],[31,-48]],[[36504,22589],[-23,79],[35,84],[12,-34],[-24,-129]],[[37427,24358],[0,-36],[-53,32],[42,118],[11,-114]],[[37639,39105],[-28,-69],[8,178],[25,47],[-5,-156]],[[39237,31955],[-12,30],[33,123],[19,-79],[-40,-74]],[[39193,31691],[-20,-36],[-13,55],[32,32],[1,-51]],[[37532,40247],[-23,-51],[-15,13],[12,74],[26,-36]],[[36183,41363],[12,-36],[-61,-169],[-118,47],[19,133],[148,25]],[[36028,42539],[-44,-20],[-10,154],[42,9],[12,-143]],[[35929,41082],[-76,-138],[-31,72],[12,85],[43,38],[48,-5],[4,-52]],[[36265,41096],[-73,-22],[-34,35],[91,125],[36,-59],[-20,-79]],[[35992,41273],[-5,-104],[-50,44],[4,106],[44,86],[22,186],[11,-234],[-26,-84]],[[36068,41451],[-30,-24],[-5,111],[61,86],[6,-81],[-32,-92]],[[35602,40166],[-30,-14],[72,258],[1,163],[36,145],[81,76],[26,-88],[-32,-250],[-154,-290]],[[36531,21628],[-19,-32],[4,168],[35,123],[-20,-259]],[[33474,50383],[-33,14],[-10,142],[61,-106],[-18,-50]],[[81951,44624],[32,0]],[[81684,44408],[100,48],[158,254],[15,-4],[-6,-82]],[[13151,79277],[26,-42],[72,21],[38,-101],[-2,-76],[-100,-137],[96,23],[15,246],[130,75],[-62,-300],[-19,-286],[-108,-84],[-111,86],[15,40],[74,-22],[-117,120],[-57,191],[-13,160],[14,108],[109,-22]],[[13402,78621],[28,-65],[5,-128],[-94,-29],[144,-126],[-38,-87],[45,-110],[47,-4],[-17,-79],[49,-9],[8,-50],[-30,-47],[-262,444],[-26,87],[32,65],[-112,97],[221,41]],[[14667,76822],[477,-228],[181,-554],[232,-215],[48,-99],[90,-353],[23,82],[36,-171],[-80,-94],[-401,274],[-33,78],[79,145],[11,130],[-32,-140],[-171,-43],[-80,98],[52,66],[-53,64],[-33,-20],[5,108],[-171,12],[2,121],[114,57],[-109,33],[-44,111],[-61,48],[-59,-46],[-37,182],[-28,-61],[-33,79],[-110,-25],[7,116],[-34,37],[15,70],[74,24],[43,-52],[-12,93],[18,32],[-80,17],[6,-50],[-91,-26],[-81,139],[30,93],[90,22],[200,-154]],[[10833,90204],[505,-95],[293,-256],[241,-132],[316,-58],[240,-140],[-49,112],[-128,60],[-8,46],[97,24],[-93,60],[61,140],[111,-2],[42,113],[190,6],[-11,67],[24,77],[147,-122],[-82,-180],[281,128],[90,152],[121,6],[-46,28],[23,28],[90,-24],[200,150],[85,-7],[131,155],[200,-26],[75,72],[38,-62],[-31,-75],[-328,-244],[-308,-82],[-109,-160],[-99,-34],[-203,-292],[62,-75],[16,5],[-55,63],[211,9],[10,30],[-55,23],[5,110],[223,149],[36,99],[124,3],[5,-52],[72,63],[26,-171],[126,254],[111,106],[339,173],[-11,-64],[-61,-53],[28,-69],[56,35],[130,147],[30,104],[165,107],[-80,23],[-20,25],[15,25],[-50,39],[12,74],[38,35],[212,-195],[171,-399],[245,-246],[95,-22],[60,56],[-48,165],[40,117],[34,-8],[86,121],[-62,26],[121,88],[31,-29],[10,-242],[79,-54],[-92,-166],[8,-53],[249,7],[88,107],[52,189],[357,-8],[216,-97],[229,-197],[353,-87],[456,-242],[324,-53],[-51,96],[223,-23],[228,-138],[182,-245],[-37,-93],[-185,3],[-101,-98],[-11,-79],[-74,-82],[83,-59],[731,-96],[420,76],[255,143],[123,-184],[164,-29],[52,-189],[66,124],[174,-241],[22,-66],[-23,-47],[-140,-2],[343,-488],[-125,240],[-10,156],[34,29],[130,-85],[-53,121],[18,34],[-79,120],[-23,168],[-84,132],[-2,84],[55,62],[-10,92],[381,115],[6,83],[131,87],[51,105],[-51,32],[-146,-85],[-42,-112],[-280,-18],[-34,-32],[17,-59],[-15,-20],[-164,-14],[-110,101],[113,220],[597,219],[133,-65],[40,-78],[45,-214],[201,-130],[-2,-57],[49,-60],[162,-16],[119,53],[176,-185],[144,-82],[213,-30],[305,103],[396,-85],[172,62],[-81,111],[-4,54],[24,22],[195,-255],[132,-66],[72,56],[15,70],[-113,116],[-179,-27],[-85,137],[33,11],[-75,162],[120,-32],[118,49],[-40,87],[30,16],[137,-38],[100,-158],[151,39],[-80,-191],[208,148],[-63,-374],[-47,-146],[63,-168],[117,32],[-16,-93],[69,17],[31,-38],[0,-100],[-98,-33],[-181,49],[149,-207],[27,-88],[12,52],[-81,174],[177,8],[39,221],[-57,244],[-52,90],[53,200],[199,34],[227,284],[133,102],[-54,10],[-11,180],[-47,80],[-59,-152],[-115,-31],[-34,44],[10,76],[133,149],[-47,20],[0,114],[176,73],[-55,-116],[20,-19],[88,105],[-30,5],[2,70],[-206,-18],[-100,137],[-53,-51],[-317,158],[-163,287],[2,82],[68,130],[117,26],[-31,48],[29,55],[-104,-37],[-80,117],[21,184],[-15,40],[29,35],[-7,45],[107,122],[138,-54],[44,109],[-129,57],[186,233],[87,42],[92,11],[69,-151],[156,-15],[-4,-74],[140,-125],[86,-140],[18,-135],[-22,-163],[168,-144],[86,-172],[0,-60],[80,16],[54,-104],[-82,-33],[-128,73],[-53,-93],[149,-46],[-253,-260],[160,3],[111,-100],[197,80],[14,-5],[-80,-79],[284,-48],[-74,-21],[-58,-113],[-96,13],[137,-126],[74,-158],[-27,-287],[91,-146],[97,157],[64,370],[108,169],[62,8],[282,-320],[59,-257],[0,-104],[-45,-41],[-68,68],[-31,-36],[9,-237],[33,-130],[193,-289],[39,-125],[222,214],[45,224],[124,192],[62,262],[11,159],[55,73],[173,0],[-66,50],[68,161],[-146,112],[-8,222],[-24,73],[16,89],[-25,40],[338,6],[181,-101],[291,-6],[68,-35],[-34,-77],[-72,-27],[124,-59],[23,-114],[137,7],[114,-84],[-176,-180],[160,-23],[33,-49],[-5,-88],[-176,-140],[-82,34],[-96,-42],[92,-212],[58,34],[-24,-123],[11,-64],[213,-303],[-48,-301],[-127,-67],[-93,-166],[-319,-259],[-51,12],[-113,240],[-91,37],[-10,29],[25,12],[-74,94],[-86,39],[-74,-86],[104,19],[143,-177],[111,-276],[8,-36],[-20,-18],[-127,55],[-42,-79],[-42,20],[-130,83],[-141,171],[-307,-32],[-11,-74],[18,-40],[190,-122],[11,-48],[-370,-538],[-188,-4],[-215,232],[-280,181],[-54,-2],[15,-45],[-427,55],[108,-83],[-7,50],[23,13],[294,-98],[264,-304],[540,-105],[0,-95],[-269,-577],[-182,-165],[-87,1],[-65,73],[19,-103],[-135,44],[-54,106],[-64,-28],[52,-130],[-87,16],[43,-123],[-39,-81],[-183,-76],[-309,124],[-16,46],[-99,-25],[-377,253],[28,-75],[-19,-70],[29,-53],[80,-17],[-30,75],[340,-180],[-86,-97],[173,101],[242,-180],[62,-64],[16,-169],[-24,-98],[-159,-109],[-281,1],[15,-76],[103,-84],[-171,-32],[-60,-139],[67,-127],[-189,138],[84,-106],[-45,-46],[14,-40],[-16,-22],[-77,-22],[21,-48],[-16,-20],[-69,6],[75,-123],[-167,-201],[7,-97],[-55,-28],[5,-116],[-123,-376],[-70,-75],[32,-57],[-39,-326],[0,-483],[-23,-126],[-24,-14],[186,-248],[-13,-295],[58,309],[263,-7],[207,-989],[-50,-198],[-52,-84],[469,226],[144,-12],[223,-171],[268,-119],[208,-244],[165,-314],[502,-295],[127,-178],[-41,-190],[85,146],[319,20],[257,-58],[165,-116],[48,-179],[-57,-400],[79,-300],[-5,-390],[-37,-164],[192,-421],[-3,-77],[-60,-70],[100,-14],[225,-314],[59,-260],[-113,-185],[104,128],[104,-17],[74,-77],[136,-290],[-102,250],[7,162],[53,157],[56,37],[81,-139],[28,-158],[13,129],[35,80],[-70,195],[149,342],[-31,163],[-52,115],[7,141],[-49,132],[-57,431],[17,114],[27,15],[-37,65],[19,65],[-65,52],[27,50],[-59,66],[-99,288],[344,238],[194,198],[282,496],[60,255],[-8,580],[-88,406],[-74,183],[-377,467],[23,155],[187,336],[-28,68],[37,140],[105,-68],[-38,74],[43,79],[-12,91],[23,68],[-82,47],[37,40],[-63,198],[49,81],[-80,69],[52,130],[-160,-4],[125,272],[-2,163],[62,84],[-141,194],[-31,317],[65,101],[146,103],[472,-227],[-32,-50],[125,94],[196,-139],[-3,68],[261,184],[229,-245],[54,0],[15,-69],[-39,-131],[74,58],[78,-65],[52,-106],[-49,-65],[97,71],[63,-50],[-60,-125],[58,-19],[-27,-53],[89,-126],[318,-63],[79,-150],[79,41],[24,95],[42,-27],[19,-116],[-66,-110],[-31,-142],[3,-110],[30,-78],[-11,-102],[-273,-35],[256,-76],[43,-171],[-31,-132],[3,-103],[93,-27],[-52,-305],[-32,-34],[-38,95],[-23,-71],[-80,-67],[102,-50],[144,137],[159,15],[88,-114],[42,-182],[-35,-226],[-190,-184],[174,105],[66,247],[43,58],[37,-133],[-49,-110],[86,187],[21,-291],[30,156],[236,196],[100,211],[75,-93],[25,-161],[22,99],[-34,175],[53,19],[-19,48],[61,39],[-5,37],[94,26],[-72,48],[-16,60],[25,0],[27,96],[28,-25],[-18,110],[122,-58],[-103,106],[-22,77],[15,90],[112,-4],[-40,97],[99,297],[88,-44],[22,-68],[-97,-112],[135,37],[28,-65],[-12,-163],[47,58],[85,-219],[-54,-93],[46,-21],[1,-51],[66,39],[34,-97],[-64,-82],[-90,-17],[201,10],[-17,-30],[26,-69],[-19,-43],[65,8],[49,-145],[-185,-241],[91,97],[22,-40],[146,60],[-57,-208],[-125,-131],[215,98],[51,-128],[96,-42],[16,-36],[-26,-64],[7,-111],[-146,-87],[159,-48],[20,-35],[-35,-86],[97,-46],[82,-121],[-11,-233],[-192,12],[-89,63],[24,32],[-56,-22],[211,-194],[-75,-51],[19,-21],[143,-45],[-78,-50],[-2,-41],[97,-11],[18,-118],[-42,-37],[73,-28],[27,-63],[97,53],[50,-151],[24,55],[37,-14],[-18,-95],[60,-119],[-118,-296],[112,124],[126,52],[19,-80],[70,-15],[-111,-254],[161,271],[48,-11],[85,-243],[106,-45],[121,71],[38,-110],[117,-90],[-82,-144],[-125,-25],[-79,-87],[-55,-125],[-80,-12],[-160,-140],[-91,0],[-65,-71],[-24,-96],[-70,40],[82,-117],[-53,-67],[11,-34],[-22,-55],[466,501],[201,89],[-120,36],[47,51],[216,-46],[78,-261],[-108,-127],[53,-100],[137,191],[104,18],[31,-99],[68,-26],[40,-82],[46,-183],[-26,-149],[25,-251],[-145,-69],[161,-50],[8,-58],[-17,-19],[-65,21],[89,-108],[-1,-73],[-356,-478],[-135,8],[-174,-112],[-117,-11],[-182,-363],[-254,-370],[-202,-3],[-255,-103],[-54,91],[-221,48],[-146,-41],[-563,54],[-341,-76],[-124,-154],[-120,-454],[-253,-106],[18,-34],[-197,-225],[-207,-444],[-374,181],[346,-252],[-61,-252],[-126,-222],[-72,-200],[-156,-242],[-170,-77],[-306,-336],[-137,-331],[-66,-19],[-90,-148],[-77,21],[87,-69],[7,-62],[-204,-241]],[[15892,75662],[-48,58],[-32,-67],[-1,106],[-32,12],[-10,79],[79,23],[19,75],[-38,-54],[-73,15],[25,237],[-38,-72],[-3,-84],[-54,-43],[-139,144],[10,94],[49,-105],[65,67],[-50,-16],[-31,55],[-8,172],[33,75],[-26,60],[-19,7],[23,-78],[-33,-139],[-44,-58],[-75,-10],[-103,170],[-76,280],[54,154],[1,166],[-56,-253],[-116,-11],[-17,107],[-29,-129],[-125,22],[-98,63],[150,83],[-169,-18],[39,111],[-41,20],[1,136],[-32,-101],[-118,-34],[-181,201],[6,135],[74,187],[203,67],[-180,2],[-85,-161],[-57,137],[-4,104],[38,122],[-36,-2],[17,141],[99,116],[55,27],[147,-235],[-138,308],[72,178],[-19,64],[-13,-133],[-126,-207],[-76,-49],[-86,-353],[-71,261],[89,112],[-4,95],[31,65],[-92,-128],[61,385],[-87,-59],[-24,35],[-20,186],[-155,160],[-25,117],[42,111],[46,9],[-14,-102],[101,-98],[113,-2],[57,-101],[-77,147],[-85,-4],[-45,54],[-25,136],[64,78],[-47,43],[-71,-55],[-69,-140],[-14,-158],[-85,-117],[-97,211],[-117,122],[69,177],[12,111],[116,68],[-128,-34],[-96,168],[22,165],[220,568],[-39,-17],[-26,85],[-12,-169],[-59,-184],[-12,35],[30,177],[-31,237],[20,136]],[[19495,96539],[97,-59],[35,-78],[-3,-61],[-296,-52],[-209,64],[-96,-78],[-171,64],[-289,-58],[-33,36],[121,93],[549,189],[131,15],[164,-75]],[[19317,96154],[233,-33],[-42,-70],[-304,-87],[198,-50],[10,-97],[-23,-70],[-487,-127],[-337,131],[-12,35],[24,37],[-45,127],[27,70],[245,66],[513,68]],[[17902,95633],[23,-38],[-239,-121],[144,-139],[-123,-27],[86,-134],[-77,-70],[-216,-56],[-13,-112],[-52,-64],[-72,-6],[-139,93],[8,119],[51,148],[-28,14],[-116,-48],[-47,-133],[-90,-24],[47,-104],[-103,-155],[-48,-13],[-115,140],[-19,-32],[3,-87],[-28,-27],[53,-47],[3,-49],[-104,-87],[-138,-23],[-112,249],[-58,-112],[-54,-26],[-193,36],[-136,-64],[-67,46],[26,50],[-13,58],[-86,-20],[133,180],[240,45],[686,599],[302,54],[322,-30],[39,29],[-93,60],[147,58],[266,-130]],[[19919,94714],[158,-44],[-83,-134],[224,61],[46,-32],[38,-117],[6,73],[55,19],[-47,84],[51,66],[215,-10],[83,-56],[34,-160],[-105,-359],[-64,-72],[-268,-114],[-212,51],[-182,-37],[-99,83],[-187,-129],[-245,-48],[-154,-124],[-439,-156],[-276,9],[-240,169],[428,216],[324,31],[177,145],[-328,-66],[-106,56],[-99,-73],[-211,-28],[-37,31],[-2,103],[107,111],[-114,-29],[-38,42],[-43,-138],[-96,26],[44,-74],[-26,-58],[-158,-79],[-109,98],[-88,-104],[-208,144],[-147,-11],[-165,81],[95,132],[328,24],[260,130],[-357,-65],[-205,42],[101,89],[503,88],[-374,-11],[-91,54],[32,42],[-12,55],[106,70],[398,-16],[-293,87],[70,100],[162,42],[223,-33],[38,-106],[65,-66],[181,36],[132,-39],[231,-185],[-53,-74],[141,-9],[76,-147],[62,-45],[546,-30],[39,25],[8,94],[-265,179],[116,65],[6,61],[-214,127],[-30,76],[270,256],[141,43],[101,-59],[-45,-106],[29,-99],[92,-82],[20,-68],[-79,-104],[32,-20]],[[18188,92275],[262,42],[36,148],[104,93],[285,-75],[217,-123],[-24,-100],[-150,-152],[61,-39],[101,109],[12,-64],[36,1],[99,118],[160,90],[2,69],[-99,72],[-37,58],[8,45],[181,-17],[348,-305],[158,-582],[104,-68],[141,189],[-109,179],[-150,704],[84,47],[-40,45],[14,48],[254,-110],[79,52],[282,-180],[111,-157],[50,-262],[99,-306],[137,-284],[8,-137],[-58,-176],[14,-48],[258,-305],[141,-86],[21,23],[-13,80],[294,-260],[87,-5],[32,-101],[131,1],[33,-75],[18,-153],[-38,-101],[-81,29],[-41,99],[-46,-107],[-163,101],[-100,-87],[17,-69],[-24,-49],[-226,82],[107,-138],[-20,-188],[187,192],[82,8],[48,-44],[-18,-118],[71,-54],[-19,-111],[-288,-141],[-614,68],[-18,25],[42,89],[-312,56],[-55,44],[-22,134],[-67,18],[-217,-308],[-257,-48],[-307,-182],[-986,-138],[-58,38],[-90,165],[-39,301],[-534,61],[-249,100],[-164,267],[-25,176],[178,85],[545,97],[543,-61],[279,58],[-134,98],[-456,171],[-621,-73],[-443,30],[-220,238],[157,134],[534,158],[-43,29],[18,32],[188,17],[-79,37],[-652,-108],[-81,53],[135,135],[-234,-7],[-79,26],[-35,82],[14,128],[203,196],[-75,116],[30,74],[229,210],[271,157],[538,224],[120,-53],[43,-160],[-7,-115],[-124,-221]],[[16740,93344],[147,60],[25,-128],[159,161],[286,-9],[522,-398],[67,-115],[-36,-60],[-955,-516],[-153,-268],[-185,-64],[-74,-409],[-49,-88],[-236,-82],[-77,39],[-303,-245],[-132,51],[-193,358],[-358,208],[-152,4],[23,111],[49,32],[-12,51],[178,234],[5,180],[108,58],[-2,56],[-64,38],[4,47],[280,452],[-110,94],[-140,314],[887,139],[539,-220],[-48,-85]],[[30697,99613],[852,-63],[-115,-77],[-454,-116],[298,10],[464,123],[119,-30],[110,71],[111,-86],[279,10],[-40,-56],[155,-104],[-45,-81],[214,49],[217,-22],[136,-104],[-270,-209],[-627,-212],[-608,-89],[-81,-92],[-492,-135],[40,-32],[780,173],[265,-1],[-195,-146],[-874,-427],[-256,-209],[-165,11],[-158,99],[139,-184],[-14,-31],[-498,-78],[416,-36],[-221,-113],[68,-44],[-77,-61],[-230,-53],[-605,132],[-74,-27],[330,-56],[75,-112],[-74,-72],[-565,-57],[-388,70],[360,-192],[311,-8],[-14,-124],[-194,-12],[-189,58],[-742,-30],[195,-94],[452,46],[506,-199],[-32,-73],[-92,-53],[-427,-24],[340,-129],[-216,-236],[-567,-33],[-20,-70],[2,-230],[-116,-106],[-578,-38],[-301,148],[106,-113],[-217,-48],[84,-65],[177,46],[250,-86],[200,34],[44,-26],[6,-125],[27,-32],[119,-36],[140,66],[80,-89],[5,-68],[-84,-129],[-341,-184],[-358,-96],[-54,29],[45,108],[-39,71],[-207,18],[-225,161],[74,-105],[8,-76],[-459,-9],[-94,156],[-14,-224],[-297,-31],[-214,86],[-94,105],[-63,-146],[-187,50],[-38,97],[-2,-140],[-250,13],[-27,259],[-33,-86],[19,-162],[-285,50],[20,236],[262,172],[484,80],[-241,177],[-115,199],[22,46],[217,75],[133,-20],[162,-82],[162,-201],[306,-66],[244,53],[196,204],[86,183],[-329,-324],[-197,21],[-104,-44],[-119,42],[0,144],[-71,115],[258,189],[110,-14],[-191,45],[35,202],[-67,-151],[-156,-143],[-176,-20],[83,185],[-276,-153],[-177,35],[17,170],[189,251],[502,97],[481,-100],[78,52],[233,14],[111,79],[-191,-51],[-548,66],[-43,52],[86,36],[189,-48],[-470,429],[-212,41],[-108,87],[-54,196],[32,94],[54,43],[717,-63],[566,-382],[336,-56],[98,44],[-246,17],[-549,443],[557,86],[721,240],[423,56],[-515,61],[119,152],[390,185],[-643,-220],[-156,-194],[-346,-131],[-522,-56],[184,138],[-77,-6],[-250,-35],[-228,-125],[-257,-12],[-408,78],[101,112],[279,140],[544,113],[-692,-80],[-431,-257],[-106,-9],[-336,105],[-95,76],[774,86],[427,176],[-648,-145],[-653,-34],[-99,65],[215,89],[-130,55],[69,41],[224,80],[284,18],[-383,11],[-369,-99],[-84,20],[218,144],[-223,15],[-185,-59],[-109,45],[206,135],[434,63],[366,126],[290,-97],[109,65],[272,-69],[167,21],[-436,166],[477,163],[363,-87],[266,-175],[85,10],[-117,73],[59,36],[864,-276],[-839,380],[213,87],[-122,78],[364,-30],[-103,111],[47,25],[628,-71],[-391,163],[75,20],[669,-39],[408,-245],[123,52],[-433,281],[753,3],[317,-170],[171,-35],[-217,158],[174,95],[206,18],[314,-144],[-134,84],[404,67],[133,-70]],[[23476,95935],[529,-15],[126,-78],[-59,-21],[-50,-110],[-88,-15],[-597,22],[-81,103],[37,59],[183,55]],[[24016,93990],[22,-121],[-31,-133],[-267,-23],[-370,138],[-192,112],[-11,48],[60,108],[56,20],[15,83],[48,60],[299,131],[125,-26],[144,-120],[114,-201],[-12,-76]],[[22221,93227],[235,-151],[413,110],[155,-68],[31,-88],[-174,-115],[77,-15],[33,-42],[-11,-24],[-146,-72],[-161,-169],[-15,-61],[221,49],[85,-63],[-14,-52],[82,-72],[-12,-95],[163,50],[26,-103],[-7,-83],[-92,-78],[58,-83],[-48,-112],[40,-55],[3,-94],[-269,-144],[-167,23],[-39,134],[-38,-56],[72,-234],[-129,-98],[-140,46],[-157,275],[-239,278],[-171,116],[-143,-2],[-69,121],[-119,76],[-85,120],[43,150],[97,70],[78,-15],[180,-235],[219,36],[25,143],[74,-49],[9,39],[-39,94],[-82,30],[-1,42],[54,47],[144,-36],[-151,102],[-145,-59],[-176,149],[152,79],[126,-105],[-24,88],[-81,59],[-24,75],[140,55],[136,-34],[22,36],[-87,30],[62,40]],[[26411,87114],[116,139],[116,-169],[165,-61],[80,-121],[320,-222],[73,-154],[31,-150],[-59,-138],[294,52],[72,-111],[-27,-22],[113,-70],[-218,-239],[-370,172],[-25,155],[-157,68],[-9,95],[-66,-10],[-78,-61],[-40,-172],[-161,-160],[-90,-195],[-211,-133],[-29,14],[-76,395],[-391,-74],[6,84],[62,131],[189,166],[-34,302],[83,681],[73,210],[72,61],[87,-87],[37,-121],[-37,-80],[51,-51],[38,-124]],[[22861,95002],[-11,-92],[58,-159],[-33,-92],[13,-90],[-80,-64],[134,-62],[20,-178],[-88,62],[-63,-64],[7,-110],[54,-77],[-39,-24],[-75,58],[22,-108],[-623,-27],[-69,128],[94,40],[-163,71],[5,42],[266,160],[156,45],[-930,-130],[-71,61],[181,194],[246,-82],[80,28],[-88,-7],[-60,91],[20,52],[-122,64],[87,108],[-161,34],[78,109],[144,-20],[79,-117],[330,-226],[49,25],[-117,111],[158,21],[-242,67],[121,50],[-253,114],[228,112],[111,-7],[139,-120],[77,8],[-37,105],[87,56],[281,-160]],[[21270,97007],[142,-59],[73,-96],[-21,-89],[42,-63],[51,92],[145,55],[232,-105],[-25,-97],[192,14],[117,-65],[120,-116],[-74,-88],[27,-96],[172,-130],[37,-85],[-46,-98],[-220,-45],[-175,69],[-135,213],[-273,60],[-153,-22],[-46,41],[11,45],[-337,-78],[-158,25],[-101,75],[-33,82],[75,43],[321,-28],[25,38],[-150,29],[180,71],[-225,32],[85,85],[-76,62],[-207,-128],[-20,34],[61,120],[-219,4],[-12,57],[53,148],[545,-6]],[[24476,98287],[170,-199],[164,-114],[11,-67],[391,-59],[28,-49],[-19,-24],[16,-33],[-15,-68],[95,-68],[183,-39],[-115,101],[-14,66],[39,49],[236,-32],[13,-131],[-82,-63],[200,-38],[62,-105],[-88,-221],[266,39],[92,-110],[91,96],[177,-233],[-532,-218],[-183,-210],[-85,53],[-11,100],[37,107],[-59,-35],[-34,-44],[-1,-132],[-24,-52],[69,-40],[6,-55],[-46,-42],[-165,75],[38,-135],[-60,-145],[-76,16],[-262,280],[-10,-40],[162,-266],[-269,112],[-53,-16],[90,-87],[-301,3],[-261,87],[-138,104],[272,58],[-19,14],[-370,32],[-102,101],[132,17],[-280,139],[412,150],[38,68],[347,63],[-423,55],[-309,-112],[-49,17],[47,49],[-47,12],[-276,-79],[-175,90],[20,77],[350,147],[-404,-44],[-168,122],[-87,203],[591,-61],[18,65],[89,38],[-318,-42],[-67,67],[-105,-6],[-102,65],[234,37],[-167,131],[5,98],[57,21],[195,-25],[93,-81],[268,-9],[-441,198],[68,114],[565,90],[-48,57],[-218,22],[4,69],[318,5],[319,-150]],[[23807,95316],[134,1],[167,-112],[3,-60],[-93,-156],[150,121],[469,43],[212,-130],[-238,9],[-4,-38],[591,-108],[19,-31],[-52,-48],[-556,22],[321,-118],[270,-182],[21,-40],[-123,-121],[102,-1],[101,-78],[31,35],[-13,86],[57,23],[123,-103],[131,45],[53,-64],[79,94],[362,-157],[13,33],[-45,42],[406,107],[187,116],[193,-48],[301,57],[246,-53],[75,-79],[188,-10],[56,-48],[-39,-58],[167,-21],[42,-133],[-243,-159],[200,-9],[73,-73],[-151,-59],[-112,49],[55,-76],[-31,-150],[-466,-78],[-276,65],[-51,91],[4,87],[-117,60],[50,-97],[-53,-127],[-248,-54],[-176,69],[-20,-63],[-95,59],[-93,-72],[-256,41],[18,-48],[-488,4],[-38,53],[61,153],[-54,32],[-88,-99],[-25,70],[-70,-32],[-1,-76],[-101,-58],[-276,40],[-115,73],[24,73],[-69,-58],[-1,-62],[-104,1],[-126,101],[-59,182],[27,51],[-87,98],[-6,101],[95,177],[-32,133],[-252,357],[-159,-57],[-447,-6],[-213,156],[108,69],[-89,-10],[-257,129],[138,31],[-103,64],[3,59],[253,66],[432,-108]],[[23276,96455],[179,-10],[179,-89],[8,-32],[-123,-84],[110,-106],[-73,-75],[-498,-114],[-20,37],[12,35],[-177,128],[198,43],[-243,56],[-64,67],[-75,106],[72,57],[-78,136],[266,22],[252,-83],[75,-94]],[[24119,93378],[263,-132],[316,26],[203,-99],[-248,-398],[-85,-47],[36,-29],[-193,-311],[-581,2],[122,-62],[63,-96],[1,-67],[-167,-307],[-292,19],[-16,334],[-97,269],[-9,571],[69,42],[191,-65],[-126,171],[49,95],[501,84]],[[22933,90199],[57,21],[260,-231],[152,-315],[134,-50],[-369,-258],[-243,58],[-212,138],[-23,74],[-127,-19],[-36,82],[-97,-49],[-86,120],[30,69],[151,25],[114,99],[14,33],[-30,75],[31,13],[-27,66],[140,-82],[-73,149],[18,78],[44,38],[108,5],[78,-72],[-8,-67]],[[33026,73517],[67,27],[-48,-71],[18,-31],[-33,-63],[9,-32],[89,34],[77,153],[-76,-9],[121,250],[20,-82],[100,-25],[-19,-99],[30,-38],[-155,-218],[-80,-45],[-170,-12],[-46,100],[-12,159],[24,161],[149,441],[106,149],[23,-4],[21,-188],[-45,-328],[-170,-229]],[[29247,72854],[320,297],[111,412],[291,381],[442,338],[291,658],[182,281],[161,183],[455,352],[299,98],[265,-113],[98,-163],[2,-47],[-85,24],[75,-105],[-3,-99],[-26,-90],[-79,-44],[-52,-115],[-122,-124],[-185,118],[-44,-60],[-101,12],[-71,-69],[95,27],[142,-105],[67,-170],[169,125],[-13,-38],[96,-48],[-42,-109],[-16,-142],[-113,-188],[135,-29],[-21,-121],[25,-134],[25,-19],[22,-222],[29,-81],[174,-53],[24,-41],[-63,-60],[212,-190],[165,-8],[-14,-65],[74,-18],[147,173],[50,-150],[78,23],[40,-80],[19,-94],[-50,-52],[119,-53],[-631,-458],[-83,29],[16,-98],[-18,-45],[-58,22],[-50,94],[-28,-111],[-18,70],[-34,-25],[-14,-75],[17,-78],[-163,-328],[-62,-99],[-41,0],[-31,-125],[-38,-22],[-71,30],[-41,165],[-42,-37],[-25,50],[-18,232],[26,158],[64,142],[-77,-94],[15,49],[132,123],[32,56],[-63,-44],[229,299],[126,95],[0,58],[33,-20],[-7,-121],[61,-82],[-13,88],[25,50],[201,104],[-342,32],[-41,-61],[-35,22],[13,85],[142,253],[-46,-20],[-42,98],[11,-93],[-51,-124],[-308,-292],[-62,66],[23,71],[-43,-58],[21,-55],[-93,-113],[-20,33],[-100,-55],[-13,56],[-57,17]],[[34594,77453],[-34,-104],[-125,-42],[9,-91],[57,-23],[-1,-94],[-249,-686],[-43,-207],[8,-107],[178,353],[16,-37],[-11,-86],[65,54],[118,-24],[-177,-256],[75,36],[-60,-154],[197,27],[9,-82],[32,95],[8,-70],[-42,-232],[49,116],[54,17],[133,182],[15,-139],[37,67],[99,12],[94,-85],[13,-127],[-163,-248],[86,16],[-32,-73],[72,-36],[-24,-91],[-89,-94],[302,170],[-30,-164],[-132,-137],[11,-84],[-83,-48],[64,-3],[-62,-152],[27,-105],[26,-1],[108,246],[116,81],[-80,-266],[-5,-157],[13,-40],[50,69],[45,152],[36,-155],[-116,-611],[-70,26],[-74,-56],[-3,357],[-114,-215],[-46,28],[90,394],[-38,223],[-57,73],[-82,-321],[-21,-20],[25,121],[-49,-98],[-57,-16],[-128,-338],[-131,-27],[-45,43],[9,62],[118,102],[84,203],[113,151],[-162,-2],[-19,-113],[-39,-25],[-153,26],[72,63],[3,160],[-255,-179],[-433,79],[-1,38],[-168,-106],[-88,38],[-23,211],[281,414],[-233,25],[91,133],[-18,-68],[53,-37],[86,342],[115,-67],[-30,63],[33,107],[-58,20],[-7,90],[55,110],[63,-37],[-38,148],[137,567],[70,77],[-32,59],[68,111],[4,108],[59,82],[40,146],[182,166],[93,-69],[7,76],[57,-30]],[[25947,91161],[263,100],[152,0],[26,-10],[-13,-56],[63,-21],[46,342],[-12,82],[-178,47],[-159,203],[164,174],[289,-133],[-155,185],[60,49],[-199,31],[-76,129],[-10,83],[21,94],[87,69],[279,-111],[-333,218],[122,161],[167,86],[176,-28],[-34,78],[137,73],[209,69],[293,-24],[72,-69],[54,-200],[152,-135],[3,-137],[87,-110],[-264,-323],[172,98],[-92,-169],[69,-76],[-63,-21],[-8,-110],[213,206],[83,-23],[-63,109],[77,81],[69,-93],[72,54],[90,-84],[-2,-161],[118,-114],[-78,155],[12,115],[34,61],[328,-122],[-214,128],[-54,78],[17,71],[186,108],[138,8],[296,-116],[135,0],[114,-64],[62,-111],[5,-68],[-136,-154],[-106,-204],[90,141],[125,102],[245,-18],[15,-70],[-29,-67],[-247,-94],[140,-24],[-82,-322],[66,85],[76,218],[172,86],[43,-36],[-135,-222],[135,129],[148,-214],[-27,179],[104,99],[351,-114],[126,-167],[-86,-122],[-123,-8],[-193,-185],[89,1],[84,127],[74,24],[103,-51],[152,94],[42,-39],[10,-106],[-34,-77],[-314,-254],[45,-26],[84,111],[42,-37],[-43,-262],[125,319],[179,146],[150,32],[361,-157],[38,-62],[-34,-76],[-265,-114],[-173,-148],[356,113],[15,-40],[-79,-118],[73,-26],[143,120],[-27,48],[57,95],[74,-24],[137,-174],[46,-122],[1,-73],[-230,9],[-98,-88],[-244,-93],[205,46],[168,-83],[152,9],[190,-151],[0,-47],[-35,-27],[-315,67],[-306,-106],[173,52],[185,-93],[-37,-180],[-399,52],[274,-89],[110,-147],[340,-55],[-89,-84],[57,-78],[-26,-105],[54,44],[18,-66],[9,124],[116,49],[-17,-169],[-70,-133],[37,-14],[125,169],[-9,-80],[31,-25],[99,32],[-9,-142],[39,-64],[-4,144],[122,115],[39,-37],[-53,-69],[1,-74],[107,37],[219,-193],[-64,-49],[20,-105],[-193,3],[31,-25],[209,-36],[68,80],[154,-101],[-61,-148],[-123,-142],[205,89],[162,-31],[71,100],[229,-280],[-63,-64],[-105,84],[-61,-24],[131,-99],[21,-64],[-79,-70],[-192,66],[41,-64],[-36,-62],[151,-135],[-176,-14],[49,-49],[18,-79],[-77,-136],[-141,12],[-81,138],[11,-102],[-64,-34],[87,-31],[-7,-272],[-68,-212],[-80,127],[-71,-30],[-54,75],[21,160],[-79,-200],[-154,245],[-81,211],[60,124],[92,53],[113,212],[-58,-21],[-97,-147],[-228,-57],[-18,16],[9,47],[56,83],[-113,-51],[-115,104],[-86,194],[-56,51],[5,-57],[-30,-15],[-64,31],[32,-96],[-9,-87],[-183,111],[50,-140],[145,-165],[-47,-73],[-132,25],[-176,199],[-80,-34],[147,-85],[-11,-99],[20,-48],[89,-68],[-20,-147],[102,55],[126,-143],[-61,-66],[75,-72],[27,-112],[39,-8],[37,-182],[17,131],[114,-103],[-21,-54],[24,-39],[76,115],[141,-112],[44,-67],[-71,-89],[98,3],[28,-51],[-38,-94],[-102,-7],[65,-43],[55,-102],[-6,-42],[136,0],[-33,-79],[62,-13],[46,-134],[-42,-19],[13,-292],[-42,-14],[-74,250],[-72,116],[52,-304],[-18,-49],[110,-240],[-54,-30],[-74,51],[24,-177],[-17,-53],[-310,339],[-1,-82],[-52,26],[-67,167],[6,-130],[-25,0],[-81,167],[-68,17],[-176,276],[48,-219],[-214,213],[-116,-15],[214,-374],[129,-55],[-17,-60],[303,-287],[101,-211],[84,-66],[-43,-75],[21,-133],[-74,-30],[-310,197],[-331,92],[-137,100],[-133,242],[-175,-3],[-242,169],[44,84],[-111,-39],[-179,247],[105,19],[65,96],[-127,102],[-126,2],[32,117],[-90,-50],[-50,139],[-215,267],[51,128],[-178,-3],[-11,-79],[-32,-29],[-18,129],[-92,26],[-61,131],[-66,-46],[77,-146],[-15,-43],[-103,-28],[-180,48],[-15,-94],[-302,-108],[-260,91],[-106,176],[-8,69],[29,158],[61,94],[144,87],[-28,112],[37,68],[416,-159],[86,-120],[-19,-107],[38,-44],[26,117],[-122,204],[175,-10],[51,69],[136,-7],[140,102],[122,-22],[-54,198],[-148,173],[-39,109],[385,395],[68,212],[117,73],[41,85],[-141,392],[-167,320],[12,64],[-100,-44],[-49,48],[-15,71],[26,109],[-20,58],[-74,0],[36,-107],[-120,22],[-77,161],[-59,11],[47,63],[-59,34],[66,59],[-38,15],[-100,-110],[-86,30],[-198,-159],[-97,-21],[8,220],[167,15],[85,128],[-38,75],[-204,139],[16,73],[64,29],[-78,16],[-64,-78],[-96,43],[64,99],[-204,49],[-50,277],[-142,-7],[-217,264],[-94,-143],[131,-75],[34,-81],[-2,-119],[-77,-59],[-117,-27],[-321,116],[-272,30],[202,-172],[23,-56],[-23,-28],[-178,149],[-203,-75],[-237,121],[-197,-32],[-437,104],[-97,-52],[-151,76],[-49,145],[29,81],[-418,-151],[-263,191],[-100,167],[-69,212],[447,-82],[196,47],[-203,139],[-336,56],[-170,95],[-42,48],[-50,322],[102,159],[-56,51],[12,155],[127,237],[37,213],[129,144],[15,64],[274,225],[264,78],[496,-49],[3,-49],[-309,-305],[-151,-275],[-11,-76],[96,-212],[-5,-238],[34,-157],[332,-385],[-435,-241]],[[32833,75733],[-117,-10],[-228,102],[-146,123],[-58,143],[-197,200],[98,39],[354,-166],[289,-297],[34,-102],[-29,-32]],[[32274,73886],[36,65],[154,-98],[268,46],[39,-47],[-140,-153],[-4,-123],[18,-20],[-74,-24],[-77,71],[35,40],[-45,70],[22,65],[-82,-81],[33,-9],[-17,-20],[-98,35],[-46,56],[-7,77],[-98,19],[-7,123],[-74,65],[114,260],[3,-105],[-30,-96],[77,-216]],[[27222,85491],[10,-91],[-42,-123],[-250,-311],[-100,20],[-90,-55],[-59,186],[149,339],[382,35]],[[27904,85108],[76,-159],[-15,-113],[-95,-268],[-41,-35],[-125,157],[-3,166],[27,112],[70,126],[106,14]],[[28979,89269],[145,-63],[25,-65],[-18,-425],[-76,-120],[-180,-74],[-249,-8],[-59,111],[-41,195],[21,116],[150,285],[282,48]],[[27906,93022],[347,8],[300,-117],[255,-295],[-5,-58],[61,-82],[-87,-43],[-531,43],[-330,-88],[-121,75],[-68,254],[-165,78],[-13,66],[24,38],[-35,132],[28,62],[97,5],[243,-78]],[[27574,78305],[-101,23],[-262,190],[53,96],[198,14],[103,-199],[9,-124]],[[28103,80697],[-24,-9],[32,176],[36,39],[-1,-125],[-43,-81]],[[28073,80782],[-66,-268],[-28,26],[37,150],[-11,54],[-87,-238],[-75,-48],[74,202],[-13,25],[-100,-181],[-29,28],[137,292],[16,150],[-22,-253],[40,68],[34,228],[86,-126],[7,-109]],[[27784,80740],[-31,5],[9,52],[132,126],[-30,-99],[-80,-84]],[[25046,95566],[-110,-39],[-212,82],[-43,41],[-10,120],[95,68],[186,-42],[126,-107],[2,-93],[-34,-30]],[[20956,95477],[-183,29],[-236,382],[133,7],[83,-66],[93,-157],[126,-77],[12,-62],[-28,-56]],[[22558,97475],[0,-137],[-43,-43],[-158,114],[-135,-2],[-35,83],[20,64],[90,36],[198,-23],[63,-92]],[[20753,92505],[-217,195],[-31,75],[-213,146],[93,130],[306,49],[110,-15],[147,-117],[-10,-188],[-185,-275]],[[21603,94684],[61,-53],[-159,-112],[-204,-11],[76,109],[-202,-19],[-60,29],[51,73],[-168,50],[16,52],[94,29],[356,59],[40,-18],[26,-131],[73,-57]],[[21105,95084],[83,13],[191,-120],[-121,-72],[-222,-2],[-38,28],[-55,153],[179,39],[-17,-39]],[[17131,94378],[-136,-41],[-160,67],[213,204],[243,145],[70,-25],[-230,-350]],[[18380,95909],[-216,10],[-117,139],[194,78],[14,-52],[184,-121],[-59,-54]],[[13631,79524],[6,108],[41,-13],[-1,-26],[-46,-69]],[[13603,77752],[-21,37],[2,96],[24,-39],[-5,-94]],[[13823,79158],[-41,-81],[-67,69],[-11,-66],[-12,52],[72,118],[59,-92]],[[13931,78601],[-24,6],[-162,259],[34,54],[125,-130],[53,-135],[-26,-54]],[[13829,79909],[3,-56],[-40,-93],[-63,-31]],[[14291,78441],[12,-297],[-47,-161],[-19,334],[-43,-63],[-79,223],[42,203],[112,-118],[22,-121]],[[14974,75916],[8,-63],[-46,22],[6,59],[32,-18]],[[15513,76041],[-58,40],[-80,120],[63,-22],[75,-138]],[[14822,76093],[-83,80],[4,84],[52,4],[27,-168]],[[15226,76439],[-3,-37],[-45,188],[16,72],[63,-136],[-31,-87]],[[14184,78138],[-9,-32],[-50,99],[-32,138],[75,-98],[16,-107]],[[14465,77409],[-46,26],[-14,96],[40,40],[20,-162]],[[14342,78061],[-21,-9],[1,217],[54,62],[-34,-270]],[[14079,78478],[-26,22],[-29,109],[17,-3],[38,-128]],[[14120,78566],[-43,17],[23,132],[17,-50],[3,-99]],[[15712,75494],[-23,-3],[-18,124],[32,-41],[9,-80]],[[33392,72105],[-69,-23],[-23,32],[109,35],[-17,-44]],[[33066,73197],[-12,-6],[-21,54],[47,6],[-14,-54]],[[32801,74460],[40,-18],[-66,-18],[23,135],[105,145],[42,4],[-144,-248]],[[32081,74884],[-7,-52],[-42,-42],[6,77],[43,17]],[[32090,74934],[-32,-36],[25,75],[7,-39]],[[31590,72353],[-14,-25],[32,95],[-18,-70]],[[31455,72627],[-38,-37],[27,124],[11,-87]],[[29565,73182],[-22,-14],[-88,-5],[135,185],[-25,-166]],[[29529,73264],[-45,-8],[79,85],[-34,-77]],[[30270,74170],[-25,-6],[81,92],[-24,-53],[-32,-33]],[[34573,76877],[-27,15],[46,39],[-1,-14],[-18,-40]],[[34846,76082],[-65,-66],[-21,56],[84,40],[2,-30]],[[34622,77702],[-17,7],[41,67],[-6,-46],[-18,-28]],[[34974,76191],[31,-58],[-85,-47],[3,82],[51,23]],[[34937,74570],[-28,-23],[55,168],[-5,-52],[-22,-93]],[[31993,85211],[86,-5],[27,-45],[-67,-73],[-83,53],[37,70]],[[31046,83580],[-37,9],[0,43],[62,174],[46,6],[44,-85],[-29,-77],[-86,-70]],[[30462,85204],[-120,34],[-126,196],[216,-100],[49,-109],[-19,-21]],[[31991,84372],[-156,138],[-11,61],[179,9],[33,-48],[-45,-160]],[[31936,84733],[19,-5],[32,-78],[-89,26],[-19,70],[30,31],[27,-44]],[[30789,82735],[-17,-51],[-37,-5],[14,130],[30,1],[10,-75]],[[32109,83669],[-10,-49],[-82,55],[-27,88],[52,10],[67,-104]],[[33057,80622],[3,-17],[-59,34],[30,55],[34,-30],[-8,-42]],[[32849,81689],[29,-97],[-104,93],[46,22],[29,-18]],[[31134,90127],[-79,28],[-6,25],[87,46],[43,-35],[-45,-64]],[[32588,88377],[-53,5],[69,80],[63,1],[-79,-86]],[[28038,94622],[3,-42],[-85,-25],[-95,37],[192,184],[45,-28],[-60,-126]],[[27814,81140],[-21,1],[13,62],[20,-15],[-12,-48]],[[27856,81662],[-25,-51],[-9,28],[27,88],[7,-65]],[[27911,81057],[-16,-9],[2,106],[22,-37],[-8,-60]],[[27795,78697],[-19,-17],[-19,45],[28,6],[10,-34]],[[27949,77746],[-38,0],[-35,40],[104,54],[-31,-94]],[[15730,75587],[-47,42],[-41,105],[86,-131],[2,-16]],[[15284,76392],[-14,73],[10,59],[23,-94],[-19,-38]],[[29549,88889],[-238,15],[-75,151],[103,52],[262,-87],[8,-124],[-60,-7]],[[28367,85854],[48,-28],[48,-139],[-114,-84],[-165,218],[183,33]],[[23742,94497],[-62,15],[-42,113],[112,43],[56,-143],[-64,-28]],[[27698,83146],[-4,35],[37,25],[-4,-18],[-29,-42]],[[27760,83249],[-29,-5],[35,75],[40,-12],[-46,-58]],[[23116,92517],[-86,42],[6,94],[58,41],[73,-81],[-51,-96]],[[22957,93636],[-84,-43],[-26,31],[93,82],[34,-35],[-17,-35]],[[22702,93173],[-195,-40],[-123,59],[377,147],[111,-23],[-170,-143]],[[24944,90041],[-26,-113],[-55,79],[47,41],[34,-7]],[[24863,89902],[-78,50],[2,31],[46,22],[30,-103]],[[29444,85253],[-70,3],[-104,64],[144,-23],[30,-44]],[[29199,89287],[-119,88],[-24,81],[31,70],[84,-29],[51,-133],[-23,-77]],[[28185,83923],[-38,-8],[119,72],[-10,-25],[-71,-39]],[[28060,89177],[-53,30],[6,71],[55,12],[35,-60],[-43,-53]],[[28700,85800],[-67,9],[-123,128],[64,66],[133,-126],[-7,-77]],[[27936,90301],[18,-53],[-52,-58],[-138,3],[20,-88],[-227,126],[103,77],[83,-43],[193,36]],[[28325,90249],[17,-53],[-20,-21],[-225,-89],[75,110],[153,53]],[[28432,86221],[-20,-33],[-69,34],[110,26],[-21,-27]],[[26910,87833],[49,-8],[4,-10],[-35,-41],[-50,93],[32,-34]],[[27997,89638],[-54,54],[206,239],[3,63],[89,24],[27,-50],[-151,-257],[-120,-73]],[[28612,89848],[-91,35],[-16,56],[11,92],[187,-27],[-91,-156]],[[25857,90530],[84,-6],[27,-62],[-61,-29],[-164,73],[114,24]],[[26743,87491],[136,-70],[-41,-47],[-113,27],[24,61],[-31,22],[-84,-11],[-7,102],[-90,121],[16,30],[173,-116],[23,-32],[-6,-87]],[[25945,88856],[-82,71],[13,122],[-32,63],[72,145],[78,-86],[7,-208],[-56,-107]],[[26479,87335],[-117,127],[-15,183],[59,-5],[50,-105],[43,-142],[-20,-58]],[[24154,84708],[-11,-1],[-31,54],[56,-21],[-14,-32]],[[21881,95081],[-107,18],[202,97],[171,-6],[-266,-109]],[[21388,96184],[-32,-14],[-43,28],[83,71],[51,-34],[-59,-51]],[[21752,95868],[-191,22],[-26,102],[232,13],[177,-110],[-192,-27]],[[25076,95031],[-122,11],[-110,163],[170,57],[70,-67],[-35,-78],[27,-86]],[[23311,94329],[-106,-11],[-110,-88],[-45,69],[181,132],[113,-71],[-33,-31]],[[23526,93621],[-131,32],[-20,22],[94,38],[57,-92]],[[16368,94494],[-46,5],[98,124],[-9,-80],[-43,-49]],[[18455,95197],[-42,-23],[-312,59],[262,70],[104,-49],[-12,-57]],[[21078,93995],[-143,18],[-71,61],[67,142],[84,56],[137,-41],[58,-130],[-47,-75],[-85,-31]],[[22162,89610],[-50,-59],[-56,30],[-4,158],[78,6],[42,-66],[-10,-69]],[[22223,89756],[-6,-42],[-34,11],[-30,58],[26,54],[44,-81]],[[22136,90799],[-86,36],[-16,70],[111,-36],[-9,-70]],[[23468,90150],[37,-47],[-32,-110],[-65,-2],[18,64],[-27,85],[-36,-146],[-26,28],[31,151],[100,-23]],[[21897,90026],[-27,-5],[17,63],[-40,56],[70,-13],[27,-56],[-47,-45]],[[21709,89454],[-117,55],[-11,13],[82,101],[51,-18],[30,-54],[-35,-97]],[[20961,89327],[-87,34],[-55,74],[125,2],[43,-64],[-26,-46]],[[20028,88621],[-14,-59],[-56,78],[6,140],[38,-4],[26,-155]],[[19676,89029],[54,-2],[24,-57],[-59,18],[-19,41]],[[19974,88341],[35,-5],[45,1],[-39,-99],[-41,103]],[[19632,89035],[-10,-2],[-38,42],[8,36],[40,-76]],[[11377,90152],[-23,-26],[-46,41],[42,37],[72,-43],[-45,-9]],[[52645,74628],[28,-40],[-27,-138]],[[52661,74300],[153,-145],[60,94],[29,-84]],[[19644,22069],[-43,-21],[13,72],[46,-23],[-16,-28]],[[28110,17490],[-50,-15],[-2,4],[31,61],[21,-50]],[[30691,28852],[55,-308],[61,-76],[-14,-65],[49,-580],[140,-327],[-65,-203],[38,-173],[-54,-88],[19,-155],[-20,-74],[76,-150],[-22,-64],[2,-128],[34,-33],[66,-248],[3,-224],[85,-615],[0,-232],[83,-49],[107,50]],[[31334,25110],[52,-127],[-96,-726],[-249,-252],[-86,-251],[49,-242],[-31,-50],[-27,-181],[50,-517],[-50,-223],[76,-354],[-76,-117],[-70,-10],[-91,-543],[-134,-344],[-48,-485],[-55,-155],[27,-314],[-9,-217],[33,-68],[-32,-129],[-59,-20],[-49,-363],[10,-85],[-58,-88],[-18,-297],[37,-191],[55,-83],[-31,-88],[54,-274],[15,-236],[26,-54],[-17,-223],[73,-58],[-20,-315],[11,-347],[-55,-54],[-66,-304],[-29,-291],[-45,-71],[39,-194],[3,-379],[-88,-156],[-8,-77],[-85,-92],[-38,-225],[21,-191],[-23,-131],[18,-102],[-9,-223],[39,-197],[16,-285],[34,-67],[-29,-139],[-125,-138],[-5,-248],[-33,-222],[-51,-23],[17,-271],[-44,-110],[34,-112],[-68,-319],[19,-73],[-11,-533],[45,-279],[-31,-71],[-46,0],[-22,-74],[15,-155],[-25,-74],[11,-343],[98,-121],[-43,-78],[43,-170],[-12,-116],[32,-124],[-37,-125],[-2,-194],[168,-41],[15,-84],[-28,-143],[-223,-6],[6,-93],[124,-53],[67,-177],[1,-71],[-44,-127],[-66,-47],[-1,-183],[33,-81],[-68,-145],[32,-112],[17,-234],[-67,-126],[10,-261],[-122,-205],[-48,-270],[62,-248],[-17,-96],[-70,-108],[-2,-193],[-116,-156],[-29,-201],[-90,-10],[-32,-189],[29,-150],[-8,-233],[96,-431],[179,92],[47,-52],[18,-161],[-28,-130],[20,-144],[-29,-170],[127,-239],[-5,-59],[558,-31],[417,-198],[5,-47]],[[30988,4319],[-222,106],[-57,-45],[-48,-137],[-327,-214],[-52,-426],[-3,-285],[-84,-73],[-244,176],[-56,114],[-10,85],[30,68],[101,14],[31,-116],[-17,-88],[28,27],[14,178],[125,140],[35,102],[-18,55],[-44,32],[-248,-259],[-59,-111],[-16,-120],[-140,153],[38,85],[8,177],[45,77],[76,-37],[93,116],[89,-24],[79,55],[-198,59],[-59,-73],[-76,63],[-114,-379],[-60,14],[-85,153],[112,91],[47,121],[-14,34],[-34,-96],[-38,20],[-57,-64],[-119,33],[-6,166],[-32,15],[-40,186],[128,-82],[37,25],[5,85],[118,-56],[129,147],[28,-26],[34,-151],[-40,-110],[23,-10],[30,81],[-28,175],[36,112],[-13,100],[-174,177],[144,-169],[14,-74],[-91,-42],[-127,-148],[-37,20],[-65,173],[-123,81],[35,72],[39,-28],[-3,247],[-243,144],[-78,268],[114,14],[10,30],[-35,105],[36,77],[78,-90],[62,-232],[93,-85],[18,170],[34,32],[-21,57],[11,55],[-90,-235],[-61,152],[4,88],[65,-18],[-132,113],[-57,110],[82,154],[105,-14],[-102,149],[9,127],[53,34],[74,-38],[-72,127],[44,288],[-26,-4],[-53,-334],[-41,70],[7,567],[93,85],[-130,8],[-28,133],[-2,194],[203,-31],[90,-109],[38,36],[-60,107],[-30,239],[-62,-193],[-80,-28],[-119,188],[34,94],[81,-78],[30,62],[-97,113],[90,174],[-14,70],[16,77],[-45,131],[-39,15],[-16,-83],[-137,101],[-4,162],[-145,-132],[43,-116],[-12,-50],[-77,112],[14,116],[203,317],[-41,109],[2,92],[252,75],[21,63],[-11,128],[46,65],[37,-30],[-66,-352],[12,-77],[-104,-113],[118,44],[25,216],[40,25],[7,-182],[-28,-216],[-39,-110],[29,-23],[51,189],[20,281],[-1,86],[-52,104],[14,105],[50,-3],[79,97],[92,-75],[-81,139],[-61,12],[11,95],[12,88],[173,171],[17,99],[4,111],[-167,188],[12,191],[43,25],[20,163],[-29,125],[7,92],[55,194],[33,6],[-25,261],[21,115],[39,-3],[-39,177],[39,41],[61,-133],[-24,287],[-66,-10],[-24,61],[45,117],[84,66],[11,105],[-62,-135],[-114,124],[-80,-187],[-137,27],[31,113],[-65,95],[-35,332],[87,712],[72,123],[51,397],[-82,503],[16,330],[-55,242],[16,154],[-16,97],[17,108],[107,15],[27,337],[31,31],[63,468],[54,154],[-11,123],[112,344],[46,338],[15,317],[94,361],[-22,393],[42,88],[39,218],[8,192],[-25,126],[-54,1020],[11,302],[74,132],[24,347],[-57,509],[93,386],[150,1442],[3,237],[-22,148],[73,374],[-34,428],[18,534],[32,225],[-54,139],[-2,79],[9,140],[31,16],[33,131],[68,954],[-30,540],[11,718],[-73,958]],[[30936,4111],[-7,-1549]],[[30929,2562],[-119,-40],[-112,36],[-66,103],[-85,-72],[-70,44],[-60,-40],[-262,133],[-109,-4],[-26,68],[35,67],[54,-44],[70,71],[76,-34],[79,82],[27,-15],[-1,-96],[109,-30],[-153,294],[-2,159],[62,43],[-14,67],[46,71],[42,-253],[-70,-13],[27,-92],[101,-171],[119,51],[90,-71],[29,-116],[17,10],[58,106],[-262,210],[-46,155],[17,117],[195,157],[9,58],[-78,58],[-126,-59],[-66,28],[-37,121],[5,85],[87,101],[-69,134],[53,20],[70,-69],[145,236],[69,-128],[104,64],[45,-53]],[[31366,2350],[-72,-97],[-43,81],[-76,-58],[-84,27],[-64,169],[54,36],[239,-34],[46,-124]],[[29507,10662],[-95,-8],[-75,89],[49,248],[11,429],[37,334],[141,-71],[29,-209],[-30,-86],[17,-107],[-88,-84],[98,-246],[-29,-97],[-58,-60],[-7,-132]],[[29312,6578],[-13,-335],[18,-48],[-38,-222],[-47,-3],[-32,200],[43,214],[-66,-77],[-29,-226],[-134,43],[8,120],[51,-5],[8,96],[-44,95],[39,63],[66,-1],[-2,60],[-32,26],[72,132],[-8,100],[23,60],[97,-24],[20,-268]],[[29025,6849],[-32,-1],[-7,125],[36,182],[-11,181],[47,36],[65,-285],[-1,-139],[-97,-99]],[[29337,3921],[203,-104],[144,-200],[-120,33],[-83,148],[-112,11],[-123,234],[91,-122]],[[29287,6969],[-99,-24],[-81,341],[4,118],[103,87],[-5,-120],[68,-246],[10,-156]],[[29743,3527],[12,-68],[111,-7],[77,-154],[-57,-138],[-128,-87],[-25,43],[50,78],[5,64],[-77,22],[-12,-116],[-36,8],[-26,30],[-2,151],[-44,-5],[-47,117],[-57,17],[44,84],[67,12],[96,-72],[13,83],[36,-62]],[[29216,4830],[11,-137],[68,-98],[-44,-221],[-43,6],[-71,339],[79,111]],[[30638,2516],[223,-70],[123,41],[16,-58],[-60,-80],[92,-70],[-12,-54],[66,-103],[11,-117],[-80,98],[-147,39],[-18,56],[12,91],[-84,49],[-29,4],[-18,-95],[50,-122],[-77,35],[-52,73],[-4,65],[-89,57],[26,187],[51,-26]],[[30169,3139],[102,-55],[5,-95],[-38,-90],[-92,101],[-132,-49],[-7,66],[-66,112],[60,115],[168,-105]],[[29518,9923],[-69,-70],[-5,-68],[48,-175],[28,-196],[-7,-104],[-27,-52],[-69,10],[2,92],[-146,385],[38,45],[-6,78],[112,59],[4,143],[25,32],[81,-94],[-9,-85]],[[29726,9652],[-68,-56],[-46,60],[-14,94],[46,107],[6,98],[134,-112],[-58,-191]],[[29155,9575],[-16,-8],[-12,60],[17,15],[11,-67]],[[29082,5499],[-7,-65],[-30,22],[3,183],[86,-21],[-49,-61],[-3,-58]],[[29137,6797],[-79,-227],[-32,-50],[-38,25],[43,79],[-42,99],[15,59],[129,60],[4,-45]],[[29135,7500],[-41,52],[47,52],[46,-23],[-52,-81]],[[29258,10478],[-39,-12],[-9,39],[27,24],[21,-51]],[[29546,9623],[-51,119],[10,66],[39,-37],[2,-148]],[[29289,5079],[-17,-84],[-119,-2],[-67,-159],[38,244],[31,-28],[85,78],[49,-49]],[[29151,5769],[-54,-56],[-55,23],[34,233],[125,-69],[10,-61],[-60,-70]],[[29497,10323],[6,-35],[-47,-32],[-52,35],[1,36],[92,-4]],[[29405,4619],[-79,60],[-14,84],[95,-102],[-2,-42]],[[29357,9011],[-42,-47],[-59,14],[-3,53],[54,167],[-2,99],[53,79],[-1,-205],[23,-104],[-23,-56]],[[31229,1832],[-71,17],[-5,16],[92,7],[-16,-40]],[[31535,2298],[-22,-31],[-23,27],[31,48],[24,-17],[-10,-27]],[[30280,2552],[52,-71],[107,42],[34,-144],[-50,-45],[-34,67],[-95,14],[-73,119],[-65,3],[18,38],[106,-23]],[[31308,1911],[-10,-6],[-66,55],[53,83],[23,-132]],[[82828,58418],[-10,-42],[-20,46],[8,36],[22,-40]],[[83850,63343],[-95,40],[-86,180],[70,-34],[111,-186]],[[83970,62267],[-75,35],[-15,91],[87,-53],[3,-73]],[[83936,62067],[-36,40],[5,26],[16,6],[15,-72]],[[84000,62217],[-10,-28],[-10,58],[20,11],[0,-41]],[[83283,59094],[-34,-17],[6,145],[33,-33],[-5,-95]],[[80662,56022],[38,-7],[-5,-81],[-67,40],[34,48]],[[83680,60946],[-33,-17],[0,51],[20,49],[13,-83]],[[81542,57227],[3,-32],[-45,102],[17,1],[25,-71]],[[81330,56381],[-22,68],[20,52],[22,-14],[-20,-106]],[[81289,56408],[-27,-15],[-6,3],[34,62],[-1,-50]],[[75453,60716],[2,115],[-102,109],[-70,-76],[-85,72],[-101,6],[-1,115],[-102,47],[-139,-177],[-164,-524]],[[70705,67236],[-47,95],[99,94],[45,-42]],[[84544,69335],[-71,-115],[-126,29],[-20,-67],[-206,-131],[-140,-165],[-98,-221],[-85,-35],[-7,-97],[-135,-94],[-16,133],[159,132],[-14,79],[53,117],[-151,-1],[-2,113],[69,66],[0,145],[79,74],[108,287],[23,130],[-115,211],[-7,93],[-29,-90],[-154,38],[-112,-219],[-81,-252],[-247,-231],[-56,-106],[-46,-242],[-69,-159],[-97,-4],[-91,-78],[-72,113],[-48,-25],[-70,-239],[-16,-160],[58,-221],[69,-90],[147,-63],[71,23],[39,-59],[41,-241],[-27,-42],[-10,-218],[93,-136],[131,12],[35,69],[-1,69],[119,191],[-15,40],[137,109],[247,-263],[90,-11],[26,59],[78,-87],[91,-2],[-26,-59],[4,-97],[-39,-79],[20,-85],[-49,-81],[-50,89],[-64,0],[-244,-245],[-67,16],[23,-133],[-51,-22],[-20,-199],[-68,-54],[-18,123],[-41,-18],[-24,-59],[53,-95],[-238,-480],[-73,-319],[10,-71],[41,1],[255,-335],[66,-447],[101,-439],[-4,-249],[135,-167],[17,-154],[97,-150],[29,-124],[3,-80],[-52,7],[-91,103],[-105,7],[-51,114],[-75,53],[-135,-120],[44,-21],[85,80],[60,-25],[20,-116],[243,-352],[60,-283],[-127,-90],[-117,-163],[-49,-143],[-104,24],[-70,-104],[83,44],[38,-120],[174,121],[117,-229],[112,-77],[-160,-271],[106,101],[22,-97],[-14,-250],[-55,85],[-51,-14],[-24,-74],[64,-125],[-39,-15],[34,-57],[-52,-148],[38,-245],[-28,22],[-66,-72],[-16,88],[-19,-14],[-52,-204],[-59,-19],[24,-83],[-68,-219],[5,-118],[-91,-223],[-53,-300],[-57,-43],[-16,166],[-32,-83],[-34,40],[81,-317],[-116,-197],[-90,47],[54,-122],[80,39],[-22,-290],[23,-141],[-123,41],[-3,-66],[32,-87],[-86,-16],[-19,-197],[-75,-66],[23,-63],[-18,-88],[-100,-34],[-58,38],[-22,-102],[-46,-5],[10,-55],[41,-12],[9,-94],[-61,-164],[-27,1],[-31,-125],[-45,3],[-28,-178],[-21,89],[-58,-95],[-48,47],[-13,-136],[-65,-70],[20,-53],[-45,-69],[-19,-165],[-61,25],[-111,-126],[-58,36],[-40,-95],[-84,70],[-95,-141],[-29,6],[-27,91],[-27,-159],[-60,45],[-20,-37]],[[81670,57022],[-52,67],[-58,179],[0,187],[-28,-18],[-21,-114],[-31,-20],[62,-223],[10,-172],[-18,-73]],[[81521,56799],[-92,-85],[-16,94],[-38,-212],[-40,27],[-62,-119],[-63,142],[9,-124],[-24,-42],[-100,76],[-20,-94],[-27,2],[-48,-113],[-163,-33],[-5,-57],[-63,-32],[-57,-122],[-30,12],[-13,76],[-10,-117],[-61,-160],[7,-61],[51,-15],[-14,-116],[57,-149],[-48,-117],[-62,-21],[-67,70],[24,59],[-30,47],[-55,283],[5,151],[28,145],[39,28],[3,74],[-68,31],[-46,119],[6,-110],[-128,-68],[5,105],[-91,28],[-44,99],[-6,92],[-32,2],[7,-190],[-50,42],[-21,-95],[-76,-36]],[[80802,55247],[34,-237],[-53,-68],[-50,-188],[-53,-382],[-112,-171],[-8,-63],[-56,-13],[-32,-97],[-51,-29],[-227,223],[-10,541],[170,322],[-28,5],[24,80],[252,121],[116,-55],[18,114],[66,-103]],[[49135,44757],[-37,18],[44,10]],[[48465,48514],[118,-130],[36,-219],[96,-152],[81,-48],[18,69],[133,122],[157,-15],[113,-332],[34,39]],[[49161,44787],[-42,50],[-8,107],[-41,-158],[-215,126],[-136,-51],[159,-5],[-240,-64],[-106,50],[-23,-41],[84,-15],[-236,-84],[-453,-464]],[[54299,46471],[-75,-224],[-130,-652],[-86,-169],[52,-123],[-15,-411],[46,-477],[93,-224],[20,-174],[-28,-15],[26,-133],[260,-647],[33,-450]],[[52722,42796],[41,546],[-20,162],[-57,160],[26,61],[-34,-8],[-24,132],[51,38],[-28,79],[14,64],[-57,7],[-6,-87],[-28,-12],[-100,117],[-23,325],[-72,83],[8,-85],[-32,-17],[-5,161]],[[56657,33522],[-37,-100],[-103,31],[-107,-84],[-144,23],[-68,-100],[-25,53],[-13,162],[36,142],[-9,304],[-128,556],[25,546],[-2,248],[-27,162],[12,486],[-17,75],[-326,26],[-20,67],[15,185],[-199,-47],[-96,-111],[-52,-579],[-216,22],[-154,-121],[-119,6],[-166,592],[-18,228],[-49,222],[-12,320],[-74,185],[-934,25]],[[53630,37046],[-58,8],[-113,-103],[-67,170]],[[53392,37121],[81,44],[5,385],[-20,55],[105,235],[68,72]],[[55169,43623],[-5,611],[66,125],[66,259],[120,166],[85,-27],[117,-182],[92,-259],[518,-230],[123,414],[153,-43],[251,233],[207,-18],[51,40],[42,163],[35,39],[360,-176],[69,97],[92,-64]],[[58059,39259],[58,-234],[-3,-549],[53,-434]],[[53692,42696],[357,26],[90,-131],[72,16],[49,-64],[112,-21],[88,-168],[22,34],[-16,269],[29,115]],[[54495,42772],[79,396],[2,234],[38,240],[244,129],[186,-133],[87,86],[38,-101]],[[55169,43623],[-33,-390],[-117,-641],[-3,-337],[-44,-293],[-4,-623],[-45,-360],[8,-191],[-132,-317],[-111,-159],[-94,-432],[-90,-238],[0,-601],[-19,-305],[-44,-213],[-33,-118],[-75,-68],[-93,-195],[-155,-404],[-83,36],[-12,173],[23,95],[-25,106],[-116,-130],[-62,21],[-16,-188],[-68,-82],[-77,164],[-18,-21]],[[53631,37912],[-76,144],[-115,-133],[-102,-271]],[[53338,37652],[-55,175],[-12,133],[-180,458]],[[5628,26216],[-28,8],[-1,6],[21,29],[8,-43]],[[31423,42035],[-57,-26],[-2,303],[-87,352],[-43,-30],[-105,-229],[-72,168],[-17,-100],[22,-88],[-380,38],[-85,-46],[-1,-457],[150,-6],[42,-131],[2,-156],[-88,61],[-162,-106],[-4,-505],[121,-261],[6,-178],[59,-304],[-157,-2141]],[[28094,42199],[-46,118],[65,159],[60,-53],[-4,410],[48,89],[98,19],[70,145],[40,115],[-7,113],[38,25],[56,192],[77,399],[-51,-14],[-4,116],[-23,-80],[-14,213],[-31,-24],[47,130],[18,228],[-24,424],[-45,150],[80,171],[-62,279],[28,280],[-147,460]],[[28507,47269],[145,-400],[-20,-82],[38,-29],[4,266],[-41,186],[179,292],[69,265],[108,60],[-12,197],[40,335],[-47,-44],[72,329],[168,351],[142,-79],[-51,-95],[32,-68],[71,391],[231,-18],[164,293],[124,125],[39,211],[117,162],[61,9],[65,-68],[34,-204],[-50,-129]],[[28301,42963],[-21,13],[3,61],[12,-8],[6,-66]],[[62354,32670],[14,-97],[-6,-96],[-79,130],[71,63]],[[62163,32511],[19,-43],[-54,18],[-9,68],[44,-43]],[[62073,32797],[-66,105],[20,266],[26,-24],[20,-347]],[[43008,53104],[-39,-7],[-8,109],[84,60],[16,-58],[-53,-104]],[[43487,51739],[-17,-65],[-55,32],[-22,81],[10,177],[84,-225]],[[43086,53014],[-36,-15],[-21,25],[44,63],[13,-73]],[[43634,52605],[62,-48],[-5,-89],[-30,-40],[-39,42],[12,135]],[[43247,51632],[-36,-15],[-16,102],[46,28],[6,-115]],[[43309,52876],[15,-36],[-59,20],[-22,-75],[-21,88],[6,42],[81,-39]],[[43642,52902],[-9,-36],[-17,65],[13,99],[13,-128]],[[43560,51829],[-19,29],[11,103],[26,-39],[-18,-93]],[[26978,46856],[-68,198],[-11,166],[-34,53],[-51,30],[49,-211],[-87,52],[-36,94],[34,134],[-7,162],[-162,301],[-100,75],[-37,234],[-86,152],[-66,99],[28,-168],[76,-139],[-63,-168],[-56,161],[-102,104],[-46,235],[50,319],[-67,107],[46,116]],[[26766,48860],[82,-424],[158,-454],[59,-67]],[[27267,57480],[160,-4],[33,-72],[137,34],[79,-113],[151,-39],[-8,-42],[160,-296],[163,-28],[292,-401],[39,-6],[-24,71],[24,-13],[98,-160],[-62,-22],[32,-91],[42,74],[73,-134],[-8,-49],[39,20],[181,-158],[98,-16],[35,-82],[-19,-68],[18,-43],[-39,-18],[4,-68],[234,-45],[103,-187],[96,-65],[3,-87],[-27,-63],[-106,-15],[-134,-110],[-10,75],[-38,-81],[-241,68],[-433,-95],[45,160],[125,229],[-35,166],[-246,83],[-104,206],[-24,253],[-42,127],[-152,-21],[-240,187],[-96,207],[-4,-42],[-149,7],[-42,137],[-27,-112],[-157,74],[-64,122],[102,77],[3,67],[-38,57],[-250,12],[-178,-329],[-145,-37],[-36,-160],[-131,-117],[0,108],[-107,-51],[156,153],[-10,214],[88,202],[219,212],[321,157],[73,-19]],[[28425,56628],[-11,-22],[-58,117],[79,-24],[-10,-71]],[[28326,56862],[-43,26],[-26,72],[34,5],[35,-103]],[[28158,57050],[77,-9],[19,-59],[-114,55],[18,13]],[[28367,56751],[-46,52],[12,69],[44,-106],[-10,-15]],[[27066,56360],[-111,-92],[-62,107],[59,0],[-31,140],[26,106],[76,-37],[43,-224]],[[27958,57129],[-48,33],[-29,66],[13,1],[64,-100]],[[30902,49664],[-68,58],[-45,167],[92,-156],[21,-69]],[[27397,54795],[66,-2],[7,-29],[-83,-19],[-4,68],[14,-18]],[[27783,55048],[-32,-30],[-8,2],[11,26],[29,2]],[[27827,55050],[-23,-6],[45,38],[0,-4],[-22,-28]],[[59086,65933],[47,6],[17,148],[185,-25],[263,216],[-170,-260],[-10,-63],[27,-97]],[[59086,65933],[58,-59],[129,53],[25,-114],[147,45]],[[59445,65858],[13,-54],[-98,-13],[-79,-154],[-98,-53],[-15,-75],[-155,113],[-37,158],[-4,91],[25,-24],[89,86]],[[54709,75385],[-20,74],[-94,65],[-135,-29],[-65,77],[-210,94],[-27,-10],[-13,-150],[-28,2],[-37,-123],[-178,2],[-65,116]],[[52645,74628],[-95,104],[-84,-10],[-85,83],[-47,-61],[45,-26],[-31,-39],[-233,-2]],[[51699,76456],[16,79],[52,58],[-6,96],[-38,33],[9,69],[-68,108]],[[51999,78682],[-40,66],[6,71],[58,144],[201,6],[44,-103],[-16,-54],[38,-15],[24,113],[45,-65],[0,-84],[9,272],[26,66],[163,-13],[105,-180],[55,-33],[-131,215],[-93,47],[-20,52],[1,183],[-73,24],[1,73],[84,49],[2,50],[-77,178],[-3,79]],[[52705,79768],[78,-107],[2,-65],[-44,-77],[76,12],[19,-56],[41,20],[103,-86],[79,45],[14,-70],[-71,-144],[13,-46],[151,-46],[110,141],[88,16],[129,211],[126,-40],[116,-190],[77,9],[39,-211],[109,-87]],[[54113,76975],[-42,-18],[-31,113],[-63,32],[-18,-26],[32,-73],[-226,-136],[-170,-210],[-110,-9],[-75,-149],[-52,84],[33,-144],[84,-141],[-34,-110],[81,-229],[315,-456]],[[53837,75503],[-25,-158],[-66,28],[-31,-155],[-171,-179],[54,-153],[-16,-118],[44,-47],[-11,-125],[-92,135],[-56,-23],[-76,57],[-7,-69],[-130,-26],[-187,-134],[-47,90],[-121,22],[-19,-131],[-52,-61],[5,59],[-64,100],[-61,50],[-63,-37]],[[53808,79456],[-1,-71],[-63,39],[-32,-64],[-56,83],[4,127],[68,109],[65,-98],[-21,-68],[36,-57]],[[53948,79096],[-80,6],[-28,174],[107,-124]],[[53134,79481],[-43,-1],[-33,35],[21,47],[55,-81]],[[52307,79741],[-3,85],[30,106],[-7,-112],[70,-6],[-90,-73]],[[52385,79688],[-11,-17],[-41,18],[30,33],[22,-34]],[[61976,50121],[66,-241],[7,-194],[-92,-184],[-69,-64],[-44,-126],[-33,9],[17,-53],[128,64],[56,-62]],[[32977,51908],[-26,-15],[-23,287],[50,-75],[-1,-197]],[[53491,80443],[-7,-91],[-62,-48],[-29,-85],[47,-57],[8,-70],[-90,-69],[-11,-262],[-52,-30],[-58,291],[-102,13],[-33,87],[-13,191],[-40,85],[96,22],[42,135],[42,9],[19,-34],[-1,-126],[36,-22],[32,139],[-19,51],[98,106],[100,-38],[-3,-197]],[[52705,79768],[-135,-12],[-162,67]],[[52408,79823],[-27,162],[27,15],[-15,185],[-135,128],[20,269],[-23,111],[12,329],[141,-79],[60,169],[50,41],[36,-65],[16,219],[-73,4],[-61,-206],[-84,-43],[-56,63],[5,69],[93,183],[226,45],[147,286],[180,110],[-42,-86],[18,-262],[-64,-171],[-3,-268],[57,-70],[99,1],[23,-56],[-48,-141],[-60,-30],[-31,54],[-30,-45],[-38,-244],[-77,-16],[33,-57],[-120,-189],[22,-160],[-60,-160],[65,-27],[14,-123]],[[52956,80320],[49,-203],[-10,-132],[-44,-57],[-177,77],[-36,137],[1,111],[217,67]],[[53155,79814],[105,-59],[8,-90],[-86,-36],[-117,102],[6,118],[84,-35]],[[52981,79715],[-31,71],[91,215],[-8,-67],[-52,-219]],[[53485,79867],[-101,-52],[-18,15],[43,106],[76,-69]],[[53518,80310],[-32,-28],[-9,41],[28,46],[13,-59]],[[52912,79783],[-40,8],[-39,73],[84,-71],[-5,-10]],[[52794,79811],[-71,14],[-9,108],[63,-52],[17,-70]],[[52946,80442],[-22,0],[5,147],[32,-81],[-15,-66]],[[53070,81477],[-12,-17],[-38,24],[83,42],[-33,-49]],[[54190,79906],[-112,57],[9,95],[14,41],[102,-107],[-13,-86]],[[30061,55055],[62,124],[89,-33],[78,46],[211,-194],[66,24],[61,-262],[115,20],[25,-40],[-25,-49],[-78,4],[-5,-63],[261,-150],[96,-206],[-97,-279],[-69,136],[-94,22],[-138,3],[-115,-135],[-82,-25],[-46,84],[-106,-44],[-114,-449],[-54,97],[-38,187]],[[49383,65886],[85,-7],[67,62],[162,279],[184,199],[105,-20],[100,231],[263,252],[371,57],[105,129],[152,8],[72,71],[272,0],[149,-175],[214,152],[117,156],[123,-117],[86,35],[-9,87],[196,-166],[185,57]],[[27687,38789],[101,162],[65,408],[-32,361],[-23,-340],[-29,-6],[7,143],[-78,-248],[-179,308],[-9,57],[54,79],[2,100],[-20,213],[9,175],[-28,214],[17,74],[80,89],[27,185],[48,-25],[-28,26],[-27,152],[121,368],[-12,443],[96,137],[234,160],[20,63],[-9,112]],[[28094,42199],[189,-343],[133,-92],[15,-80],[50,-61],[20,-171],[250,-112],[30,120],[32,24],[138,-246],[136,-138]],[[27741,39081],[-39,-16],[13,171],[40,59],[48,-39],[-51,-85],[-11,-90]],[[28080,42056],[-22,29],[25,47],[-3,-76]],[[24907,40632],[-58,67],[3,66],[73,69],[23,-43],[-2,-80],[-39,-79]],[[25161,40534],[-33,-30],[-20,45],[90,140],[-37,-155]],[[24604,40850],[-52,12],[-10,112],[52,21],[10,-145]],[[24882,40232],[-27,28],[12,55],[27,-50],[-12,-33]],[[24646,41192],[27,-174],[56,-137],[4,-125],[45,-111],[-30,-132],[-62,-56],[-80,16],[-22,96],[104,212],[-69,192],[-16,185],[-47,18],[66,87],[24,-71]],[[24840,40940],[-65,3],[-16,41],[24,78],[63,-83],[-6,-39]],[[56986,63457],[21,-85],[43,-15],[142,76],[376,-171],[81,-116],[271,-114],[155,-155],[99,68],[139,211],[82,22],[48,140],[146,77],[-100,-105],[122,32],[23,99],[122,-102],[101,58],[69,-141],[-68,100],[-33,-134],[66,-50],[26,-90],[50,76],[-19,65],[108,-158],[146,70],[18,-59],[131,32],[148,135]],[[59695,61925],[-47,-146],[-93,-883],[-50,-177],[-128,200],[-142,366],[-33,289],[-113,382],[-44,318],[-25,-34],[-32,-207],[67,-218],[16,-277],[67,-255],[180,-470],[1,-204],[83,-299],[30,-377],[169,-674],[175,-856],[163,-378],[-67,-12],[-10,-99],[5,-237],[48,-350],[60,-145],[88,-78],[178,-445]],[[60724,53849],[118,-647],[74,-820],[135,-561],[22,243],[49,-95],[45,-226],[95,-57],[71,-134],[104,-86],[134,-449],[163,-278],[43,-264],[34,6],[76,-251],[48,-39],[9,64],[32,-134]],[[61976,50121],[-69,-61],[-45,-170],[-71,99],[-20,-39]],[[61132,52496],[9,-68],[-32,40],[23,28]],[[61150,52224],[11,-37],[19,42],[41,-87],[-117,23],[-8,59],[34,-14],[-36,48],[17,59],[-13,43],[39,-36],[13,-100]],[[59383,65796],[-22,-3],[-8,52],[60,51],[7,-32],[-32,-24],[26,-57],[-31,13]],[[59372,65813],[3,2],[0,8],[-3,-1],[0,-9]],[[50442,68397],[-52,-1],[-1,28],[9,40],[44,-67]],[[50873,69184],[70,-9],[18,-55],[-60,-219],[-48,-61],[-76,59],[-27,111],[-56,-45],[-36,66],[115,199],[104,81],[-4,-127]],[[51192,69221],[-118,82],[-4,74],[103,-22],[19,-134]],[[50401,68570],[-10,-43],[-52,33],[35,124],[74,5],[-47,-119]],[[50396,71159],[6,-111],[71,46]],[[50892,71043],[26,-100],[-39,-23],[23,-220],[-68,-124],[-193,-212],[-63,-126],[-292,-158],[-88,-169],[49,-70],[-82,-76],[-256,-771],[34,-322],[112,-214],[-200,-311],[-82,-385],[26,-98],[-168,-49],[-87,-123],[-131,-429],[-95,38],[-93,-82],[-439,3],[-85,-149],[-138,-59],[-53,-203],[-73,-77],[-115,115],[-64,287],[-32,28],[-8,65],[55,130],[-50,-58],[-136,256],[6,59],[-31,-56],[-120,-14]],[[47561,70698],[-28,4],[-2,112],[54,119],[-34,7],[24,89],[-23,42],[0,119],[-62,-32],[30,144],[-86,125],[16,139],[85,113],[144,44],[29,30],[-2,99],[155,130],[177,-149],[337,64],[368,-161],[255,73],[156,-104],[47,58],[149,-89],[151,56]],[[45462,61152],[-23,-160],[-67,-102],[-68,234],[217,166],[-59,-138]],[[46190,61526],[-40,-29],[19,131],[91,128],[-4,-163],[-66,-67]],[[46056,61004],[-38,-80],[-44,32],[72,81],[64,345],[40,22],[9,-107],[-28,-234],[-75,-59]],[[45722,60989],[-10,-237],[-61,-37],[-42,91],[34,187],[79,-4]],[[45226,60901],[-39,67],[18,60],[44,-65],[-23,-62]],[[45031,60751],[-27,-115],[-49,81],[66,63],[10,-29]],[[45046,61232],[-47,187],[20,60],[37,2],[20,-86],[-30,-163]],[[56756,81912],[57,340],[-53,19],[-62,-81],[-96,67],[-72,209],[47,91],[-49,2],[-20,92],[23,55],[-5,138],[163,68],[-8,57],[91,70],[295,34],[22,27],[-4,56],[310,-59],[97,-73],[255,-26],[34,50]],[[56282,82440],[96,-11],[100,-109],[-54,-10],[-111,-145],[-99,-9],[-61,-176],[-43,-25],[53,157],[-85,76],[28,87],[-34,78],[113,7],[17,52],[80,28]],[[56367,82585],[-106,-96],[-36,122],[-99,56],[113,22],[52,79],[72,-67],[28,-111],[-24,-5]],[[56484,82390],[-23,-7],[-55,50],[28,47],[47,-21],[3,-69]],[[60145,51210],[139,11],[65,128],[87,-215],[87,495],[152,-298],[106,38],[58,102],[49,-104],[92,40],[192,-74],[166,-225],[433,-1158]],[[61771,49950],[-163,-549],[2,-497],[44,-27],[167,98],[101,-57]],[[57721,83788],[-93,-50],[-72,55],[-186,-92],[10,149],[-53,-141],[-118,35],[23,-93],[-78,-52],[-28,46],[-293,-154],[-43,-66],[-273,-24],[-123,-120],[-16,7],[65,138],[-79,132],[-45,-107],[-80,-20],[-5,90],[40,50],[-21,37],[20,70],[-203,88],[-14,63],[-53,-45],[-49,46],[-21,261],[42,221],[-1,143],[16,0],[-19,48],[30,28],[-97,280],[24,202],[-49,96],[-17,147],[102,290],[50,4],[-30,117],[215,74],[-21,90],[29,3],[-8,44],[22,-10],[37,111],[297,276],[266,535],[107,59],[96,-17],[-17,64],[40,41],[-32,94],[25,237],[-186,134],[-26,61],[13,72],[-63,-55],[-69,17]],[[56109,83647],[-49,32],[3,62],[22,-22],[24,-72]],[[55893,85693],[3,-14],[54,17],[-47,-66],[-47,88],[37,-25]],[[56159,83671],[67,-47],[-29,-24],[14,-73],[-79,85],[27,59]],[[55958,83783],[-42,-35],[-24,87],[15,25],[51,-77]],[[56064,83509],[-28,-24],[-10,6],[19,59],[28,2],[-9,-43]],[[56007,83486],[-24,-7],[-15,21],[41,29],[-2,-43]],[[56902,86924],[-75,-9],[-1,45],[117,-2],[-41,-34]],[[99999,29793],[-121,-330],[1,-78],[101,161],[-1,-158],[-141,-44],[-61,66],[-54,-132],[-83,-54],[-29,124],[-29,9],[24,117],[61,-7],[43,105],[111,72],[53,92],[125,57]],[[99521,28946],[87,-197],[21,-302],[-198,-129],[-176,131],[-16,151],[41,77],[-3,86],[29,65],[87,106],[103,53],[25,-41]],[[7,29261],[-7,98],[39,68],[10,-54],[-42,-112]],[[99999,29234],[-29,-1],[29,126],[0,-125]],[[99579,27818],[-36,-50],[-20,30],[-35,-83],[-56,0],[69,107],[78,-4]],[[281,28520],[-14,-8],[-11,31],[9,17],[16,-40]],[[344,28339],[-3,-13],[-21,36],[24,7],[0,-30]],[[486,28537],[-16,-7],[-14,30],[22,24],[8,-47]],[[290,29016],[-13,-16],[-1,103],[24,-42],[-10,-45]],[[407,27683],[-17,11],[2,23],[9,4],[6,-38]],[[56,27842],[0,-21],[-19,-20],[3,39],[16,2]],[[99231,29104],[-15,-12],[30,82],[-4,-40],[-11,-30]],[[99839,28950],[-10,-19],[-4,96],[16,-10],[-2,-67]],[[99818,28432],[-26,50],[14,61],[16,-85],[-4,-26]],[[99673,28695],[-22,30],[11,43],[12,4],[-1,-77]],[[20,29558],[-20,-27],[28,77],[-8,-50]],[[12,29806],[-12,-13],[15,30],[-3,-17]],[[99999,29531],[-4,13],[4,23],[0,-36]],[[99199,32372],[-10,-7],[-22,17],[31,6],[1,-16]],[[98507,25903],[-10,-6],[-2,16],[5,9],[7,-19]],[[358,26625],[-5,6],[0,10],[3,-5],[2,-11]],[[33652,5084],[118,-38],[13,-35],[-39,-36],[3,-42],[66,-64],[4,111],[93,10],[32,-81],[-42,-46],[46,-37],[-13,-51],[-234,-160],[8,-115],[-151,58],[36,-110],[-76,-16],[-15,-79],[-38,51],[-32,71],[21,148],[142,168],[-10,137],[68,156]],[[33253,4949],[250,71],[33,-47],[-181,-382],[-90,-11],[-39,-118],[-84,-25],[-76,93],[201,201],[-96,41],[94,52],[-73,108],[-17,90],[78,-73]],[[33050,4721],[40,-6],[-20,-107],[-55,75],[35,38]],[[33767,4562],[1,-62],[-30,50],[12,20],[17,-8]],[[33302,4995],[-38,0],[-7,81],[57,-19],[-12,-62]],[[33421,4407],[-23,-7],[-8,76],[32,-33],[-1,-36]],[[52633,71307],[21,-454],[-103,-546],[-105,143],[22,79],[-47,43],[6,115],[-33,4],[22,116],[-31,46],[-6,41],[30,46],[-30,51],[69,177],[90,88],[49,-14],[13,214],[28,-26],[5,-123]],[[52115,74677],[-76,-113],[-104,15],[-19,-42],[28,-50],[-93,-209],[-58,-55],[-13,-136],[-69,-101],[-26,-108],[8,-126],[-35,-45],[10,-51],[54,36],[20,41],[-11,57],[54,69],[92,-11],[4,-176],[69,-168]],[[52081,71983],[-15,-11]],[[52049,71958],[-184,-252],[-40,-122],[-127,-90],[-197,110],[-24,82],[-68,16],[-4,54],[-97,-50],[-135,75],[-48,80],[-39,-21],[-181,-261],[-58,-195],[11,-228],[34,-113]],[[50892,71043],[-89,18],[-67,-82],[-125,57],[-47,-47],[-91,105]],[[50473,71094],[1,71],[-78,-6]],[[50396,71159],[-22,67],[-181,109],[-18,-110],[-187,0],[-72,96],[-79,-19],[-49,99],[-150,114],[-44,-35],[14,132],[-96,60],[-11,58]],[[49501,71730],[86,110],[67,701],[46,92],[-21,52],[-25,-69],[45,611],[71,-107],[38,-202],[39,-67],[-67,330],[-113,174],[-4,40],[50,-21],[-32,401],[-178,143],[-76,208],[12,160],[-50,88],[47,78],[79,-40],[-64,66],[-147,1],[-7,49],[28,63],[-95,30],[-5,79],[-49,-17],[-260,166],[-114,-10],[-32,102],[-70,50],[97,92],[-69,84],[93,10],[-132,42],[-1,124],[414,212],[63,-35],[87,-179],[68,79],[102,-3],[21,-44],[27,81],[23,-47],[124,16],[-52,107],[-5,280],[-64,202],[-12,136],[166,-2],[33,-206],[271,-64],[161,107],[-80,42],[16,137],[294,208],[97,178],[-4,343],[26,103],[237,150]],[[50701,77144],[20,-157],[45,-88],[97,20],[46,-174],[89,-38],[26,-121],[73,21],[62,-63],[-7,-193],[110,-8],[76,136],[-8,-137],[22,-120],[114,-78],[63,-117],[79,19]],[[51762,75986],[53,-41],[55,-165],[199,-6],[190,-126],[2,-61],[-84,-176],[-62,-337],[-24,-340],[24,-57]],[[49672,73488],[-10,-61],[-48,164],[29,-33],[29,-70]],[[62549,32040],[-30,57],[6,171],[36,-70],[-12,-158]],[[65499,26153],[-67,-13],[-54,59],[-36,152],[22,108],[97,-1],[49,-164],[-11,-141]],[[33103,51377],[-9,-48],[-56,29],[14,95],[-36,36],[-20,138],[24,18],[55,-84],[28,-184]],[[32964,52600],[-54,-2],[14,196],[83,-176],[-43,-18]],[[32891,52443],[-22,-32],[-25,71],[3,206],[55,-59],[-11,-186]],[[32991,52360],[-22,4],[17,78],[13,-60],[-8,-22]],[[34956,44947],[66,289],[20,9],[109,-154],[154,-97],[169,-340],[-9,-121],[29,65],[45,-102],[27,-143],[-12,-114],[49,199],[49,-404]],[[35652,44034],[-188,-620],[-90,-532],[-70,-151],[-90,-5],[-29,95],[-49,-61],[-72,72],[-100,-165],[-136,145]],[[48160,84681],[-13,-26],[-60,92],[62,-26],[11,-40]],[[48139,84427],[-53,64],[-13,70],[54,-45],[12,-89]],[[48003,84916],[34,-46],[-53,-20],[-46,67],[65,-1]],[[48158,84978],[-7,-94],[-52,18],[32,-118],[-80,100],[-44,135],[60,22],[91,-63]],[[48220,85000],[-13,-51],[-25,14],[-3,105],[41,-68]],[[95272,44924],[3,-34],[-20,28],[10,12],[7,-6]],[[88372,47862],[-21,-58],[33,124],[-12,-66]],[[92123,46346],[-2,-10],[-19,9],[16,32],[5,-31]],[[92188,46406],[-4,24],[12,-4],[1,-5],[-9,-15]],[[93975,45971],[-36,-9],[-14,101],[45,5],[5,-97]],[[53692,42696],[-34,-263],[21,-296],[-16,-62],[24,-27],[160,125],[92,-34],[69,-330],[-30,-195],[-65,-62],[-39,-128],[-25,-392],[59,-47],[112,-214],[-25,-926],[-61,-231],[10,-97],[-57,-96],[-30,18],[-2,95],[-41,136],[-74,-182],[-132,58],[-55,269],[-56,74],[-44,-72],[4,-283],[-106,-58],[-128,49],[-19,-348],[62,-103],[-20,-101],[69,-135],[-29,-150],[13,-94],[-53,-12],[-51,114],[-75,-120],[-29,-158]],[[53091,38418],[-217,635],[-174,384],[78,-85],[16,27],[-121,129],[-90,327],[51,-41],[0,47],[-61,49],[-63,364],[78,-228],[51,54],[-57,28],[14,134],[-40,-40],[-39,59],[-100,498],[33,-83],[35,14],[97,237],[16,490],[32,-130],[91,-81],[4,57],[53,49],[-63,-2],[-64,73],[-61,180],[47,80],[34,-63],[-7,321]],[[53146,42700],[6,93],[58,2],[462,-32],[20,-67]],[[49258,77514],[-173,-164],[-75,17],[-91,125],[-96,-16],[40,64],[-82,57],[-143,-81],[-62,56],[-38,123],[309,314],[47,152],[-28,46],[-6,217],[-161,-77],[115,238],[140,115],[122,27],[63,-61],[-19,95],[28,23],[41,-86],[47,3],[-46,29],[-42,114],[39,155],[-30,29],[2,93],[35,38],[9,153],[-83,-35],[-112,239],[-6,68],[35,147],[119,127],[-143,-4],[-113,-117],[-82,46],[-73,-62],[-84,61],[-26,-110],[-62,118],[-10,91],[32,1],[105,361],[-59,140],[18,162],[67,6],[-72,79],[12,76],[-115,-190],[-2,125],[62,118],[-107,-151],[-1,-175],[-47,-268],[-25,-44],[-34,25],[24,184],[49,125],[-32,8],[24,308],[96,357],[-129,-159],[-133,131],[112,95],[-37,35],[75,141],[9,92],[-72,143],[66,78],[-45,86],[38,149],[125,0],[-71,133],[21,119],[91,17],[-22,86],[20,128],[162,-38],[383,86],[-16,-159],[-28,-62],[-216,-255],[-12,-75],[49,-24],[-77,-169],[203,92],[369,-4],[58,-64],[24,-97],[-200,-591],[-50,-86],[-175,-106],[118,24],[65,-56],[-6,-45],[-191,-159],[-119,47],[206,-100],[124,53],[126,-88],[137,-234],[117,-610],[156,-140],[163,-272],[-34,-68],[90,-290],[-108,90],[-108,-9],[102,-23],[157,-251],[23,-123],[-86,-179],[65,-69],[78,112],[198,-30],[107,-120],[24,-123],[-42,-323],[-100,-105],[12,-88],[-146,-82],[41,-28],[-2,-83],[-130,-75],[130,-74],[146,2],[-5,-127],[-98,-95],[-24,-87],[-210,-114],[-299,7],[-151,87],[23,-54],[-194,-67],[19,-68],[-20,-18],[-268,80],[-112,-59],[-77,-276],[-143,108],[-173,-97],[-83,-153],[-149,27],[23,84],[64,35],[124,202],[86,171],[17,142],[63,36],[30,113],[292,12],[196,377],[-66,-83]],[[48834,78709],[41,-11],[-90,-120],[-50,88],[-4,89],[70,22],[33,-68]],[[49291,82870],[-31,-1],[71,47],[-6,-19],[-34,-27]],[[49710,83772],[-34,63],[20,82],[28,-24],[-14,-121]],[[49636,83789],[42,-85],[29,19],[-68,-398],[-16,23],[18,170],[-104,91],[81,36],[-21,95],[-34,18],[58,81],[15,-50]],[[49784,83982],[-14,-90],[-27,9],[2,80],[39,1]],[[49120,82562],[-31,-9],[-32,90],[34,-3],[29,-78]],[[49186,82525],[-13,11],[-17,46],[39,3],[-9,-60]],[[49150,82728],[-3,-18],[85,-34],[-18,-44],[-94,18],[-52,70],[29,88],[55,-32],[-2,-48]],[[49241,82838],[-24,-17],[-65,114],[21,16],[68,-113]],[[48164,81006],[-17,6],[51,51],[-12,-28],[-22,-29]],[[48581,80207],[-62,22],[-11,131],[51,17],[22,-170]],[[48395,80837],[-149,-36],[35,45],[13,94],[-50,55],[60,54],[95,-109],[-4,-103]],[[48297,80546],[11,-193],[-60,-35],[1,122],[-53,-59],[22,111],[79,54]],[[48341,80464],[-20,-6],[-8,61],[44,58],[-7,49],[59,52],[-68,-214]],[[48278,82259],[-36,-123],[-63,-68],[42,-12],[-6,-38],[-148,-191],[-35,45],[63,77],[-56,56],[20,33],[-29,32],[17,89],[84,-23],[-14,79],[150,142],[11,-98]],[[48255,81274],[-18,-7],[-24,45],[30,23],[12,-61]],[[48293,81655],[2,-135],[130,-61],[-89,-129],[-13,111],[-80,1],[-33,88],[-89,81],[127,161],[45,-117]],[[47998,81780],[31,-40],[-25,-66],[-92,49],[86,57]],[[47986,81380],[-37,11],[-8,176],[40,-6],[5,-181]],[[47939,81275],[-24,-10],[-11,15],[25,33],[10,-38]],[[47994,79955],[33,-30],[43,94],[131,41],[96,-16],[26,-52],[89,-230],[-45,-124],[82,16],[31,-115],[-4,-41],[-52,76],[4,-118],[28,-8],[-14,-69],[-61,-26],[-53,-130],[-56,26]],[[49704,76857],[-52,-72],[-87,55],[70,75],[69,-58]],[[61530,70400],[53,132],[17,187],[-76,485],[-181,284],[-104,58],[-135,193]],[[62897,70663],[-69,-165],[136,-260],[-38,-140],[-101,77],[-70,-8],[-54,53],[-3,54],[-121,78],[-77,-111]],[[62500,70241],[-53,-22],[8,-34],[-389,-74]],[[49302,76015],[-10,-46],[-28,28],[29,27],[9,-9]],[[50329,45461],[-66,-196],[-191,-38],[-294,-373],[-196,-133],[-139,-194],[-308,230]],[[49135,44757],[7,28]],[[49142,44785],[19,2]],[[49161,44787],[56,15],[17,197],[-11,118],[-56,78],[-63,514],[-3,257],[69,280],[55,512],[78,195],[-26,416],[-41,172],[15,307]],[[49251,47848],[-24,187],[-3,484],[-34,112],[23,286],[497,8],[115,-58],[91,169],[64,-37]],[[48511,66615],[6,0],[-1,-21],[-3,6],[-2,15]],[[46307,47544],[7,86],[-47,175],[-36,87],[-35,-5],[1,277],[-36,-29],[-63,179],[-106,75],[-51,212],[5,153],[-23,-55],[-28,171],[-31,26],[-35,-116],[-8,96]],[[47780,48329],[-46,-134],[5,-337],[30,-69],[37,13],[-6,-160],[39,-76],[-45,-71],[-3,-135],[64,-102],[11,-163],[-102,59],[-53,-28],[-5,-142],[58,-59],[11,-64],[-62,-367],[-71,1]],[[45343,50371],[-17,195],[43,94],[32,-121],[39,-24],[64,10],[7,71],[203,59],[-197,-14],[-60,-74],[-49,81],[-9,91]],[[46186,50096],[6,-254],[-67,-69],[58,-144],[2,-193],[-148,-53],[-116,-107],[-100,-400]],[[45821,48876],[-3,142],[-47,-78],[2,88],[-49,43],[10,126],[-34,10],[14,62],[99,70],[-44,62],[-51,-50],[-25,76],[24,105],[57,-1],[37,69],[-240,-128],[6,106],[-60,-14],[-53,94],[23,131],[-53,-23],[-77,106]],[[45523,48960],[-34,38],[47,59],[4,-56],[-17,-41]],[[45584,48976],[-19,-16],[7,94],[8,-22],[4,-56]],[[45631,49070],[-15,-15],[34,65],[-8,-37],[-11,-13]],[[45679,49296],[-18,-2],[38,69],[-1,-46],[-19,-21]],[[45582,49246],[-33,8],[16,85],[14,-6],[3,-87]],[[45559,49539],[-15,-86],[-30,60],[-1,22],[46,4]],[[52426,43821],[48,0],[11,-93],[-68,-285],[-63,29],[-7,112],[35,41],[44,196]],[[53146,42700],[2,-822],[-397,-28],[-40,81],[-47,-30]],[[52664,41901],[-57,75],[117,555],[-2,265]],[[52722,42796],[50,-96],[374,0]],[[57738,66906],[-6,-11],[-14,49],[21,23],[-1,-61]],[[55725,68193],[4,-81],[45,-88],[-8,-51],[-66,26],[-19,89],[-28,-38],[58,208],[14,-65]],[[55802,67787],[29,-69],[-49,-30],[-55,134],[20,52],[55,-87]],[[55746,68352],[-37,-18],[39,184],[6,-145],[-8,-21]],[[55766,68156],[-14,-8],[-24,114],[22,-21],[16,-85]],[[55577,68933],[6,-40],[-60,60],[-66,215],[77,5],[-22,-74],[31,-139],[34,-27]],[[56504,68598],[30,-102],[168,-116],[41,-301],[80,-52],[4,-89],[-61,-1],[-89,261],[-108,38],[-9,77],[-102,175],[-106,48],[108,114],[44,-52]],[[56605,68708],[-32,-13],[-20,80],[52,-67]],[[56635,68739],[-13,-8],[36,86],[-9,-47],[-14,-31]],[[56854,68493],[-38,-14],[-15,135],[22,-27],[31,-94]],[[56881,69765],[-35,-25],[-36,76],[56,70],[15,-121]],[[56541,67872],[-11,-18],[-25,21],[18,42],[18,-45]],[[56403,66650],[-39,22],[11,114],[40,-96],[-12,-40]],[[57548,66140],[-10,-40],[-19,133],[42,157],[-18,-135],[21,-106],[-16,-9]],[[57505,67191],[-28,-10],[-8,100],[42,-60],[-6,-30]],[[57485,67028],[74,121],[38,-21],[-56,-65],[-56,-35]],[[57096,67197],[-25,-27],[-27,99],[46,89],[17,-31],[-11,-130]],[[57021,67268],[-22,-54],[-26,31],[36,79],[12,-56]],[[57078,66792],[-13,-36],[-18,13],[10,81],[21,-58]],[[57050,66991],[-5,-12],[-29,71],[41,-29],[-7,-30]],[[57451,67791],[64,-72],[-59,-45],[-73,55],[68,62]],[[57230,67592],[16,75],[73,27],[-40,-74],[-49,-28]],[[57183,67072],[-33,0],[72,104],[18,-25],[-57,-79]],[[57350,66928],[-36,-52],[-17,25],[27,65],[26,-38]],[[56765,67626],[-19,-34],[25,108],[6,-23],[-12,-51]],[[56787,67462],[-16,-21],[15,113],[14,-47],[-13,-45]],[[56815,67054],[-1,-56],[-57,-20],[8,62],[50,14]],[[56928,67567],[-1,-73],[-8,1],[-1,83],[10,-11]],[[56942,67755],[-9,-48],[-72,190],[71,-40],[10,-102]],[[57015,67642],[-28,-38],[-44,92],[63,-32],[9,-22]],[[56866,67165],[-12,26],[1,44],[23,-51],[-12,-19]],[[57248,68077],[-27,-40],[-34,76],[32,59],[-40,156],[87,-24],[-18,-227]],[[57336,68860],[46,-155],[2,-55],[-27,30],[17,-57],[-108,23],[-14,38],[46,83],[-56,-72],[-64,74],[90,122],[68,-31]],[[57134,69632],[-31,-18],[-35,58],[34,23],[32,-63]],[[57065,69320],[-22,-123],[-30,61],[-52,-30],[-1,104],[63,-31],[46,56],[-4,-37]],[[57056,67515],[-27,-4],[2,53],[41,-13],[-16,-36]],[[56812,67308],[-28,5],[5,38],[24,4],[-1,-47]],[[57734,66466],[-36,20],[0,151],[55,122],[89,62],[-40,-259],[-68,-96]],[[56625,66189],[87,42],[9,-40],[-25,-30],[68,-96],[102,46],[210,-83],[71,30],[17,-159],[147,135],[-21,-190],[-22,-19],[-380,-59],[-25,109],[-68,50],[-242,68],[-6,196],[28,-15],[18,100],[32,-85]],[[57232,69844],[-50,82],[-209,106],[-87,-96],[-87,63],[-110,-157],[-89,16],[29,-231],[96,-64],[36,-127],[-119,149],[-51,-21],[66,-151],[-6,-105],[-78,182],[-66,28],[2,-105],[67,-110],[-13,-24],[-65,46],[-23,160],[-115,129],[-13,63],[20,71],[-82,-67],[-10,-323],[204,-606],[-48,-53],[2,111],[-67,34],[-22,-34],[13,-63],[22,-98],[28,5],[-138,-120],[190,-145],[119,-217],[79,-55],[16,-95],[-1,-325],[-144,251],[-130,-110],[31,-58],[14,-124],[55,-28],[26,-98],[-91,-75],[-40,104],[-67,73],[-14,-31],[93,-484],[-5,-147],[33,-138],[-123,243],[-30,-10],[-33,-234],[-18,20],[-14,159],[-82,230],[-35,-27],[-17,-178],[-86,242],[26,215],[-154,355],[78,215],[71,-15],[46,108],[304,-261],[-7,66],[63,15],[8,73],[-88,41],[-114,143],[-29,-57],[-98,39],[-137,-64],[-39,117],[-8,-80],[-33,-20],[-116,372],[35,47],[61,-32],[2,95],[-113,3],[-114,207],[-84,269]],[[55555,69128],[69,-22],[37,87],[-20,125],[97,97],[41,231],[40,34],[22,90],[-18,160]],[[56365,70273],[437,154],[79,-140],[61,6],[72,-86],[186,48],[65,87],[-20,190],[66,8]],[[32856,49631],[-18,-3],[19,124],[30,27],[-6,-119],[-25,-29]],[[41679,99999],[1155,-214],[-1721,-124],[-11,-72],[574,90],[823,-31],[522,65],[181,-198],[541,-62],[231,-75],[48,-62],[-132,-93],[-312,-97],[-1795,-115],[-85,-75],[21,-70],[74,-11],[473,77],[748,-34],[155,-83],[82,-128],[222,51],[88,152],[66,29],[445,27],[58,-95],[-4,-168],[-100,-182],[-435,-359],[-35,-56],[22,-49],[81,95],[538,256],[350,256],[112,0],[20,-90],[472,-81],[330,251],[227,59],[838,-109],[280,-142],[-473,-277],[-368,-66],[62,-87],[-76,-75],[-627,-135],[229,-102],[-154,-124],[-439,-56],[-377,60],[-201,-173],[-8,-108],[31,-59],[199,-28],[19,-36],[-36,-236],[72,-16],[45,-104],[-203,-79],[-91,-157],[-157,-27],[-144,-102],[50,-73],[-220,-538],[5,-58],[41,-40],[56,32],[143,151],[382,-136],[54,-94],[-241,74],[-144,-50],[125,-176],[258,-103],[239,26],[41,-89],[-12,-149],[-75,-111],[-522,111],[-127,-24],[-187,-140],[-158,75],[-118,-64],[204,-92],[33,-121],[75,-91],[167,23],[217,-60],[67,-69],[-26,-88],[124,-168],[31,-185],[7,-138],[-42,-83],[-76,-16],[-111,106],[-80,4],[-117,-111],[-206,-94],[-162,68],[149,-109],[213,63],[40,-114],[-3,-61],[-67,-107],[49,-13],[69,66],[54,173],[120,0],[124,-247],[70,-55],[17,-47],[-13,-97],[-104,-59],[-169,17],[7,-55],[-250,-66],[-229,94],[54,168],[-62,60],[18,-91],[-15,-34],[-100,-73],[38,-57],[-39,-100],[56,-52],[491,-100],[-40,-250],[-35,-20],[-191,-5],[-284,-132],[-246,90],[-147,103],[-110,155],[-144,-114],[-235,176],[207,-220],[-357,-202],[-336,129],[203,-131],[-52,-55],[-231,-23],[59,-50],[541,146],[95,85],[257,9],[582,-345],[9,-199],[-19,-166],[-57,-39],[-4,-158],[-493,267],[-81,132],[-75,247],[-563,-227],[73,-30],[439,161],[45,-224],[-14,-54],[-139,-80],[175,19],[576,-356],[36,-101],[114,-18],[-151,-172],[6,-82],[17,-95],[33,129],[152,32],[22,-437],[42,-233],[-117,-58],[-122,14],[-15,279],[-25,-36],[-23,-222],[-22,-39],[-177,9],[-179,140],[-82,279],[-82,125],[-368,245],[-334,39],[-21,-17],[16,-49],[351,-37],[49,-151],[-136,-152],[-156,-70],[-467,30],[117,-108],[-47,-129],[-257,-149],[410,-27],[236,49],[66,-56],[-228,-126],[-83,-133],[68,-26],[99,148],[416,107],[517,-151],[406,-22],[-63,-86],[-182,-72],[11,-64],[-227,-39],[35,-104],[-155,-3],[22,-74],[-21,-28],[-248,-126],[26,-67],[-125,-84],[-43,-110],[-218,-152],[-768,-265],[-172,9],[-91,-79],[-146,36],[31,-93],[-103,-40],[-122,47],[-252,217],[41,-126],[-52,-31],[58,-106],[-2,-51],[-276,-256],[-96,-176],[-7,-84],[-159,-374],[-89,-67],[-59,-138],[-154,-130],[-189,135],[66,-212],[-208,-218],[-2,91],[-39,33],[-38,-153],[-74,-5],[-37,63],[-70,-58],[-26,-94],[-96,-44],[-68,82],[56,103],[3,86],[141,229],[-243,57],[112,-87],[-60,-85],[-48,-167],[-105,75],[84,-121],[4,-89],[-121,-61],[-427,-48],[166,-152],[-188,-205],[-115,42],[-116,-6],[-1,-46],[34,-117],[86,33],[132,-307],[-144,-105],[4,-45],[-27,-31],[-222,53],[153,-124],[115,7],[-10,-143],[29,-143],[-62,-70],[-1,-65],[-76,-14],[-29,-116],[13,-53],[-78,-149],[-127,6],[-92,98],[23,-65],[127,-102],[-76,-166],[-287,-12],[219,-107],[-46,-293],[49,-97],[9,-110],[-132,-99],[73,-25],[-89,-435],[-20,-208],[-91,-172],[-244,50],[174,-105],[39,-79],[9,-191],[-55,-94],[-176,68],[82,-117],[-69,-30],[-58,11],[14,66],[-96,-2],[-12,65],[62,116],[2,66],[-108,-181],[-213,131],[3,120],[110,59],[60,146],[-173,-154],[-185,120],[-27,113],[73,223],[3,88],[-39,-86],[-240,-197],[-256,9],[18,-70],[-27,-3],[-98,31],[-7,61],[121,100],[-171,5],[-12,128],[-137,63],[-35,174],[-67,46],[27,68],[-52,144],[153,133],[-81,23],[-140,-80],[-12,107],[32,58],[-213,169],[17,74],[-11,101],[140,228],[-166,-157],[-299,578],[-20,81],[25,104],[-27,71],[357,146],[-62,-3],[13,73],[-307,-152],[-46,76],[133,250],[110,-1],[-4,60],[46,24],[91,3],[96,-166],[-31,181],[-110,44],[-123,306],[66,-284],[-138,-119],[22,110],[-32,-19],[-140,-336],[-45,-44],[-48,139],[2,187],[-48,333],[-52,36],[-25,87],[255,270],[146,44],[-175,-37],[-174,-184],[-56,0],[-58,91],[-122,2],[-10,125],[36,145],[-79,50],[371,323],[230,263],[-503,-478],[-160,-33],[-6,182],[60,165],[106,126],[181,38],[-361,74],[-55,105],[24,199],[357,242],[527,-165],[-155,117],[79,63],[-22,16],[-222,-48],[-161,70],[-176,-56],[-122,-129],[-88,-18],[44,203],[118,261],[432,-108],[119,233],[-80,6],[-49,-85],[-157,-37],[-161,63],[-168,-9],[95,220],[121,69],[273,-122],[136,45],[92,136],[-124,-37],[45,275],[219,29],[-66,55],[-150,-27],[51,142],[24,177],[127,94],[-42,98],[49,64],[-217,22],[-110,-50],[-210,51],[-213,171],[-275,84],[-144,195],[102,85],[378,-49],[355,-219],[234,-30],[-178,135],[19,186],[-144,111],[210,-6],[-100,83],[-453,43],[-30,93],[102,133],[270,127],[-244,-7],[-142,-96],[-76,30],[-10,43],[92,118],[-52,-12],[-24,147],[-109,207],[44,49],[-76,-31],[37,-130],[78,-111],[10,-89],[-84,-121],[-67,-14],[30,-93],[-14,-47],[-202,-65],[-180,42],[-71,89],[-21,98],[98,295],[132,189],[-206,-142],[-21,31],[6,55],[95,38],[-85,70],[188,83],[51,90],[1,122],[-93,100],[-60,-58],[-106,53],[-7,74],[93,63],[20,88],[-44,93],[-81,-53],[-38,85],[-64,37],[38,142],[36,0],[-108,260],[-74,37],[-205,-40],[146,66],[19,42],[-22,106],[128,69],[-642,582],[88,109],[-74,128],[-742,330],[-584,136],[-154,-95],[-128,70],[-296,-130],[-162,78],[-142,-72],[-170,39],[112,-153],[-42,-6],[-414,86],[-324,217],[380,177],[-316,25],[-177,99],[54,114],[-255,-118],[-151,177],[154,85],[451,1],[107,103],[127,27],[333,-11],[152,-59],[-18,79],[52,86],[-154,121],[-241,-115],[-259,55],[-203,-95],[-336,176],[124,88],[-321,-20],[-246,101],[-184,167],[66,60],[-37,58],[67,84],[229,100],[738,165],[19,17],[-29,43],[181,67],[709,95],[149,186],[138,396],[170,70],[-72,30],[-381,-83],[-287,36],[-83,64],[-14,80],[162,175],[268,111],[314,221],[220,41],[184,-121],[-49,139],[68,87],[432,-51],[76,104],[17,80],[-28,247],[214,122],[319,-25],[741,-367],[-737,436],[153,78],[880,107],[229,75],[205,-51],[88,-81],[25,-72],[7,-288],[143,153],[32,118],[-49,57],[-2,93],[24,50],[591,-300],[376,16],[-325,224],[-77,157],[264,9],[327,-47],[1148,-441],[55,49],[-30,180],[25,109],[86,76],[-24,73],[-342,194],[1022,-47],[141,49],[-942,94],[-382,-17],[-95,65],[86,79],[209,-33],[669,174],[474,-115],[262,163],[396,-111],[216,-124],[61,114],[-168,69],[-58,79],[285,89],[255,-22],[55,50],[1848,20]],[[35352,90411],[191,-97],[40,-142],[-59,-81],[-183,-89],[-273,-73],[-119,101],[146,44],[-47,53],[-252,49],[-52,73],[37,166],[129,-6],[-125,78],[-16,57],[35,86],[92,43],[299,-78],[157,-184]],[[35829,90135],[-61,0],[-32,213],[71,49],[115,-53],[-65,-65],[-28,-144]],[[35129,91183],[-101,31],[-17,30],[104,119],[42,-101],[-28,-79]],[[34717,92414],[-153,-159],[-180,109],[281,86],[52,-36]],[[30092,95606],[-99,-6],[-131,49],[113,57],[182,-51],[-65,-49]],[[37537,98956],[-524,186],[-166,177],[21,41],[243,24],[412,-149],[46,-55],[-32,-224]],[[42935,91099],[11,-61],[-21,-39],[34,-61],[-16,-29],[-226,-139],[-108,70],[-397,-47],[89,159],[2,129],[25,12],[277,-27],[223,119],[107,-86]],[[44815,98789],[-102,-13],[-156,115],[-5,61],[82,32],[181,-195]],[[45107,97366],[-117,-80],[-174,6],[-133,93],[165,112],[298,12],[20,-62],[-59,-81]],[[44723,96063],[-37,-25],[-52,285],[106,56],[-5,-149],[19,-68],[-31,-99]],[[44838,94703],[-32,-18],[-108,292],[7,186],[91,-37],[42,-423]],[[44999,94257],[32,-143],[108,-37],[29,-81],[-355,-25],[-61,50],[10,174],[237,62]],[[45012,95829],[-74,19],[88,137],[62,-3],[11,-54],[-24,-53],[-63,-46]],[[39713,87305],[-43,-1],[-10,116],[75,-23],[-22,-92]],[[37148,83960],[-32,-85],[-114,84],[163,115],[-17,-114]],[[35645,91052],[-123,11],[-8,24],[50,50],[100,-75],[-19,-10]],[[25233,53715],[-21,-1351],[95,-3]],[[25307,52361],[81,-89],[18,60],[-16,71],[102,-156]],[[24973,50844],[-142,135],[-214,43],[-238,391]],[[90205,50508],[-22,22],[-4,97],[53,137],[20,-17],[-47,-239]],[[33328,47192],[50,-123],[48,-8],[129,-203],[192,-476],[8,-253],[-53,-456],[71,324],[120,-46],[123,-319],[87,-108],[9,-444]],[[34310,42542],[-98,-43],[-79,93],[-55,-35],[-63,-168],[-122,-54],[-14,-90],[-85,47],[-46,-105],[-2,-108],[-76,-54],[-123,118],[-142,351],[-4,281],[-37,63],[-29,230],[6,211],[39,253],[-7,167],[49,80],[36,165],[-52,206],[9,109],[-123,107],[32,146],[12,241],[-42,110],[-167,-26]],[[81670,57022],[70,20]],[[81740,57042],[19,-102],[-19,-71],[-92,49],[-11,45],[33,59]],[[81730,56810],[-7,-11],[-20,68],[31,-20],[-4,-37]],[[81665,56810],[-33,0],[-11,22],[57,64],[-13,-86]],[[70474,3770],[-68,-33],[-59,146],[163,-96],[-36,-17]],[[25739,50311],[-42,263],[-90,33]],[[25177,51322],[53,134],[-14,183],[14,122],[262,486]],[[25492,52247],[27,-20],[119,148],[60,-85],[56,31],[105,-50],[153,14],[117,120],[-14,50],[139,-88],[142,64],[115,-132],[37,19],[-26,30],[72,-35],[138,-295],[-58,82],[-39,-20],[5,-65],[47,-5],[46,-122],[73,1],[-41,103],[77,-90],[58,-174]],[[25994,52704],[-44,-55],[-14,1],[53,79],[51,10],[-46,-35]],[[26147,52763],[-21,-41],[-4,18],[35,57],[-10,-34]],[[55279,72759],[-47,10],[-48,137],[-186,46],[-51,-46],[-34,58],[-156,9],[-58,74],[-35,-56],[-73,14],[-66,-148],[-73,128],[-67,-7],[-14,-292],[102,-172],[54,-279],[218,-428],[53,-50],[5,-98],[99,-211],[-18,-48]],[[54884,71400],[-189,320],[-142,106],[-113,-17],[-12,97],[-210,362],[-18,60],[97,11],[-136,233],[-24,73],[-11,263],[-85,154],[-66,28],[-96,-355],[-29,2],[-65,191],[-31,263],[17,25]],[[54625,71441],[123,-23],[26,-33],[-94,-15],[-55,71]],[[54776,71532],[-143,-2],[-85,64],[41,11],[187,-73]],[[54662,71634],[-44,-2],[-57,35],[8,49],[122,-51],[-29,-31]],[[54230,72191],[5,-25],[-51,92],[46,-67]],[[54113,72835],[-34,-15],[-69,101],[37,89],[66,-175]],[[54119,72681],[7,-31],[-54,60],[26,32],[21,-61]],[[54218,72384],[-76,105],[-48,149],[139,-244],[-15,-10]],[[54219,72093],[-15,-11],[-75,183],[24,-35],[66,-137]],[[54269,72129],[19,-52],[-47,78],[28,-26]],[[54024,72612],[-49,169],[5,187],[38,-138],[6,-218]],[[54891,71281],[37,-48],[-111,63],[25,7],[49,-22]],[[55143,71044],[-192,257],[-217,153],[49,8],[140,-124],[-16,33]],[[54907,71371],[37,4],[177,-241]],[[30061,55055],[19,-163],[-10,-142],[28,-86],[-45,-124],[18,-179],[-71,-95],[66,-180],[-2,-213]],[[30064,53873],[-81,133],[-227,-54],[-141,70],[-101,-43],[-38,-104],[-56,122],[-92,92],[-17,73],[26,123],[44,27],[399,-161],[48,82],[67,17],[8,70],[-129,280],[20,42],[10,218],[-97,119],[-95,34],[-1,104],[145,85],[183,-129],[122,-18]],[[29776,54393],[-5,-50],[-71,59],[-55,115],[58,-16],[73,-108]],[[29815,55279],[7,-36],[-89,54],[47,21],[35,-39]],[[55251,73508],[-67,-17],[-85,-109],[-153,26],[-138,145],[-122,242],[-99,113]],[[54470,74163],[100,101],[-3,277],[65,96],[-71,97],[47,54],[54,-51],[78,21],[-10,91],[33,119]],[[77077,42206],[126,-346],[-31,-288],[-38,22],[-23,168],[-55,79],[-90,337],[46,-1],[31,81],[34,-52]],[[77545,39923],[-94,119],[-62,290],[20,160],[72,11],[92,-474],[2,-78],[-30,-28]],[[82399,35111],[-35,-146],[20,-46],[-96,-18],[-106,87],[61,30],[-5,217],[95,164],[88,-93],[-22,-195]],[[82068,35434],[71,-178],[-103,-147],[-52,-164],[-25,194],[-123,137],[-40,151],[10,35],[121,-51],[59,86],[82,-63]],[[79456,40000],[89,-561],[126,-76],[-57,-227],[15,-124],[-186,174],[-59,454],[-65,72],[-58,-33],[-58,58],[16,89],[51,73],[0,109],[24,58],[34,34],[33,-144],[5,139],[53,21],[37,-116]],[[84216,37971],[4,-191],[-21,70],[-18,-18],[-23,-275],[64,-94],[-4,-42],[-61,-52],[-43,-187],[-47,6],[-16,123],[50,196],[24,416],[51,158],[40,-110]],[[84067,37465],[-22,-83],[-72,5],[-6,43],[31,176],[-7,213],[92,104],[16,-222],[-40,-144],[8,-92]],[[80087,43772],[-60,11],[40,74],[-43,30],[-24,92],[68,165],[40,-163],[-21,-209]],[[80057,39064],[-42,-161],[-55,99],[-10,-53],[-58,-34],[-14,204],[29,249],[47,25],[105,-117],[21,-94],[-23,-118]],[[87606,40716],[141,-52],[134,-259],[-58,-85],[-70,25],[-46,250],[-29,-41],[-59,80],[-13,82]],[[87631,40054],[202,-44],[192,-102],[-185,-66],[-205,159],[-4,53]],[[86336,41172],[129,-103],[17,-99],[-33,-59],[-59,10],[-107,193],[39,-144],[38,-38],[-1,-50],[-40,-20],[-17,104],[-39,-49],[-15,70],[-72,40],[35,96],[125,49]],[[85681,42619],[-44,-12],[-22,185],[31,121],[76,90],[24,-87],[-18,-176],[-47,-121]],[[85597,40006],[-164,-48],[-47,59],[18,135],[53,85],[71,-75],[69,-156]],[[85014,39449],[-21,25],[-32,239],[17,72],[19,-26],[17,-310]],[[85006,39915],[85,-23],[-237,-83],[-25,69],[177,37]],[[84713,39974],[61,-5],[35,-115],[-86,-47],[-48,34],[-87,-79],[-28,2],[-25,102],[25,141],[153,-33]],[[86478,35544],[-58,1],[6,220],[109,366],[32,37],[26,-59],[-26,-49],[13,-121],[-102,-395]],[[85222,35777],[3,-49],[-65,-49],[-30,-100],[-120,45],[-67,-70],[49,226],[67,-30],[109,95],[54,-68]],[[84603,35444],[7,-43],[125,16],[21,-19],[2,-85],[-209,-63],[14,164],[40,30]],[[86389,40249],[-61,42],[-31,208],[100,30],[-8,-280]],[[76803,44856],[97,32],[196,-49],[100,-229],[25,-153],[69,-175],[17,-226],[396,-641],[220,-700],[101,-169],[-17,207],[61,10],[70,-172],[49,-225],[86,-50],[65,-126],[61,-318],[42,-105],[127,-89],[51,-96],[-7,-115],[-127,-140],[96,44],[123,165],[39,-23],[54,-135],[32,-170],[-100,-168],[-6,-120],[29,-73],[-20,-77],[26,-126],[53,-93],[183,-132],[37,-525],[92,-192],[-5,-100],[-50,-138],[1,-117],[89,158],[118,-6],[52,-79],[128,-432],[4,-78],[-60,-279],[24,-155],[-27,-232],[15,-596],[-38,-569],[-36,13],[-75,176],[-75,-138],[-122,159],[12,-262],[-23,-9],[-214,581],[-359,653],[-114,389],[-153,304],[-191,647],[-9,221],[-103,447],[-49,333],[-125,361],[-53,252],[-142,216],[-100,805],[-56,260],[-249,348],[-30,343],[-56,91],[-117,422],[-47,95],[-99,75],[-240,596],[-103,437],[5,198],[112,31],[140,-221],[100,-46]],[[84106,35112],[-315,-202],[-18,55],[-48,4],[-24,-72],[-81,-13],[-135,94],[-119,18],[-59,-57],[-28,113],[19,195],[204,126],[232,-237],[145,86],[99,-122],[146,228],[19,58],[-44,26],[44,57],[24,-158],[-54,-107],[10,-57],[-17,-35]],[[83336,34575],[58,-93],[19,-99],[74,-50],[63,-168],[6,-106],[-102,-131],[-51,37],[-181,329],[-144,47],[-35,132],[94,107],[139,-9],[40,56],[20,-52]],[[82844,35319],[103,26],[28,-94],[10,59],[49,23],[57,-261],[-35,-57],[-72,10],[24,-69],[-98,-16],[-23,30],[-5,98],[-52,-117],[-314,-182],[-76,65],[13,334],[92,116],[112,-41],[66,-201],[45,-12],[74,96],[-116,176],[-17,136],[101,20],[34,-139]],[[84691,41875],[-129,-369],[-187,-116],[-135,15],[-75,117],[-551,-36],[-121,61],[-64,-56],[-43,-127],[-50,-327],[14,-253],[57,-242],[69,-99],[42,-233],[102,-25],[32,47],[118,360],[45,-69],[65,-5],[86,124],[169,1],[-17,68],[95,62],[58,-55],[15,-91],[-15,-159],[-42,2],[-49,91],[-41,-20],[-181,-461],[-109,-97],[-58,-142],[-82,12],[61,-192],[54,-63],[87,-359],[58,-112],[30,-206],[-23,-52],[-18,-243],[91,-185],[31,-142],[44,14],[6,-230],[-42,36],[1,-49],[-169,-92],[-21,-205],[-125,51],[-29,126],[37,343],[-85,122],[-117,281],[45,249],[0,292],[-48,75],[-63,-16],[-109,-198],[49,-533],[-21,-267],[16,-374],[-39,-372],[42,-313],[-133,9],[-65,-81],[-44,58],[-55,209],[65,556],[8,344],[-40,215],[-3,152],[-30,38],[-102,-55],[-35,98],[-23,477],[85,167],[23,243],[41,148],[-3,367],[55,353],[56,159],[37,-128],[-34,544],[40,91],[-15,140],[28,145],[99,370],[41,-86],[52,4],[74,280],[59,53],[90,-59],[52,-124],[234,-35],[112,-121],[63,68],[240,-65],[96,121],[198,478],[34,-11],[34,-129],[-95,-357]],[[79825,36946],[82,-147],[184,-49],[52,-130],[44,-225],[172,-54],[57,40],[257,-97],[114,369],[38,-8],[58,-177],[100,27],[152,-173],[125,-23],[31,-207],[40,-59],[0,-174],[61,-75],[134,-46],[159,64],[95,-112],[-7,-433],[58,-196],[-3,-60],[-370,340],[-159,-86],[-325,73],[-251,110],[-158,183],[-210,130],[-150,27],[-80,-92],[-149,52],[-175,177],[-231,73],[-11,91],[29,131],[-89,88],[-262,65],[32,121],[31,-83],[48,220],[36,9],[23,239],[57,143],[209,-130],[52,63],[9,74],[91,-73]],[[82659,44111],[-31,-67],[87,-272],[-41,-38],[-33,67],[-17,-73],[-109,-4],[80,-138],[2,-164],[72,-91],[7,-80],[-19,-15],[36,-29],[-16,-44],[40,-55],[78,-302],[-6,-72],[-71,-133],[81,-229],[252,-506],[-26,-67],[-100,-52],[-94,43],[-79,158],[15,-147],[-61,-113],[-62,-347],[-16,-394],[27,-315],[-89,-109],[-91,-209],[-32,28],[-16,98],[4,-199],[-133,-322],[41,0],[8,-98],[-38,-152],[59,-48],[10,-66],[-10,-148],[-59,-29],[17,-19],[-13,-228],[-29,-52],[-16,29],[25,-135],[-84,-329],[-350,-405],[-19,41],[-28,517],[-22,-74],[-29,27],[0,147],[-30,-89],[-42,58],[-35,-81],[-70,-43],[-20,25],[-6,158],[-75,-36],[-85,220],[-18,-178],[-59,-95],[-44,-55],[-88,56],[-118,-163],[-10,348],[-35,118],[-20,-60],[-71,29],[-122,-97],[-28,54],[20,61],[-55,-79],[-36,91],[-88,-53],[-44,680],[-38,98],[21,237],[-15,177],[-54,185],[-147,143],[32,120],[-70,174],[38,297],[-87,228],[-8,392],[11,156],[49,84],[-34,-10],[18,180],[84,301],[70,74]],[[85480,41772],[42,-12],[24,148],[53,82],[17,170],[130,121],[4,-328],[-112,-161],[-11,-101],[97,-129],[23,-134],[58,-101],[-255,180],[-27,-122],[26,-385],[124,-454],[-105,132],[-99,326],[5,373],[-48,228],[20,167],[-50,205],[56,495],[113,250],[-42,-257],[35,-93],[0,-260],[-100,-224],[22,-116]],[[86042,39157],[64,-78],[110,-9],[53,-100],[28,-183],[28,-19],[24,-107],[-15,-202],[-267,373],[-92,-1],[-13,-88],[-168,154],[-62,-140],[-34,-11],[-107,206],[-63,-239],[-7,193],[89,251],[220,26],[51,-74],[86,104],[75,-56]],[[85238,39001],[102,-214],[1,-170],[-151,-134],[-131,154],[-44,129],[-8,176],[17,46],[214,13]],[[84740,34479],[-178,-449],[-189,-139],[-39,54],[31,135],[-35,78],[21,184],[103,256]],[[84567,34705],[133,174]],[[87429,37157],[-9,-414],[-22,-49],[-54,21],[-80,192],[41,37],[12,125],[-39,88],[38,-4],[64,201],[49,-197]],[[87370,36640],[-59,-286],[-34,-42],[-30,52],[4,255],[24,9],[-19,23],[-3,166],[117,-177]],[[88481,35350],[-66,-93],[-180,14],[120,578],[60,90],[131,34],[61,-216],[-56,-255],[-70,-152]],[[89159,34755],[-276,671],[37,171],[-50,-125],[-153,-62],[-38,146],[-15,-73],[-84,-108],[-10,66],[65,393],[-95,236],[33,36],[55,-19],[31,26],[-92,38],[-68,141],[74,55],[-119,362],[-39,278],[22,74],[-49,26],[39,92],[-70,-23],[-8,171],[-217,366],[-23,-31],[-160,120],[-178,203],[-218,56],[-122,180],[-21,82],[8,87],[50,12],[-173,-5],[-33,105],[-48,-15],[-82,238],[5,163],[40,136],[-39,-23],[-13,-195],[-37,-33],[-33,-343],[-42,-115],[-93,4],[-45,248],[32,108],[-32,180],[-112,225],[-82,43],[-23,88],[72,76],[137,-76],[86,212],[44,35],[141,-131],[15,122],[42,42],[-2,61],[-30,8],[37,135],[-267,-121],[-182,23],[-79,177],[-26,303],[-176,117],[-66,-38],[-16,45],[53,153],[18,219],[152,106],[90,176],[74,70],[129,-44],[171,-217],[139,-13],[38,-72],[-11,-109],[52,-255],[-42,-251],[24,-415],[74,-369],[7,176],[40,32],[20,-279],[40,17],[20,-239],[93,-84],[65,17],[104,246],[43,183],[63,107],[41,218],[190,119],[27,56],[-13,130],[190,252],[234,-217],[317,-393],[231,-69],[35,-113],[62,-2]],[[88581,35269],[-83,12],[-9,44],[65,96],[27,-152]],[[78251,42637],[19,-95],[-15,-108],[-61,-40],[-25,203],[64,74],[18,-34]],[[78451,41872],[-13,-22],[-28,82],[-6,226],[52,-115],[-5,-171]],[[78469,42202],[2,-91],[-117,118],[-15,77],[130,-104]],[[78618,41700],[-149,78],[4,163],[12,29],[126,-191],[7,-79]],[[78657,41787],[-23,-15],[-106,144],[6,74],[76,-64],[47,-139]],[[78689,41556],[-40,5],[13,106],[30,-60],[-3,-51]],[[78735,41642],[-29,80],[12,65],[31,-104],[-14,-41]],[[78895,42006],[32,-11],[-21,-124],[-37,58],[26,77]],[[79051,42031],[21,-118],[-24,-153],[-41,88],[3,66],[-52,-25],[31,117],[62,25]],[[79104,41051],[18,25],[45,-100],[-25,-29],[-59,81],[-71,14],[27,145],[65,-136]],[[79020,40939],[32,-93],[-63,-135],[-29,138],[60,90]],[[78815,40930],[-36,-25],[-41,18],[25,92],[48,-35],[4,-50]],[[80474,40344],[-68,-68],[3,205],[74,-38],[-9,-99]],[[81623,36173],[-104,-79],[-96,-4],[-111,106],[39,122],[56,14],[252,5],[27,-62],[-63,-102]],[[87489,40389],[-28,2],[-10,95],[32,0],[6,-97]],[[85346,40826],[-36,-18],[2,171],[45,-4],[-11,-149]],[[85434,40950],[32,-105],[-21,-100],[65,-80],[1,-87],[-23,-25],[-38,83],[-45,-29],[2,115],[-47,101],[7,115],[36,-49],[31,61]],[[86923,37020],[-22,-60],[81,471],[-5,-181],[-54,-230]],[[86890,37056],[-17,-68],[-18,25],[-14,215],[30,-39],[19,-133]],[[85631,38588],[-82,-68],[-15,50],[25,70],[87,59],[-15,-111]],[[85226,44014],[-31,27],[30,132],[-25,60],[10,143],[29,-48],[16,-132],[-29,-182]],[[84904,43593],[-41,18],[-11,192],[20,-44],[32,-166]],[[86350,35318],[-24,-22],[68,183],[43,-27],[-87,-134]],[[86065,35576],[-34,-61],[-34,87],[5,80],[56,-12],[7,-94]],[[85506,35474],[76,-25],[6,-26],[-27,-60],[-56,46],[1,65]],[[86208,39985],[19,-198],[-48,-53],[-100,43],[-42,84],[171,124]],[[78435,37318],[-23,-3],[-49,113],[73,-31],[-1,-79]],[[77895,38934],[11,-103],[-72,241],[-2,141],[71,-152],[-8,-127]],[[77834,39245],[-53,-56],[-7,207],[59,-108],[1,-43]],[[77733,39525],[-65,61],[-19,67],[9,96],[32,-26],[43,-198]],[[77349,40801],[-42,-1],[33,215],[-29,159],[26,-12],[36,-169],[-24,-192]],[[76795,42836],[-182,208],[-26,120],[25,63],[25,-19],[145,-263],[13,-109]],[[83900,37347],[-18,-19],[-47,147],[29,129],[35,-61],[1,-196]],[[84225,40350],[7,-153],[55,107],[31,-71],[-10,-77],[-40,-42],[-26,49],[-28,-126],[-6,220],[-73,-199],[-22,109],[27,176],[85,7]],[[83850,40888],[5,-67],[-63,-17],[26,84],[32,0]],[[83479,36741],[-11,-117],[-3,485],[20,-136],[-6,-232]],[[82048,36268],[-43,13],[5,64],[49,15],[36,-69],[-47,-23]],[[82306,38451],[-59,-130],[-19,310],[26,192],[42,63],[10,-435]],[[84152,33495],[-34,7],[5,97],[146,202],[13,-124],[-130,-182]],[[84523,35311],[-39,-142],[-60,58],[23,91],[27,-32],[36,113],[18,-17],[-5,-71]],[[84423,35351],[-39,-19],[-65,-188],[-89,25],[68,147],[-24,29],[59,-7],[48,71],[42,-58]],[[84254,35293],[-6,-31],[-75,2],[53,113],[33,-24],[-5,-60]],[[87420,36564],[-15,-6],[-8,57],[13,15],[10,-66]],[[78728,41912],[2,-38],[-32,55],[18,44],[12,-61]],[[78840,41738],[-23,21],[2,43],[15,-32],[6,-32]],[[78955,41762],[-18,-21],[-19,91],[33,-38],[4,-32]],[[79080,41217],[-24,25],[-29,96],[12,-6],[41,-115]],[[79523,43397],[-1,-49],[-23,82],[20,8],[4,-41]],[[79377,43190],[-15,18],[-4,122],[40,-61],[-21,-79]],[[80246,43219],[-14,-36],[-14,23],[27,79],[1,-66]],[[80264,40035],[-32,-30],[-10,66],[43,3],[-1,-39]],[[79853,39133],[-18,-1],[3,44],[22,-5],[-7,-38]],[[79690,39059],[-20,-7],[-20,58],[47,-1],[-7,-50]],[[81780,36153],[-18,-21],[-13,47],[23,12],[8,-38]],[[81310,37084],[-32,-23],[-5,28],[29,55],[8,-60]],[[79236,36500],[-17,-15],[-19,33],[38,64],[-2,-82]],[[77037,42635],[-2,-15],[-61,115],[51,-11],[12,-89]],[[76489,45266],[-22,-10],[-18,65],[39,-9],[1,-46]],[[84332,39975],[-32,16],[13,126],[24,-88],[-5,-54]],[[84233,38279],[-46,-80],[-30,139],[68,22],[8,-81]],[[84401,39799],[-12,-28],[-6,82],[18,-54]],[[84208,39896],[-20,-58],[7,79],[13,-21]],[[83184,35021],[-22,4],[17,216],[31,-64],[-26,-156]],[[83075,35374],[-14,28],[21,44],[10,-42],[-17,-30]],[[82113,35001],[-8,-24],[-28,62],[23,32],[13,-70]],[[82745,44122],[11,-93],[-52,-35],[-25,116]],[[82682,43483],[-27,34],[-4,73],[37,-17],[-6,-90]],[[84458,36970],[-3,-34],[-18,99],[13,-15],[8,-50]],[[84340,37464],[-1,-72],[-11,4],[-11,68],[23,0]],[[83548,36164],[-37,2],[-3,69],[42,-32],[-2,-39]],[[82654,35284],[-19,13],[0,117],[49,25],[-30,-155]],[[82339,38736],[-10,-122],[-17,69],[28,98],[-1,-45]],[[85380,41732],[-18,-16],[-4,52],[17,3],[5,-39]],[[87325,39680],[-11,20],[10,48],[14,-17],[-13,-51]],[[87102,38186],[14,-38],[-83,133],[40,-63],[29,-32]],[[86362,40628],[-21,-61],[-119,-43],[23,65],[117,39]],[[86284,40803],[-16,-1],[-28,30],[41,49],[19,-36],[-16,-42]],[[85985,41043],[-50,85],[-17,79],[65,-130],[2,-34]],[[85403,41171],[-16,15],[10,89],[5,-52],[1,-52]],[[85394,41627],[-13,-6],[2,77],[17,-7],[-6,-64]],[[85360,40625],[-40,14],[15,100],[14,-3],[11,-111]],[[85755,38678],[-28,-30],[-10,54],[3,12],[35,-36]],[[85711,38650],[-48,-37],[17,87],[31,-50]],[[85199,43903],[1,-30],[-24,147],[29,-87],[-6,-30]],[[85236,43828],[-15,11],[-5,41],[21,-21],[-1,-31]],[[84835,43041],[-14,67],[9,41],[15,-30],[-10,-78]],[[86661,36105],[-4,-35],[-60,95],[47,9],[17,-69]],[[85741,36118],[-13,-17],[-26,52],[27,46],[12,-81]],[[85393,35809],[-17,-17],[4,94],[29,-12],[-16,-65]],[[84281,33922],[-25,-24],[0,51],[37,88],[11,-38],[-26,-24],[3,-53]],[[83856,33720],[-50,24],[45,82],[37,-5],[-32,-101]],[[87449,36646],[-7,28],[25,49],[-18,-77]],[[87409,36423],[-13,26],[30,63],[-3,-31],[-14,-58]],[[85551,39107],[-14,-59],[-28,11],[29,37],[13,11]],[[85445,38841],[7,-31],[-40,50],[19,23],[14,-42]],[[84160,35159],[-25,-30],[34,98],[39,-19],[-48,-49]],[[48774,79317],[-56,-89],[-48,10],[24,107],[76,128],[25,-97],[-21,-59]],[[71610,66161],[68,-11],[-9,-161],[88,-454],[95,-62],[83,-151],[1,-53],[-68,-151],[21,-361],[92,-232],[24,-472],[-84,-101],[-60,168],[-87,-54],[30,-214],[66,-181],[-11,-154],[30,-86],[-17,-207],[101,56],[108,-288],[83,-18],[99,-126],[12,-155],[136,-108],[91,-177]],[[74474,60794],[9,55],[121,102],[63,-61],[12,-97],[-27,-244],[39,-146]],[[74691,60403],[-42,-99],[33,-151],[81,-102],[110,-14],[18,-54],[142,25],[62,95],[110,-83],[364,72],[-16,159],[25,134],[-26,113],[-69,-5],[-41,81],[11,142]],[[75453,60716],[96,-21],[158,105],[39,77],[4,112],[116,179],[37,160],[141,71],[239,410],[41,-96],[172,-98],[35,119],[145,170],[55,-142],[34,2],[-65,-117],[4,-113],[83,90],[40,-201],[-83,-248],[30,-31],[59,65],[48,-66],[84,2],[68,-107]],[[75714,56646],[-23,498],[-36,171],[-32,531],[-88,2],[3,-128],[-51,-153],[-1,-164],[-37,-52],[-51,155],[-18,-1],[-3,-92],[-12,26],[-43,391],[57,305],[142,71],[20,114],[42,36],[35,333],[60,-22],[7,66],[-116,159],[-448,-8],[-168,95],[-3,456],[-42,192],[-24,-20],[-10,-127],[-50,1],[-51,70],[-46,214],[-27,-24],[13,-88],[-39,1],[-128,220],[20,-137],[-80,-199],[-19,-140],[116,-247],[74,-33],[51,-163],[-37,-58],[-101,8],[-39,-215],[-46,23],[-35,-202],[34,-100],[161,-149],[-44,-422],[48,-167],[-4,-128],[57,-48],[-22,-103],[56,-667]],[[74736,56727],[-7,-110],[-22,1],[29,-200],[-40,-1],[-14,65],[-31,-113],[-15,105],[13,191],[-27,82],[-16,-325],[-38,-32],[-44,101],[-10,-95],[-36,9],[-19,41],[39,314],[-71,165],[6,-84],[55,-94],[-59,-208],[-75,-121],[-160,-108],[-67,-187],[32,-377],[-62,-273],[-70,-99],[-34,-116],[-37,32],[10,-94],[-196,-159],[-22,3],[17,119],[-27,21],[-59,-98],[-18,-114],[52,59],[20,-37],[-186,-353],[-185,-586],[-125,-156],[-127,-325],[-233,-361],[-22,-112],[22,-108],[-28,-157],[-138,-162],[-132,5],[-86,-407],[-42,5],[-12,72],[-38,19],[-98,-130],[-67,-449],[35,-419],[-18,-187],[54,-512],[-42,161],[-26,-76],[78,-172],[-32,-472],[-103,-494],[-29,-291],[11,-91],[-28,-94],[30,18],[13,-99],[-2,-616],[-146,-46],[-16,-156],[-88,-331],[-6,-80],[28,-84],[109,-99],[-120,54],[-155,-116],[-64,-150],[-36,-357],[-151,-215],[-126,167],[-142,413],[-63,387],[-23,335],[28,-70],[9,-203],[23,-3],[-31,273],[-35,71],[-138,942],[-147,489],[-70,357],[-156,1359],[-120,408],[-41,227],[36,0],[-45,124],[17,61],[-42,35],[-95,529],[-51,817],[-78,719],[37,266],[-10,93],[-38,-125],[-9,73],[3,155],[49,-16],[-56,61],[-33,329],[63,592],[-23,313],[-33,43],[-19,136],[30,71],[-33,-6],[138,203],[-158,-38],[44,194],[-50,3],[9,129],[71,52],[-174,25],[34,-56],[-8,-70],[-66,-188],[48,-67],[12,-139],[-66,-265],[-276,-293],[-84,1],[-66,70],[-125,239],[-295,783],[22,103],[63,-107],[250,203],[93,302],[-6,61],[-42,-105],[-61,5],[-126,-132],[-119,63],[-166,240],[-62,268],[100,198],[-151,-180],[-19,184]],[[76080,45983],[-17,-58],[-48,188],[8,118],[38,38],[30,-186],[-11,-100]],[[76036,46353],[-26,-67],[-12,40],[27,65],[11,-38]],[[75872,46981],[-22,18],[10,53],[12,-71]],[[75956,46720],[-22,-1],[-9,92],[12,7],[19,-98]],[[75982,46846],[-17,-23],[5,141],[10,-8],[2,-110]],[[75774,47606],[-20,20],[12,55],[14,-49],[-6,-26]],[[75694,48605],[-37,-5],[-4,143],[44,103],[17,-136],[-20,-105]],[[75747,49186],[-27,4],[13,86],[13,-32],[1,-58]],[[75756,49295],[-53,238],[40,224],[31,24],[-19,222],[38,575],[57,131],[1,-227],[-50,-197],[22,-65],[7,-219],[-35,-72],[1,-179],[-34,-133],[14,-83],[-20,-239]],[[75837,49648],[13,-97],[-30,73],[17,24]],[[75754,50231],[-9,-46],[7,114],[6,-10],[-4,-58]],[[70216,49061],[-2,-5],[5,47],[1,-15],[-4,-27]],[[70296,46995],[-11,-11],[-1,16],[15,29],[-3,-34]],[[79367,33788],[-8,-50],[-31,36],[34,58],[5,-44]],[[76899,32600],[10,-5],[-7,-6],[-4,12],[-3,38],[4,-39]],[[76921,32591],[-7,5],[8,18],[1,-16],[-2,-7]],[[70136,35982],[-18,-41],[-22,121],[28,-93],[-1,123],[13,-110]],[[47236,79126],[-1,-20],[-87,65],[75,18],[13,-63]],[[47994,79955],[-44,-45],[-48,-183],[-100,-49],[44,-72],[-102,-83],[0,-45],[74,-140],[138,-66],[97,201],[94,-156],[5,-89],[120,21]],[[48272,79249],[17,-50],[-42,-4],[-11,-49],[57,-256],[32,-458],[-52,-270],[-69,-140],[39,-69],[-157,-62],[-21,64],[-11,-59],[-145,-47],[-148,-192],[-97,44],[20,-67],[-20,-57],[-247,-151],[-150,-10],[87,139],[-16,6],[-150,-63],[145,193],[-135,-73],[-71,20],[-10,49],[130,179],[-134,8],[10,51],[62,53],[100,-23],[-37,108],[76,101],[236,94],[-58,53],[-51,-85],[-107,14],[-99,-60],[125,179],[20,51],[-19,36],[45,106],[103,77],[-162,22],[-31,68],[-70,5],[23,37],[-83,13],[11,46],[-18,49],[110,40],[-52,37],[2,49],[90,55],[0,52],[-93,-11],[16,163],[-22,-14],[-12,79],[-32,-22],[10,71],[137,36],[116,-70],[40,56],[127,-33],[-22,74],[109,113],[27,94],[-90,-22],[-85,50],[107,147],[-4,92],[33,89],[146,27],[-4,44],[27,6],[30,-94],[-28,-107],[50,54],[-11,141],[60,36],[-18,43],[113,-86],[-72,-103]],[[65607,60125],[-65,-155],[-29,21],[-118,-104],[-36,39],[130,122],[-1,95],[41,-26],[85,66],[19,-36],[-26,-22]],[[67017,66248],[-21,-216],[-24,-28],[13,-126],[-19,-167],[-36,-142],[-62,-96],[45,-140],[-68,-8],[-44,-150],[7,-320],[113,-95],[-99,-315],[74,-569],[-2,-531],[233,-80],[27,-68],[15,-262],[-269,-742]],[[67107,58915],[-49,-70],[-208,126],[-42,109],[-31,-88],[-262,120],[-114,-46],[-69,97],[-165,26],[-74,71],[-39,-28],[-18,51],[-110,47],[-98,784],[-47,130],[-127,77],[-196,-157],[-63,-145],[-36,11],[-149,-198],[-142,135],[-150,20],[-70,153],[-212,268],[-60,207],[-124,146],[-122,28],[-87,188],[-60,419],[-61,142],[10,95],[-56,59],[-7,192],[-134,353],[-27,195],[-143,-119],[-154,243],[52,1],[10,68],[-62,24],[10,-39],[-41,-87],[8,-145],[-104,-112]],[[62449,69086],[90,-279],[94,-175],[176,-91]],[[62809,68541],[104,21]],[[62913,68562],[274,417],[145,131],[90,-201],[-60,-111],[52,-157],[-82,-116],[165,-312],[77,17]],[[63574,68230],[25,-384],[34,-156],[81,-104],[210,-80],[112,-276],[163,-191],[179,-90],[119,5],[438,217],[41,0],[-66,-54],[81,-25],[15,58],[-30,312]],[[62434,67320],[32,-241],[39,-71],[9,-160],[52,-81],[34,-240],[55,-27],[45,-99],[153,-44],[-77,-117],[-6,-92],[38,-109],[6,-137],[-126,-231],[-12,-159],[-38,6],[-17,-117],[29,-141],[-40,-172],[94,-259],[40,5],[-2,-83],[41,-54],[35,-132],[-10,-191],[74,-20],[207,-326],[69,-30],[127,-443],[-41,-277],[0,-280],[92,-9],[1,-369],[88,-127],[28,-174],[31,-53]],[[63484,62266],[-131,57],[-26,-43]],[[45682,87795],[263,108],[-88,-69],[-56,-128],[116,-58],[2,-86],[-38,-94],[121,16],[20,-72],[-43,-77],[85,47],[153,-86],[-14,-85],[-38,-31],[42,-46],[-28,-68],[48,-35],[3,-53],[-79,-53],[1,-92],[-54,-84],[-94,2],[-23,-77],[9,-69],[-54,-86],[-334,-168],[-225,-219],[-326,-107],[-37,-125],[-196,-91],[-429,105],[-82,92],[36,55],[-14,28],[-66,-47],[-135,106],[9,36],[-95,-57],[-335,-22],[-25,135],[12,45],[53,-64],[89,33],[144,218],[58,21],[-164,-46],[42,55],[-28,15],[14,72],[100,78],[-143,-65],[-61,64],[22,72],[-61,48],[-245,21],[-131,-60],[-57,87],[344,129],[248,2],[36,88],[-93,-34],[-114,50],[185,176],[-294,94],[-277,-122],[-160,83],[63,63],[109,-54],[-43,55],[-23,113],[133,-68],[91,49],[-152,70],[86,22],[-70,96],[11,37],[84,-32],[-46,60],[41,50],[108,-66],[12,-74],[100,31],[12,-111],[49,29],[-1,113],[-140,101],[129,37],[-176,51],[63,72],[129,-7],[283,-285],[-30,-41],[57,-51],[-18,-108],[-79,-12],[82,-103],[-19,-73],[56,-38],[28,-108],[53,210],[38,50],[97,-46],[27,104],[0,221],[41,47],[200,-233],[29,216],[150,76],[158,-210],[37,-106],[12,68],[-55,230],[108,-10],[99,-126],[111,168],[87,-55],[98,50],[16,58],[-31,118],[81,54],[73,-6],[123,-201]],[[59714,61979],[-19,-54]],[[59695,61925],[-183,1218]],[[59576,63408],[56,219],[120,836]],[[51950,73504],[30,-32],[114,68],[69,-39],[93,168],[-8,78],[91,123],[10,-141],[100,-119],[-11,-57],[68,-106],[-6,119],[69,192],[3,132],[46,5],[28,-124],[99,44],[68,-92],[-25,173],[13,82],[96,-35],[6,222]],[[52903,74165],[132,-68],[88,145],[257,75],[-4,-103],[65,-164],[364,-128]],[[53811,73266],[17,27],[-43,102],[-45,-43],[-72,43],[-49,-94],[-210,-135],[-14,-144],[83,-194],[-38,-119],[-30,24],[-8,-77],[41,-351],[82,-161],[242,-298],[124,-621],[148,-313],[174,-219],[277,-26],[-4,-97],[-66,-97],[-4,-77],[571,-603],[140,-305],[7,-82],[-39,-199],[-74,81],[-59,241],[-130,43],[-60,114],[-70,-31],[-72,-226],[-41,-274],[21,-77],[143,-182],[17,-270],[-155,-139],[-20,-275],[-73,-113],[-62,-216],[-93,-2],[-21,67],[-1,99],[50,90],[22,127],[-7,92],[26,69],[63,33],[3,128],[-28,58],[-24,233],[-91,448],[-111,56],[-96,119],[0,163],[-51,140],[-118,-49],[33,91],[-42,59],[-73,0],[-87,298],[-179,6],[-127,159],[-229,430],[-47,145],[-95,96],[-43,-24],[8,102],[-128,283],[-54,22],[2,166],[-56,218],[-37,305],[-249,262],[-146,72],[-59,-53],[-152,-330],[-142,-78]],[[52081,71983],[-3,69],[54,154],[-11,57],[-89,-19],[-116,140],[-16,123],[52,145],[-10,77],[-71,67],[-29,103],[16,55],[108,67],[19,100],[-99,252],[64,131]],[[52887,71344],[7,-102],[-86,50],[69,26],[10,26]],[[53871,69829],[-19,2],[1,37],[25,-15],[-7,-24]],[[53347,67049],[-31,16],[-1,34],[25,-5],[7,-45]],[[54326,68079],[-95,-307],[-37,-229],[54,-284],[-50,-152],[-1,-107],[-169,78],[-68,175],[-127,63],[-244,305],[-78,17],[-57,159],[31,164],[52,92],[47,-105],[107,110],[139,-148],[199,46],[79,85],[91,-10],[106,97],[37,-16],[-16,-33]],[[52675,69953],[48,-269],[-45,-163],[18,-177],[-40,-600],[-141,53],[-25,-195],[-88,-26],[-64,197],[-5,194],[41,252],[-39,55],[18,264],[-79,253],[4,154],[138,17],[147,255],[107,-169],[-17,-60],[22,-35]],[[52355,68675],[-16,-70],[-18,92],[3,12],[31,-34]],[[52301,70064],[-9,-32],[-13,2],[32,88],[-10,-58]],[[28538,54167],[253,-215],[39,-167],[-87,-34],[-91,76],[-26,-88],[-48,22],[-24,-116],[-44,83],[-113,31],[-76,209],[-82,80],[34,113],[95,52],[170,-46]],[[49439,75830],[2,-36],[-63,-3],[5,64],[56,-25]],[[60770,64667],[79,-620],[-21,-14],[16,-118],[57,32],[13,-75],[-41,-84]],[[59708,61838],[6,141]],[[59714,61979],[47,413],[0,197],[83,501],[3,244]],[[59875,63978],[6,173],[59,66]],[[87046,66660],[-36,-18],[-9,81],[25,33],[20,-96]],[[88428,67799],[-33,5],[27,98],[-20,77],[70,167],[-14,-169],[34,-7],[-22,-114],[-42,-57]],[[87480,65311],[-30,-60],[-43,65],[93,176],[-27,-103],[7,-78]],[[86283,62478],[-49,1],[-16,87],[30,54],[41,-54],[-6,-88]],[[86377,62572],[-24,-8],[-1,41],[53,271],[-28,-304]],[[86133,63862],[-34,10],[14,195],[44,14],[9,-141],[-33,-78]],[[85910,65195],[-18,-28],[-8,44],[8,123],[34,-25],[-16,-114]],[[85940,65358],[-6,-34],[-27,45],[16,167],[35,56],[7,-103],[-25,-131]],[[85740,64252],[48,-15],[15,-78],[-56,-33],[-7,126]],[[86216,63998],[-24,-3],[-15,31],[61,37],[-22,-65]],[[89186,73086],[-11,-44],[-17,138],[24,-12],[4,-82]],[[89248,72936],[-42,24],[-3,37],[33,19],[12,-80]],[[88744,70797],[-14,83],[35,25],[-14,-97],[-7,-11]],[[87319,65449],[-28,-43],[-19,68],[40,11],[7,-36]],[[88737,65620],[-18,-26],[-6,60],[16,1],[8,-35]],[[85854,64291],[-22,79],[31,127],[20,-98],[-29,-108]],[[85969,64561],[-34,-33],[26,110],[30,21],[-22,-98]],[[86054,64932],[-34,-7],[12,84],[16,-21],[6,-56]],[[86826,65190],[-8,-29],[-24,9],[23,60],[9,-40]],[[86740,65070],[13,-26],[36,4],[-23,-47],[-42,18],[16,51]],[[86032,63459],[-3,43],[22,48],[2,-31],[-21,-60]],[[89496,59910],[-5,0],[-18,74],[15,-8],[8,-66]],[[89950,72230],[248,-133],[182,281],[-68,-323],[4,-145],[56,-254],[136,59],[-91,-149],[-162,-122],[-201,-19],[-63,-65],[-150,-325],[-54,-295],[-385,407],[-123,-22],[-117,-144],[-77,150],[-64,2],[-36,-87],[-6,-100],[56,-114],[57,-10],[116,-219],[-42,-48],[-95,55],[-76,-209],[-66,-67],[-31,35],[-11,73],[31,236],[-14,109],[-62,148],[7,214],[159,262],[15,68],[-26,178],[26,25],[93,-94],[88,-18],[66,70],[6,256],[57,194],[44,397],[6,164],[-55,311],[23,172],[75,77],[263,-592],[261,-389]],[[86437,64829],[144,0],[4,-71],[-48,-160],[100,-14],[-13,-97],[44,-140],[-97,-319],[-89,-747],[-74,23],[7,-127],[-114,-170],[29,179],[-24,217],[25,33],[-5,57],[-34,9],[-27,-109],[-5,-113],[29,-95],[-15,-63],[-108,80],[-15,82],[41,30],[8,106],[-38,117],[2,227],[56,90],[68,282],[-39,26],[13,123],[-46,184],[-40,60],[-31,-51],[14,-179],[42,1],[4,-106],[-80,49],[-79,-141],[16,109],[-38,105],[-3,130],[42,-118],[45,-29],[-26,121],[-88,150],[8,77],[65,-16],[-5,81],[150,139],[33,141],[64,66],[66,-39],[62,-190]],[[87321,65289],[77,-21],[11,-266],[18,-20],[-101,-149],[-54,-255],[-62,142],[-91,44],[-96,-106],[-86,-365],[-48,-64],[-45,8],[19,98],[-60,10],[-18,101],[23,165],[-30,27],[2,70],[-105,-64],[169,246],[40,213],[42,73],[55,-119],[124,64],[6,159],[96,74],[114,-65]],[[89229,70298],[63,23],[-7,-480],[102,-304],[54,-351],[-4,-256],[-21,-224],[-67,-96],[-31,-149],[-22,-253],[-100,-46],[-41,-134],[11,-727],[-75,-270],[-44,-352],[84,-356],[-65,-45],[-51,-107],[-28,-231],[-121,-198],[-34,40],[8,239],[75,203],[-30,59],[-43,-7],[-51,-176],[26,-110],[-19,-73],[-56,105],[-62,-14],[-33,-87],[-13,-222],[-69,-155],[-21,57],[11,194],[28,35],[-51,70],[-39,-27],[-108,-345],[-179,48],[-134,-57],[63,85],[-4,48],[-67,-4],[-20,48],[-14,-88],[-4,229],[-26,11],[-31,-47],[-44,-215],[96,-172],[-7,-77],[-145,-104],[-115,-433],[-62,-52],[-67,46],[-90,320],[-8,198],[58,90],[30,141],[-104,10],[-84,94],[-137,-36],[-77,-131],[-230,-159],[-135,-39],[-65,75],[-30,-20],[-47,-342],[-112,150],[-141,-73],[-45,51],[-43,-31],[-8,201],[32,92],[97,14],[252,429],[122,279],[62,65],[96,32],[30,-69],[168,34],[332,169],[25,-18],[-9,-91],[26,-47],[98,-16],[62,74],[53,113],[-24,157],[17,88],[175,440],[6,322],[34,129],[133,98],[4,-59],[-121,-225],[26,-64],[6,-134],[64,-59],[74,140],[224,188],[87,178],[70,262],[144,210],[33,253],[78,267],[73,524],[-19,162],[-71,47],[46,71],[29,167],[-24,193],[12,98],[87,122],[29,270],[67,-25],[34,-256],[52,77],[51,-41],[29,75],[6,153],[-124,-47],[1,80],[37,178],[81,-94]],[[84525,58432],[-16,-111],[-28,-7],[-14,62],[35,16],[25,90],[-2,-50]],[[84413,58266],[-58,6],[0,21],[25,68],[46,-37],[-13,-58]],[[84845,58592],[-49,-7],[4,98],[14,-48],[31,-43]],[[85627,59936],[-109,-148],[10,-81],[-32,-51],[4,-72],[-42,-41],[21,239],[61,113],[-11,70],[53,-19],[44,151],[21,-49],[-20,-112]],[[85832,60689],[-27,4],[2,120],[12,9],[13,-133]],[[85958,61032],[-24,-57],[-56,86],[146,188],[6,-60],[-72,-157]],[[85922,60959],[-25,-3],[-11,65],[18,-12],[18,-50]],[[88844,64443],[-18,16],[0,33],[27,-22],[-9,-27]],[[71323,66278],[189,-131],[98,14]],[[71610,66161],[-208,-271]],[[63939,72749],[-24,-17],[-28,75],[8,76],[24,26],[-20,-94],[40,-66]],[[63975,72831],[-16,36],[26,42],[-5,-59],[-5,-19]],[[64633,73142],[-23,11],[-12,33],[29,31],[6,-75]],[[64581,70585],[-9,226],[44,230],[-6,234],[-177,63],[-96,217],[-89,11],[2,217],[-66,188],[-65,312],[-139,93],[-21,96],[12,85],[31,29],[125,4],[88,-90],[102,21],[-65,62],[-83,213],[113,308],[280,33],[215,-51],[-118,169],[100,436],[-20,199],[30,137],[-28,131],[-43,69],[-120,26],[-96,-114],[-267,198],[-210,-162],[-148,-200],[-150,-54],[4,-77],[-21,19],[-15,-70]],[[74256,75727],[-122,4],[-37,-58],[-9,-219],[-47,-119],[-222,-101],[-63,-330],[37,-465],[-48,-135],[-70,-19],[-124,-145],[-33,100],[-181,-1],[-274,151],[-198,-1119],[3,-53],[79,-67],[-25,-211],[-71,66],[-111,-26],[-49,118],[-453,-242],[-52,-87],[169,-119],[-35,-114],[0,-320],[120,-659],[-110,-83],[-2,-49],[43,-71],[-93,-97],[2,-384]],[[61387,39656],[-5,34],[43,40],[-4,-33],[-34,-41]],[[59796,45041],[16,-90],[40,38],[77,-52],[5,-378],[72,-239],[245,-40],[328,-537],[391,-136],[97,279],[256,297],[104,-218],[207,10]],[[61536,39982],[-73,-176],[-105,-55],[2,-175],[-71,-189],[-66,-12],[-51,-93],[-29,-396],[-71,-229],[-103,-635],[-75,-151]],[[69707,70915],[-15,64],[101,277],[140,62],[143,-45],[338,-245],[-20,129],[38,288],[181,168],[321,-284],[75,-16],[57,87],[319,25],[594,-139],[84,-206],[137,-50],[80,-157]],[[72280,70873],[2,-110],[-105,-26],[-20,-68],[-132,-82],[-236,-257],[-89,-241],[-150,-58],[-187,22],[-69,-172],[-50,-232],[-45,-69],[-17,55],[-161,-88],[-34,225],[-123,-120],[-77,20],[-1,-109],[-233,-200],[-44,-171],[20,-156],[-76,-92]],[[78623,49119],[-15,3],[4,66],[9,5],[2,-74]],[[78699,48720],[-11,-27],[-16,72],[27,-45]],[[79007,48504],[-46,91],[-109,80],[-58,-103],[-21,31],[-13,82],[39,63],[12,93],[-53,180],[-49,-158],[-56,-6],[-8,385],[-49,220],[-4,-47]],[[98046,43377],[-17,-24],[-6,4],[21,34],[2,-14]],[[98011,43322],[-20,-27],[-6,14],[38,29],[-12,-16]],[[98060,42474],[1,-17],[-25,86],[10,-22],[14,-47]],[[98063,42383],[-10,-3],[8,68],[6,-48],[-4,-17]],[[98064,41888],[15,-28],[-27,-97],[21,89],[-21,44],[12,-8]],[[98474,40610],[-9,-19],[-27,167],[26,-35],[10,-113]],[[98547,40322],[2,-36],[-18,91],[8,-10],[8,-45]],[[98065,42119],[-7,-2],[44,25],[-2,-12],[-35,-11]],[[97097,40560],[-8,6],[0,9],[9,-3],[-1,-12]],[[2163,37999],[1,-5],[8,2],[-10,-6],[-3,12],[8,11],[-4,-14]],[[2476,38967],[-3,-1],[3,15],[1,-3],[-1,-11]],[[2435,38032],[-6,-2],[-2,13],[6,3],[2,-14]],[[1524,37884],[3,-14],[-11,26],[3,-1],[5,-11]],[[6957,38297],[-5,1],[-12,27],[18,12],[-1,-40]],[[7838,33121],[-7,-7],[-1,42],[6,-16],[2,-19]],[[6704,37214],[-14,-4],[-4,17],[16,-2],[2,-11]],[[6294,42481],[46,-82],[-112,114],[40,-38],[19,69],[-35,59],[14,-3],[33,-40],[-5,-79]],[[5739,43937],[22,-59],[-4,-30],[-37,54],[19,35]],[[2306,39227],[16,-32],[3,-31],[-19,23],[17,-17],[-17,57]],[[32630,53227],[-26,6],[3,49],[22,-21],[1,-34]],[[32602,53311],[-7,-11],[-51,99],[13,26],[45,-114]],[[85659,68362],[68,-314],[199,-635],[23,-152],[15,-223],[-19,-485],[47,-1],[-43,-389],[-57,-223],[-38,-41],[-157,-16],[-26,-60],[7,-102],[-97,45],[-16,62],[-90,-47],[-20,-46],[21,-119],[-23,-22],[-31,106],[-33,-12],[21,-139],[-43,-114],[-42,58],[21,147],[-98,-223],[-39,52],[-62,-139],[-14,126],[-60,126],[72,18],[-15,41],[34,48],[-48,-1],[-36,233],[56,244],[34,49],[-35,54],[63,85],[10,73],[-29,36],[13,64],[-43,107],[-14,371],[-86,-1],[-5,56],[90,166],[83,-41],[24,-88],[29,81],[-29,26],[-35,153],[13,71],[-39,108],[-24,189],[19,46]],[[85761,65671],[-27,-44],[-43,91],[64,104],[6,-151]],[[85573,65676],[-3,-69],[-50,19],[-12,98],[23,33],[42,-81]],[[85064,65369],[-31,52],[35,84],[27,-13],[10,-33],[-41,-90]],[[85144,67738],[-2,-93],[-15,4],[-25,114],[11,36],[31,-61]],[[85208,65351],[5,-34],[-22,7],[-11,59],[28,-32]],[[85499,65541],[-17,12],[14,36],[3,-48]],[[85115,66863],[-4,-46],[-18,30],[-5,100],[27,-84]],[[85047,65623],[-16,-12],[-30,108],[20,33],[26,-129]],[[86365,67557],[-13,-21],[-17,43],[26,31],[4,-53]],[[85090,64561],[-45,63],[48,105],[117,65],[48,-77],[-62,-121],[-106,-35]],[[55712,70651],[-22,246],[-68,81],[-49,147]],[[63409,62028],[-26,-9],[-28,132],[29,127],[45,-138],[-20,-112]],[[62925,61657],[104,310],[67,326],[138,68],[93,-81]],[[63327,62280],[46,-288],[-49,31],[-68,-158],[91,-26],[109,-572]],[[79866,51526],[-29,-100],[-34,20],[-99,-186],[-43,5],[-78,171],[-41,-87],[-36,16],[-16,-74],[-52,-20],[40,-207],[-16,-90],[-45,2],[-103,163],[-51,-33],[-46,167]],[[78093,56357],[31,-261],[81,26],[46,-60],[26,44],[-21,72],[3,361],[-59,301],[60,170],[29,-75],[50,36],[29,-43]],[[59955,64697],[-85,-117],[-34,-123],[-84,6]],[[59752,64463],[140,668],[10,152],[91,211],[0,57]],[[47143,47147],[38,25],[23,-64],[78,76],[74,-135],[41,-452],[-26,-202],[55,-27],[41,-114],[63,33],[64,299],[48,-91]],[[47642,46495],[51,-406],[-8,-127],[-75,-206],[88,-133],[110,-59],[26,-183],[95,-94],[7,-364],[-39,-172],[-6,-182],[13,-331]],[[47904,44238],[-199,168],[-242,327],[-318,720],[-120,127],[-39,146],[-123,157],[-60,153]],[[53195,64532],[216,-228],[131,-40],[147,80],[243,-144],[99,-140],[184,-85],[51,-163],[38,-353],[58,-163],[116,-114],[183,-35],[291,-202],[100,-105],[134,-255],[126,-105],[163,156],[111,335],[8,163],[-50,254],[-9,184],[54,282],[139,254],[122,138],[101,17],[58,97],[154,-14],[250,-210],[5,-203],[50,-82],[142,-39],[92,-105],[208,-18],[76,-232]],[[56986,63457],[-83,-225],[34,-393],[-76,-405],[77,-717],[0,-5058]],[[53324,57730],[-128,560],[-228,167],[-81,-46],[-39,74],[-38,140],[-33,381],[-153,518],[12,187],[109,209],[3,153],[-41,340],[47,321],[-31,979],[-46,324],[-91,337],[58,80]],[[33084,50904],[-15,-73],[-34,104],[46,160],[3,-191]],[[52661,74300],[-26,3],[11,147]],[[52646,74450],[15,-150]],[[72213,47954],[-17,-7],[-14,80],[9,5],[22,-78]],[[72187,47545],[8,-53],[-44,91],[32,-27],[4,-11]],[[72217,48083],[75,-12],[127,-304],[135,-495],[8,-110],[41,-53],[17,-220],[122,-584],[-3,-272],[-63,-336],[-92,-155],[-161,-158],[-127,21],[-48,101],[-66,476],[-40,952],[10,79],[9,-194],[41,620],[47,218],[-4,260],[95,-69],[-47,93],[-59,27],[-25,65],[8,50]],[[55805,80092],[60,233],[-44,-238]],[[55898,80077],[-52,567]],[[57387,80360],[-38,-228],[88,-49],[-48,-101],[-86,7],[-33,-96],[-87,-59],[-87,-414],[56,-50],[0,-73],[-66,2],[-14,94],[-115,-112],[-49,8],[-29,-120],[-125,-57],[-231,33]],[[51699,76456],[24,-145],[79,-82],[-40,-243]],[[51762,75986],[-93,-5],[-61,65]],[[51608,76046],[25,75],[-43,115],[5,78],[65,175],[39,-33]],[[57387,80360],[-87,59],[-172,249],[-165,67],[-63,149],[-102,-90],[-98,-14],[-566,101],[-288,-237]],[[55846,80644],[7,530],[77,138],[30,214],[75,175],[230,108],[26,-91],[135,-191],[42,-165],[100,-83],[79,26],[125,170],[-16,437]],[[56756,81912],[266,125],[197,-148],[131,-207],[140,46],[107,-57]],[[57818,80695],[-70,-47],[-88,-195],[-146,22],[-127,-115]],[[81521,56799],[13,36]],[[81534,56835],[-13,-36]],[[32465,53894],[32,0]],[[49383,65886],[118,-248],[-15,-102],[32,-99],[-16,-69],[44,-564],[-13,-175],[64,-377],[107,-222],[-49,-92],[4,-162],[-455,-23],[-43,-170],[-224,-121],[-2,-326],[58,-93],[-12,-72],[-89,-36],[-93,-151],[-180,-164],[-58,-210],[-75,-148],[-154,-88],[-132,-8],[-44,-177],[-145,31],[-417,-629],[-7,-748]],[[45276,56254],[21,337],[38,183],[77,122],[43,184],[53,308],[-11,46],[117,489],[-4,35],[-50,-121],[23,123],[276,616],[31,481],[106,598],[232,339],[111,646],[64,185],[267,151],[120,127],[131,284],[166,248],[79,222],[148,512],[4,239],[-62,190],[19,497],[37,202],[91,264],[28,342],[204,479],[448,505],[152,568],[119,710],[179,83],[-16,-111],[23,-92],[116,-235],[58,-52],[83,-32],[177,83],[83,-48],[52,20],[65,118],[37,-197],[172,-16]],[[52066,71972],[-17,-14]],[[52049,71958],[17,14]],[[63760,32423],[111,-450],[66,-681],[17,-488],[57,-294],[11,-166],[-21,-171],[-61,-232],[-46,110],[-36,242],[-63,-45],[13,-391],[33,-126],[3,-162],[-30,-152],[10,-79],[-48,-82],[-41,-218],[8,-463],[-32,-308],[-404,-2907],[-97,-991],[-106,-643],[-39,-135],[-85,-120],[-159,-56],[-181,-235],[-109,14],[-84,147],[-129,77],[-87,162],[-35,250],[-66,239],[8,619],[-36,240],[-48,136],[-37,354],[8,317],[58,406],[83,125],[168,885],[12,347],[-58,249],[-2,236],[-53,318],[-17,631],[123,485],[15,342],[120,30],[87,157],[33,-60],[72,31],[28,126],[127,53],[67,-131],[-19,148],[40,141],[130,207],[24,-164],[19,13],[-1,200],[72,270],[31,37],[4,-208],[82,262],[53,-25],[-43,90],[-10,123],[61,289],[-31,107],[16,103],[28,46],[60,-86],[150,318],[34,301],[-37,259],[41,23],[76,253],[92,-249]],[[63428,31768],[-36,-15],[-6,88],[33,43],[9,-116]],[[63871,29276],[-32,-129],[56,275],[-24,-146]],[[70393,43449],[-9,28],[12,13],[4,-11],[-7,-30]],[[70419,44107],[-11,4],[13,54],[3,-13],[-5,-45]],[[23015,59449],[-145,-1106],[-22,-1018],[-27,-304],[22,-285],[50,-209],[75,-172],[-26,-206],[7,208],[-58,137],[-45,186],[32,-297],[34,-89],[92,-536],[202,-597],[47,-370],[142,-379],[-40,10],[82,-91],[-26,55],[149,-47],[107,-131],[70,-240],[99,15],[177,165],[185,27],[49,101],[75,45],[129,28],[26,-55],[-9,-77],[106,-50],[72,118],[-19,194],[-35,-47],[9,40],[193,325],[13,266],[56,153],[2,428],[37,319],[148,187],[261,98],[115,110],[127,25],[210,-111],[18,70],[-50,19],[92,14],[59,-121],[14,-191],[-42,-257],[-138,-390],[-12,-287],[-62,-131],[12,-59],[61,21],[-16,-99],[-49,-64],[1,-66],[43,21],[-73,-593],[-33,-121],[-48,177],[6,221],[-45,-84],[-28,-174]],[[25473,54178],[-63,-19],[-79,-338],[-25,-36],[-66,40],[-7,-110]],[[25233,53715],[-508,1],[-1,-397],[-116,3],[194,-386],[22,-139],[60,-84],[-8,-224],[-359,-2],[-130,-560],[36,-142],[-44,-372]],[[24379,51413],[-259,635],[-208,428],[-127,162],[-15,-41],[118,-146],[-183,129],[21,80],[-57,-20],[-19,93],[-45,-100],[62,-48],[-93,-23],[-300,-340],[-83,-29],[-187,181],[-158,41],[-107,168],[-106,69],[-67,162],[-258,130],[-93,142],[-228,197],[-210,317],[-88,217],[-217,73],[-206,184],[-131,354],[-285,339],[-151,469],[-52,288],[114,136],[-19,123],[-51,39],[76,219],[8,262],[-62,90],[-60,260],[1,239],[-41,211],[-169,400],[-149,482],[-230,416],[66,-79],[4,91],[-122,89],[-91,328],[39,-44],[25,34],[-180,222],[-25,109],[-67,-40],[-11,50],[51,128],[-55,-83],[-62,12],[-33,281],[63,192],[23,-37],[-45,198],[-57,124],[-76,-5],[-52,265],[-121,108],[-59,220],[17,225],[-164,73],[-289,740],[-17,176],[-43,56],[-10,132],[-90,316],[-24,222],[-65,247],[-17,279],[20,92],[-160,118],[-3,85],[-35,64],[-52,50],[-16,-73],[-40,-13],[-218,277],[40,-178],[-26,-346],[50,-275],[15,-371],[27,-152],[221,-461],[71,-310],[33,14],[17,-94],[32,-10],[31,-202],[62,-61],[38,-421],[112,-213],[39,-238],[52,-76],[39,-282],[45,-69],[-32,124],[6,87],[62,-121],[66,-410],[11,-236],[40,-153],[32,-32],[39,-270],[57,-194],[-13,-196],[21,-175],[81,-169],[29,171],[126,-285],[37,-195],[71,-128],[-21,-225],[-91,-168],[-50,-19],[-99,500],[-75,93],[-292,576],[-33,-9],[-13,90],[-62,119],[-16,143],[16,373],[-29,239],[-56,212],[-78,72],[-101,188],[-37,255],[-33,-109],[-90,-49],[-68,173],[-168,177],[-26,151],[-126,214],[-12,75],[130,-41],[75,63],[-1,-69],[65,-70],[-25,172],[-30,10],[61,346],[-27,126],[-220,525],[-205,285],[-37,144],[-2,241],[-50,78],[-19,275],[-65,117],[-10,163],[-91,255],[-17,119],[27,17],[1,65],[-63,103],[-78,377]],[[25850,55466],[-15,-22],[4,154],[60,62],[-49,-194]],[[20416,56388],[-8,-58],[-21,23],[-9,96],[38,-61]],[[19190,54367],[-17,-15],[-18,78],[14,23],[21,-86]],[[19287,58775],[8,-79],[-45,134],[29,-28],[8,-27]],[[18568,61626],[-95,179],[-25,187],[47,-61],[12,-104],[48,-26],[13,-175]],[[18008,60934],[-51,24],[34,186],[23,-138],[-6,-72]],[[18832,61593],[-21,-167],[-65,56],[25,250],[39,26],[22,-165]],[[17155,61548],[-12,-27],[-32,147],[9,53],[35,-173]],[[25913,56125],[4,-34],[-15,62],[4,1],[7,-29]],[[24532,54322],[-37,-1],[78,59],[-33,-34],[-8,-24]],[[19498,58175],[-20,35],[-3,102],[27,-114],[-4,-23]],[[18140,63493],[-26,29],[1,30],[21,-23],[4,-36]],[[19139,59491],[1,-33],[-36,-97],[12,144],[25,25],[-2,-39]],[[18972,58346],[-3,-33],[-84,131],[43,4],[44,-102]],[[18873,58453],[-67,172],[38,349],[-9,-313],[38,-208]],[[97120,45279],[-12,-20],[16,101],[24,48],[-28,-129]],[[96896,46319],[-31,-4],[-12,14],[1,10],[42,-20]],[[97659,46136],[31,-14],[19,-39],[-45,30],[-5,23]],[[97527,46199],[35,-36],[46,17],[-44,-30],[-55,62],[18,-13]],[[96357,49026],[-7,-5],[-5,5],[15,8],[-3,-8]],[[56206,70961],[137,-226],[46,-178],[-24,-284]],[[56365,70273],[-37,-3],[-16,-108],[-34,-27],[-169,-7],[-116,-184],[-170,-14]],[[55823,69930],[-71,56],[-61,242],[-11,175],[32,248]],[[55712,70651],[44,0],[15,139],[78,70],[63,-50],[29,84],[48,20]],[[48660,58770],[1658,-2741],[5,-201],[124,-184],[40,-158],[129,-59],[52,-129],[201,-150],[20,-43],[15,-267],[-42,-183],[42,-96],[270,91]],[[50060,51671],[-126,104],[-146,-8],[-80,-161],[-179,-219],[-78,-36],[-23,-185],[-111,56],[-36,-32],[-80,-195],[-21,-213],[-83,7],[-15,-266],[-62,-69],[-117,155],[-57,-68],[-49,-132],[28,-229],[-70,-85],[14,-236],[-75,-184],[-113,-76],[-50,-98],[10,-318],[-27,-173],[-40,-62],[10,-191],[-19,-243]],[[48465,48514],[-89,-26],[-53,-137],[-45,27],[-18,346],[-45,-37],[0,-79],[-64,68],[-11,-216],[-71,-5],[-19,-140],[-96,82],[-37,127],[-46,-9],[-42,-134],[-49,-52]],[[47780,48329],[-5,112],[-72,115],[-19,355],[-92,14],[75,251],[-118,216],[1,175],[-62,338],[-98,44],[10,-147],[-83,-79],[-27,-80],[-145,129],[-53,-53],[-67,-168],[-62,215],[-104,-133],[-55,129],[32,144]],[[54046,66413],[-60,13],[0,75],[27,-15],[33,-73]],[[53975,66536],[-16,-11],[-21,34],[23,10],[14,-33]],[[77417,48348],[-39,-109],[-27,451],[58,219],[18,426],[38,90],[-20,41],[-47,-28],[17,342],[-27,14],[22,73],[-29,573],[-91,402],[-13,173],[-14,-234],[-11,46],[-3,316],[-53,346],[31,0],[-58,145],[-28,716],[-35,102],[14,308],[25,78],[-97,-32],[-49,403],[-97,215],[16,-261],[-39,-225],[-93,-145],[-68,186],[38,-228],[-156,-194],[-23,-135],[-81,-179],[-24,23],[12,241],[-47,-192],[-65,-5],[-14,257],[-26,-149],[-38,-47],[12,427],[-11,-124],[-62,-170],[-60,-55],[13,353],[81,557],[7,183],[-44,445],[-72,374],[21,6],[-49,107],[-7,277],[-29,-99],[-3,-173],[-62,89],[-59,241],[23,23],[69,-115],[48,142],[-108,236],[27,96],[-127,111],[-26,-20],[12,-101],[-19,-28],[-36,153],[26,75],[-22,2],[14,136],[-51,-159],[-15,18],[17,114],[-43,157],[-3,-188],[-111,349]],[[75645,55810],[-40,353],[42,104],[66,-125],[17,30],[-16,474]],[[75714,56646],[32,108],[77,-90],[22,127],[30,33],[-21,343],[24,221],[52,37],[16,312],[-23,377],[47,-64],[52,24],[124,-92],[161,825],[-43,118],[7,73],[102,268],[52,240],[-23,215],[22,176],[295,467],[150,50],[62,-140],[41,-12],[-63,332],[128,247],[-4,197]],[[77033,61038],[77,211],[129,-233],[65,-448],[43,76],[55,-60],[25,-554],[-15,-420],[-34,-83],[26,-146],[-53,-53],[-37,-142],[-53,-11],[-37,-196],[-53,-29],[-29,-153],[7,-116],[-43,-67],[-15,-199],[38,-79],[11,-106],[-40,-224],[180,141],[173,7],[-44,-152],[44,-197],[8,-305],[154,-86],[25,-78],[-34,-94],[-53,-492],[201,-69],[7,-189],[43,-69],[14,-127],[127,-6],[132,200],[16,-133]],[[78093,56357],[-121,-223],[-50,-232],[28,-44],[-104,-91],[-35,-291]],[[77280,48885],[23,-122],[-6,-28],[-32,111],[-21,-8],[36,47]],[[77272,48167],[-18,-39],[6,68],[42,54],[-30,-83]],[[77283,49255],[-6,62],[28,152],[-10,-182],[-12,-32]],[[77365,49555],[-12,-4],[-2,130],[40,-90],[-26,-36]],[[77375,49442],[-7,-145],[-26,20],[-16,158],[41,10],[8,-43]],[[77336,50043],[13,-88],[-40,-97],[-1,241],[28,-56]],[[77259,49728],[-27,57],[9,42],[14,-9],[4,-90]],[[76243,52400],[-18,-69],[-7,103],[59,149],[-9,-132],[-25,-51]],[[77103,52616],[-26,37],[-3,109],[20,31],[9,-177]],[[76024,54327],[-33,53],[-23,76],[71,-1],[-15,-128]],[[75969,55177],[6,-97],[-28,138],[22,-41]],[[76031,54942],[64,-91],[-12,-68],[-40,-5],[-32,120],[20,44]],[[77372,48891],[-18,13],[14,75],[4,-88]],[[77242,49405],[3,-39],[-21,158],[20,-90],[-2,-29]],[[77240,49896],[-18,-78],[-18,47],[15,34],[21,-3]],[[77309,50395],[-2,-115],[-12,188],[14,-73]],[[76334,52311],[-20,2],[26,78],[3,-29],[-9,-51]],[[75835,55199],[4,-66],[-30,181],[12,-29],[14,-86]],[[55651,71322],[-81,-47],[3,-150]],[[55573,71125],[-77,-50],[-17,111],[-20,-4],[-104,-321],[23,-73],[-6,-140]],[[55372,70648],[-197,358],[4,45],[-36,-7]],[[55143,71044],[-22,90]],[[55121,71134],[30,57],[-24,251],[46,21],[14,143],[49,81],[49,-38],[-21,165],[67,5]],[[82411,76247],[-239,-877],[-10,-232],[-73,-83],[26,-180],[78,-132],[93,121],[147,8],[164,-153],[116,236],[202,-3],[73,-159],[89,-73],[175,-355],[52,-206],[-8,-130],[-149,-41],[-136,103],[-33,-48],[-181,-18],[-92,-105],[-84,48],[-29,-157],[-132,18],[-82,-69],[-83,-230],[-19,-158],[-143,-197],[-312,-49],[-133,-295],[-137,-159],[-244,97],[-82,123],[-143,4],[-77,-167],[-61,-323],[121,-305],[27,-157],[-107,-151],[-150,-109],[-169,-400],[-295,-236],[-324,7],[-389,-112],[-437,-388],[-60,-100],[-135,45],[0,153],[-218,-88],[-177,179],[-255,107],[-184,268],[-420,97],[-143,-76],[-628,156],[-228,-49],[-24,146],[-122,245],[-93,477],[-55,60],[6,168],[-83,-13],[-94,64],[-332,418],[-537,93],[-196,85],[-60,232],[13,144],[82,215],[-26,165],[33,208],[-44,274],[-43,34],[-61,198],[-46,261],[-63,63],[-21,93],[-69,-35],[-83,142],[-120,-19],[-131,153],[-17,116],[-149,120],[22,107],[-88,123],[36,83],[-16,114]],[[90474,54382],[-9,-26],[-9,57],[13,-3],[5,-28]],[[90475,52677],[-15,-3],[-8,30],[18,1],[5,-28]],[[90350,51141],[-13,-33],[-18,37],[22,18],[9,-22]],[[90493,53901],[-14,-16],[22,82],[8,-25],[-16,-41]],[[90486,51827],[-19,-6],[8,64],[30,35],[-19,-93]],[[90461,51712],[-12,-35],[1,98],[7,0],[4,-63]],[[61239,33808],[41,-138],[-34,-73],[30,-47],[-54,-352],[36,-474],[-12,-343],[26,-101],[-40,-244],[36,-1],[8,-802],[33,-65],[-19,-228],[36,83],[19,-210],[-63,-279],[9,-102],[-25,-150],[-160,-529],[-54,-49],[15,-99],[-167,-251],[-44,-127],[-261,-190],[-176,-231],[-159,-297],[-148,-547],[-40,36],[-7,-100],[-31,13],[-75,-106],[-252,-577],[-83,79],[30,-85],[-14,-459],[77,-235],[40,-415],[39,-179],[13,-525],[19,-41],[20,238],[24,-131],[-14,-250],[23,-215],[-56,-588],[47,-18],[-14,-170],[-66,-256],[-73,-155],[-456,-430],[-155,-270],[-56,-254],[72,-186],[30,130],[-20,-539]],[[45451,55046],[-17,-68],[-11,71],[37,110],[-9,-113]],[[45406,52324],[20,537],[107,665],[14,241],[-51,785],[-84,252],[58,106],[-38,-28],[44,221],[21,310],[-61,299],[-28,40],[-9,-74],[-17,21],[-85,339],[-33,-218]],[[47587,60382],[1073,-1612]],[[48660,58770],[-492,-1],[268,-5931],[75,-201],[-43,-555],[-1018,0],[-44,22],[-4,107],[-27,-155],[-137,-60],[-210,35],[-70,-192],[-154,343],[-71,-149],[-50,-379],[-46,-100],[-49,45]],[[32736,52959],[-1,-42],[-19,13],[8,74],[12,-45]],[[66014,26754],[-75,-13],[-18,53],[27,172],[67,138],[38,-158],[-39,-192]],[[59644,32650],[-16,7],[5,64],[21,-15],[-10,-56]],[[59622,32718],[-5,-37],[-23,33],[14,34],[14,-30]],[[59710,33024],[-94,-29],[-73,-383],[57,-842],[28,-89],[68,-45],[94,-243],[167,-546],[13,-156],[-39,-821],[-110,-71],[-53,-282],[32,-174],[-3,-219],[-50,6],[-3,195],[-178,393],[-10,137],[-43,136],[81,415],[-10,492],[-48,133],[-193,-112],[-121,392]],[[78361,45569],[66,-50],[54,-217],[156,-320],[89,-393],[15,-321],[-30,-440],[25,-176],[-4,-413],[104,-248],[113,-604],[9,-235],[-38,17],[-37,148],[3,-118],[-83,-4],[-59,-85],[-35,153],[-174,218],[-398,724],[16,89],[-15,170],[-162,503],[22,40],[-50,247],[0,196],[-73,658],[-3,279],[-62,322]],[[82659,44111],[-132,117],[-163,24],[-137,-57],[-44,41],[-51,-109],[-30,-179],[-1,-348],[-31,-290],[-58,-6],[-36,-92],[-10,-183],[27,-79],[-109,-191],[13,-191],[-89,-371],[-35,33],[-134,-46],[-78,-139],[-171,139],[-18,93],[-129,-5],[-81,-85],[-30,-208],[-75,-92],[-196,27],[-166,-133],[-236,530],[-32,198],[25,93]],[[80452,42602],[65,-186],[135,-31],[243,-228],[-46,64],[-4,103],[30,74],[32,283],[-17,168],[10,40],[56,-38],[19,254],[410,295],[260,762],[16,213],[23,33]],[[81684,44408],[44,-81],[28,-151],[92,-159],[51,250],[-26,229],[78,128]],[[81951,44624],[22,-358],[51,-27],[-6,198],[-35,187]],[[81983,44624],[65,23],[50,113],[7,71],[-32,42],[-13,112],[51,134],[38,-49],[38,56],[73,363],[99,276],[71,321],[23,-18],[4,-88],[-17,-155],[35,38],[60,217],[28,-20],[18,-185],[88,-116],[23,-114],[-22,-108],[1,-180],[-33,-40],[140,119],[31,-134],[-50,-53],[11,-57],[105,70],[67,-151],[101,-115],[74,-11],[12,-74],[-13,-104],[-86,-96],[-181,-24],[-21,-113],[105,-230],[-4,-86],[-150,-91],[-86,65],[-34,-121]],[[78950,43097],[-26,25],[15,74],[11,-69],[0,-30]],[[77857,44902],[-27,-8],[15,130],[26,-41],[-14,-81]],[[77735,45726],[19,-75],[-48,-67],[-27,109],[56,33]],[[82539,46220],[-17,-37],[-5,103],[56,64],[0,-93],[-34,-37]],[[78143,43278],[-14,-13],[12,68],[5,-14],[-3,-41]],[[80941,42875],[-22,15],[6,233],[13,-42],[3,-206]],[[82745,44122],[-66,-12]],[[82679,44110],[17,65],[49,-53]],[[57016,28649],[-97,-19],[-106,-163],[-47,52],[-32,-32],[-179,-307],[-106,324],[-623,-224],[1,-2565],[-278,-27],[1,-1954]],[[54568,21030],[-202,458],[-120,487],[-43,343],[2,196],[-48,134],[-34,418],[-2,487],[-93,585],[-28,869],[33,114],[-16,251],[-281,1078],[-79,515],[-197,887],[-116,321],[-73,330],[-10,529]],[[53261,29032],[76,57],[148,-31],[154,172],[104,-50],[150,-260],[1217,7],[89,-214],[66,-71],[344,-42],[153,-110],[102,45],[85,-32],[545,254]],[[95611,26922],[65,-25],[210,-343],[130,-350],[356,-580],[8,-163],[-55,-38],[-85,85],[-81,117],[-22,93],[-213,265],[-112,205],[-210,570],[-31,238],[40,-74]],[[96539,25249],[-28,-11],[0,69],[24,-27],[4,-31]],[[94430,27581],[-6,97],[8,42],[5,-87],[-7,-52]],[[96669,26089],[35,-11],[-5,-120],[-43,-18],[-42,175],[48,39],[7,-65]],[[96262,26604],[-15,-7],[37,204],[12,-22],[-34,-175]],[[96499,26279],[-91,115],[-11,52],[44,84],[-38,59],[42,32],[26,-41],[-2,-112],[39,-115],[-9,-74]],[[50998,49408],[-219,484],[-122,-114],[6,-229]],[[50663,49549],[-88,291],[-1,49],[44,61],[-34,165],[-150,-46],[-160,286],[0,227],[59,-5],[-84,179],[-78,65],[-52,189],[-13,192],[-61,177],[15,292]],[[50060,51671],[19,48],[184,2],[98,204],[472,48],[17,61],[123,-50],[4,89],[83,135],[84,482],[32,449],[-2,1511]],[[51174,54650],[447,236],[457,981],[1246,1863]],[[53324,57730],[420,-238],[204,-394],[212,265]],[[96649,20748],[14,-17],[-8,-38],[-14,30],[8,25]],[[52027,44285],[-26,-21],[-18,5],[24,93],[28,-28],[-8,-49]],[[53906,50381],[37,-489],[90,-60],[27,-104],[-16,-463],[-161,-198],[-78,-238],[-46,-189],[-33,-305],[-40,-95],[-20,-334],[-75,-96],[-41,-429],[-55,-136],[-50,-20],[-47,-221],[-61,-487],[-69,-223],[26,-110],[-78,-160],[-28,-205],[-67,-104],[-36,5],[-28,198],[-111,228],[-35,-120],[-77,0],[-17,74],[-101,-167],[-33,-160],[-184,-433],[-55,-507],[-68,-311]],[[52376,44522],[-34,-6],[-50,125],[11,-258],[-137,-25],[-65,28],[-10,66],[-19,-71],[-49,-5],[-58,119],[22,-142],[-64,-87],[-44,235],[26,-248],[-63,-23],[-15,96],[-7,-95],[-81,-22],[2,86],[-18,-99],[-36,-1],[-135,251],[-27,135],[-30,204],[26,18],[-30,29],[0,100],[50,96],[-45,-51],[-52,93],[71,55],[-29,8],[-7,59],[-43,-73],[-16,27],[-6,88],[-64,183],[-120,227],[-272,55],[74,120],[-80,-51],[-26,-90],[-175,-20]],[[50751,45658],[19,241],[-15,189],[18,350],[-27,279],[24,827],[75,25],[26,258],[53,153],[7,103],[57,66],[24,178],[-19,93],[19,82],[35,6],[18,134],[-33,332],[-64,222],[30,212]],[[50998,49408],[19,47],[-5,540],[109,285],[31,368],[143,194],[161,17],[69,81],[224,-151],[159,-433],[37,-34],[230,244],[73,-35],[182,-270],[241,-69],[119,279],[119,87],[260,16],[161,-113],[36,-72],[95,3],[114,250],[126,156],[78,23]],[[26900,51728],[-34,-127],[-17,63],[-20,-54],[32,-53],[31,-288],[-62,-242],[-43,-476],[15,-639],[-32,33],[9,179],[-44,-149],[28,-151],[-8,-185],[-24,25],[-17,-140],[34,-26],[15,-128],[-60,-241],[28,-204],[35,-65]],[[26766,48860],[-20,-93],[-57,-35],[-69,32],[-50,140],[-80,46],[-76,-70],[-188,171],[-44,-89]],[[26182,48962],[-201,476],[-80,294],[-253,526],[23,98],[44,-86],[24,41]],[[25739,50311],[91,20],[26,152],[52,43],[-8,325],[119,17],[81,197],[85,-135],[14,87],[140,254],[5,128],[49,160],[34,40],[60,-104],[53,-13],[228,164],[27,71],[105,11]],[[2832,27742],[-28,-39],[-12,46],[32,75],[8,-82]],[[51664,76899],[-68,6],[-30,60],[31,75],[13,143],[-89,93],[-73,-4],[-51,134],[-51,-47],[-25,62],[-34,-49],[-37,38],[-36,-84],[-41,22]],[[51173,77348],[-177,47],[-38,61],[81,39],[148,-87],[-75,87],[49,10],[-65,141],[149,351],[79,445],[81,13],[131,217],[147,98],[210,24],[106,-112]],[[51999,78682],[-2,-199],[-44,-245],[-91,-38],[12,-94],[80,-59],[-16,-123],[-71,-88],[21,-80],[-78,-79],[-98,18],[-60,-54],[69,-249],[-34,-159],[15,-54],[-75,-82],[53,-89],[-16,-109]],[[51173,77348],[-90,-126],[-89,55],[-41,-28],[-23,92]],[[50930,77341],[243,7]],[[51759,78843],[-39,-24],[-10,5],[37,22],[12,-3]],[[51647,78806],[-55,-11],[-22,16],[62,6],[15,-11]],[[51419,78700],[-52,-52],[-4,8],[33,45],[23,-1]],[[51479,78755],[-38,4],[109,32],[-71,-36]],[[51357,78533],[-28,-50],[-21,25],[49,104],[0,-79]],[[51096,77596],[35,-64],[-104,43],[25,26],[44,-5]],[[51870,78893],[-25,-2],[44,32],[-19,-30]],[[31054,49724],[-14,-80],[-32,190],[42,-49],[4,-61]],[[32517,53490],[-13,-13],[-4,38],[9,-15],[8,-10]],[[32435,53580],[-6,4],[4,16],[4,-12],[-2,-8]],[[53163,82732],[-6,48],[-148,56],[-53,145],[-13,264],[-8,-125],[-47,-48],[9,-168],[-70,-191],[-93,-36],[-80,109],[39,-72],[-11,-28],[-96,-80],[23,-36],[-20,-41],[-321,-424],[-195,-87],[-128,2],[-35,89],[-41,-58],[-39,20],[19,117],[-168,79],[-96,104],[-53,143],[26,202],[136,-101],[73,92],[-73,-34],[-59,103],[18,141],[125,185],[-289,-278],[-53,-3],[-11,45],[48,293],[47,50],[83,-37],[123,111],[-106,-17],[-29,48],[95,155],[19,106],[105,122],[15,-33],[-13,-146],[54,187],[77,66],[-234,-117],[-77,-194],[-203,-304],[-8,137],[25,179],[134,25],[-112,58],[-42,169],[142,171],[-112,-84],[-35,47],[-30,283],[491,73],[73,-133],[0,97],[157,84],[-56,9],[-16,55],[27,94],[-31,-44],[-15,-134],[-93,-15],[-79,33],[-16,58],[-60,-110],[-294,-18],[-85,101],[-5,128],[93,37],[-114,158],[1,118],[149,13],[153,-77],[198,58],[-166,-12],[-240,59],[-48,64],[13,94],[60,-6],[100,160],[136,-19],[134,81],[-154,-42],[60,143],[169,11],[148,-59],[55,30],[-46,18],[3,43],[155,42],[-378,-8],[57,149],[176,119],[147,-6],[145,-173],[-129,222],[31,88],[101,40],[-11,59],[-65,51],[60,72],[155,-5],[-16,-66],[22,-29],[46,78],[104,38],[90,-164],[205,49],[-24,68],[15,48],[179,126],[-54,66],[78,74],[-42,32],[-109,-90],[37,-53],[-31,-53],[-244,-181],[-37,6],[-43,125],[-56,5],[277,501],[297,278],[-94,-41],[15,106],[39,49],[186,143],[41,-65],[56,9],[113,169],[-138,-109],[-79,67],[39,203],[115,235],[96,38],[-69,102],[247,56],[100,82],[-254,-47],[-14,141],[39,148],[114,108],[94,0],[-85,79],[127,150],[363,58],[-271,49],[145,213],[124,-70],[40,-87],[38,120],[-123,57],[16,114],[-146,-63],[5,94],[93,115],[136,-17],[-92,62],[199,136],[85,-245],[-15,84],[37,64],[-37,37],[-15,121],[51,52],[156,-25],[167,51],[-35,39],[-234,-11],[-19,46],[243,189],[87,212],[111,39],[-7,119],[51,103],[166,-110],[16,15],[-84,109],[105,49],[57,132],[136,40],[-13,-268],[89,282],[101,85],[18,-55],[-14,-177],[-82,-183],[18,-11],[105,142],[70,-15],[-57,121],[25,156],[150,-18],[25,80],[50,7],[151,-125],[-48,163],[-124,117],[268,22],[101,78],[71,-49],[29,-143],[86,-84],[12,26],[-31,60],[26,100],[289,320],[-44,88],[110,123],[168,-111],[48,48],[92,-41],[-137,-212],[-35,-161],[-43,-74],[14,-77],[47,19],[359,546],[43,19],[21,-60],[-49,-130],[24,-23],[-17,-159],[112,71],[54,164],[101,42],[-86,101],[100,101],[221,-82],[-18,-105],[-119,-104],[104,-7],[-19,-64],[-3,-231],[115,360],[62,73],[75,-2],[177,-151],[91,40],[48,-57],[-7,-56],[106,-13],[92,-87],[5,-89],[-189,-105],[-412,14],[228,-118],[26,-164],[109,-19],[42,102],[53,-98],[15,51],[107,-8]],[[58045,89762],[-33,109],[136,208],[-54,140],[-202,106],[-185,171],[-172,-112],[-167,6],[-126,-157],[-85,-288],[-5,-206],[-139,-118],[-85,-162],[-302,151],[-148,-112],[-253,50],[-31,97],[-196,294],[-147,-42],[17,-94],[-17,-27],[-123,-4]],[[51377,84174],[-44,-2],[7,68],[25,15],[12,-81]],[[51412,83627],[1,-84],[-25,7],[-12,175],[36,-98]],[[58321,90307],[-53,-21],[-6,17],[25,81],[61,-48],[-27,-29]],[[53324,87371],[-18,-21],[-38,24],[30,53],[36,-19],[-10,-37]],[[52352,85992],[-51,14],[145,60],[-6,-48],[-88,-26]],[[52250,85760],[-59,11],[-24,43],[75,40],[18,-28],[-10,-66]],[[56511,91024],[-170,-193],[-131,-19],[-101,101],[269,37],[67,74],[66,0]],[[57107,91254],[99,-26],[56,-46],[-107,-61],[-124,57],[76,76]],[[56559,90837],[7,-60],[-102,-118],[-98,62],[29,72],[145,91],[19,-47]],[[56671,90849],[-53,-28],[-44,49],[-1,55],[32,51],[49,-34],[34,-34],[-17,-59]],[[53853,89228],[68,-13],[-247,-177],[-8,65],[28,51],[159,74]],[[53603,88953],[-41,-37],[37,136],[46,24],[-42,-123]],[[54224,89706],[52,-112],[-48,-119],[-195,12],[-41,55],[50,77],[69,-20],[20,87],[46,-14],[0,75],[47,-41]],[[55490,90603],[40,-11],[50,-70],[-86,-17],[-50,132],[46,-34]],[[55771,90513],[-87,-9],[-15,55],[104,46],[-2,-92]],[[55348,90497],[98,-33],[-76,-140],[-91,-43],[-62,-127],[-141,-31],[-59,47],[46,24],[33,93],[91,9],[3,77],[101,104],[23,145],[22,2],[12,-127]],[[53474,87565],[-22,27],[97,36],[-17,-19],[-58,-44]],[[53449,87664],[-25,-4],[37,104],[44,-5],[-12,-74],[-44,-21]],[[53119,86836],[-14,-20],[-122,23],[78,76],[31,-1],[27,-78]],[[54861,90166],[140,-64],[20,-77],[-38,-47],[3,-92],[-129,-1],[-112,-129],[-76,40],[45,47],[8,158],[100,14],[3,40],[-39,28],[75,83]],[[54377,89437],[83,83],[26,115],[34,19],[76,-108],[-8,-59],[-151,-162],[-149,-63],[-44,43],[-181,-124],[-103,-5],[0,46],[91,101],[142,29],[88,123],[42,182],[-34,32],[11,88],[114,165],[66,-3],[-88,-176],[32,-205],[-47,-121]],[[47512,91041],[-40,11],[210,200],[95,27],[6,-43],[-6,-53],[-265,-142]],[[55338,93540],[-33,-27],[-84,94],[107,23],[26,-43],[-16,-47]],[[57465,96538],[-116,50],[-14,45],[49,19],[118,-80],[-37,-34]],[[59034,97573],[-290,-8],[597,77],[-20,-14],[-287,-55]],[[56002,96500],[121,-13],[71,-245],[191,17],[129,-73],[-83,-43],[-10,-68],[157,-81],[154,16],[185,-100],[-215,-69],[-109,-138],[-260,-131],[-104,28],[17,31],[-13,49],[68,87],[-488,-66],[-15,74],[91,38],[37,108],[88,106],[-171,96],[-70,136],[-71,51],[9,66],[-93,41],[384,83]],[[55804,97665],[181,-5],[206,-137],[43,100],[2,149],[155,50],[85,-34],[-56,-168],[159,14],[199,105],[398,-127],[285,-11],[80,-71],[14,-107],[-332,-204],[-101,-150],[-247,-27],[-223,-120],[-290,25],[-58,70],[47,58],[-557,-10],[-203,65],[-126,71],[227,29],[81,82],[-572,8],[-131,119],[167,76],[-261,74],[240,36],[157,-54],[53,33],[-50,15],[-49,103],[159,-73],[16,70],[-54,95],[33,11],[323,-160]],[[54662,97423],[121,24],[170,-99],[34,-67],[-74,-121],[13,-36],[-19,-67],[203,154],[116,-126],[-2,-87],[-36,-29],[114,-74],[184,-7],[39,-63],[62,14],[13,48],[125,-27],[43,-33],[-74,-55],[247,-170],[-476,-92],[-146,-162],[-54,-138],[11,-71],[-155,-40],[-21,-241],[-37,-113],[-106,-18],[-62,-69],[-131,-246],[27,-56],[-76,-111],[24,-108],[-101,-56],[-320,217],[-117,139],[-211,105],[-88,119],[-15,74],[106,50],[88,-38],[63,115],[587,77],[-33,70],[-785,-89],[-83,58],[-30,123],[71,40],[103,-56],[-17,46],[403,110],[-11,51],[35,19],[276,17],[109,47],[-123,-7],[-77,68],[92,112],[-233,-120],[-146,-14],[-45,82],[36,128],[-102,-99],[-91,64],[-62,-32],[14,-67],[-24,-62],[58,-55],[-147,-101],[-267,-24],[-382,337],[-5,67],[29,15],[-137,83],[288,2],[-117,51],[-25,89],[53,81],[-29,18],[-111,-7],[10,-55],[-26,-38],[-87,-15],[-131,275],[20,85],[-35,83],[51,27],[79,-56],[153,72],[163,-75],[-19,59],[409,45],[63,-70],[-379,-135],[216,3],[14,-66],[159,-99],[28,31],[-5,142],[154,150],[66,-23],[259,-416],[161,-140],[-130,382],[-13,134],[76,123],[-2,87],[42,30],[150,-101]],[[53125,96511],[3,-49],[156,-74],[81,-143],[-276,162],[-137,205],[-20,105],[112,-40],[54,-86],[-21,-27],[48,-53]],[[55205,97701],[-60,-39],[-100,30],[35,49],[125,-40]],[[58068,96723],[180,-5],[-502,-37],[173,81],[149,-39]],[[74474,60794],[11,-85],[-46,-434],[50,-288],[-47,-241],[-40,38],[-156,-54],[-55,51],[-21,86],[-87,-84],[-193,151],[-59,-32],[-26,125],[-37,41],[-91,-63],[-154,204],[-21,181],[-144,137],[-73,-80],[-106,62],[-44,-67],[-154,105],[-16,108],[-63,-1],[-128,170],[-38,-32],[-351,550],[-47,-26],[-97,153],[92,634],[116,274],[53,31]],[[72502,62408],[46,-87],[67,209],[63,35],[111,-42],[49,-185],[176,-268],[84,-50],[119,-302],[98,68],[46,-42],[35,-217],[158,-248],[101,23],[-11,-195],[155,-27],[88,-258],[39,144],[76,-131],[30,24],[10,86],[38,7],[125,-181],[269,23]],[[96376,40811],[-5,-24],[-9,19],[9,24],[5,-19]],[[98087,12117],[32,-4],[199,254],[15,4],[-31,-63],[-26,-186],[63,141],[-7,55],[84,-18],[-73,-157],[92,97],[-20,-113],[-63,-116],[25,-93],[-21,-77],[55,-49],[-19,-77],[-91,-197],[1,-57],[-96,-216],[-90,-323],[-166,-208],[31,-58],[-58,-77],[46,14],[32,-124],[74,-39],[6,-119],[-165,0],[23,50],[-29,32],[-51,-99],[-72,117],[40,-137],[-261,-259],[20,-26],[-46,-430],[-41,1],[37,-47],[-6,-43],[-48,-125],[-66,-329],[21,-132],[-123,-85],[-180,-394],[-163,-55],[-92,45],[-107,-27],[-17,111],[-37,60],[-96,-3],[-84,153],[-48,-65],[-149,11],[-33,65],[57,124],[-52,-68],[-22,8],[19,107],[-63,-52],[6,107],[136,70],[-57,47],[53,80],[-71,-8],[12,94],[40,1],[-14,68],[79,-70],[-10,66],[31,19],[-55,48],[-2,69],[28,52],[37,-22],[-24,59],[66,119],[15,-91],[-1,109],[66,114],[25,32],[33,-49],[-14,116],[142,294],[194,154],[31,-35],[-2,96],[184,170],[21,64],[-14,14],[106,185],[43,-13],[-26,52],[44,49],[42,-38],[-24,59],[39,33],[19,-48],[2,72],[64,147],[19,-101],[-3,117],[79,166],[-17,41],[65,427],[68,53],[60,127],[54,417],[37,132],[102,169],[84,0],[-59,-17],[-8,-88],[18,-74],[61,-53],[36,-303]],[[98309,12409],[-38,-41],[9,91],[42,56],[-13,-106]],[[96317,9036],[-4,-52],[-55,21],[43,60],[16,-29]],[[96382,9371],[12,-85],[-36,42],[24,43]],[[96706,8187],[-28,-50],[55,-32],[0,-64],[-200,-133],[77,248],[-4,145],[47,4],[53,-118]],[[98761,15637],[2,-39],[-57,82],[12,99],[43,-142]],[[98129,16583],[50,64],[7,-73],[175,-138],[11,-110],[49,37],[62,-236],[11,-143],[-52,-8],[113,-361],[-14,-127],[19,-86],[-27,-161],[160,-107],[24,-150],[44,4],[-15,360],[-29,94],[21,56],[61,-190],[26,8],[60,-494],[39,-105],[-26,-10],[20,-32],[324,-246],[79,68],[47,136],[78,106],[73,-8],[73,-89],[-39,-189],[-35,-416],[-81,-121],[-19,-364],[-34,91],[-73,26],[-124,-104],[-34,-103],[-4,-132],[47,-83],[-74,-341],[-239,-743],[-187,-279],[-40,136],[-79,-5],[-4,141],[-30,-72],[-34,26],[146,470],[26,234],[-12,63],[-56,174],[-299,312],[-47,134],[22,126],[201,209],[41,434],[35,143],[-11,89],[35,64],[-55,252],[11,77],[-51,170],[21,6],[20,-89],[54,92],[-40,99],[-86,1],[-79,317],[59,-77],[15,64],[-28,95],[10,95],[-34,54],[-4,-60],[-61,89],[-33,150],[0,-77],[70,-217],[-31,-23],[-179,575],[60,157],[-70,-127],[-17,40],[-55,168],[21,133],[-135,394],[94,19],[-22,-75],[84,-281]],[[96993,4220],[15,-36],[-58,37],[29,8],[14,-9]],[[96172,5442],[6,-60],[-99,27],[52,91],[7,98],[46,-14],[-24,-109],[12,-33]],[[1062,10384],[-57,-89],[-7,74],[-30,-16],[50,-170],[-50,-64],[-32,57],[21,129],[-81,20],[78,75],[108,-16]],[[1062,9975],[-12,-7],[-3,67],[30,-23],[-15,-37]],[[2089,35134],[-1,-2],[-4,26],[5,-15],[0,-9]],[[2448,34589],[-4,7],[-1,8],[3,-4],[2,-11]],[[66311,55407],[-23,-6],[1,89],[67,242],[19,-116],[-64,-209]],[[65329,57157],[4,233],[92,552],[-18,86],[144,86],[-16,106],[-47,20],[10,440],[57,60],[-8,-67],[26,-84],[90,169]],[[65663,58758],[70,-358],[134,-345],[334,-251],[70,14],[54,-89],[183,-602],[109,-107],[-7,-204],[-119,-507],[-132,-273],[-117,-497],[-73,12],[10,124],[-21,-7],[-86,-243],[-41,-398],[27,-466],[-176,-80],[-98,-105],[-47,-117],[-29,-297],[-47,-125],[-251,-102],[-62,-181],[6,-186],[-59,-199],[-81,-52],[-57,47],[-139,-18],[-127,-173],[-146,-79]],[[65638,59231],[-43,28],[6,251],[-24,11]],[[65577,59521],[24,101],[69,102],[-32,-493]],[[65633,58939],[-20,-16],[7,64],[12,-2],[1,-46]],[[71323,66278],[79,-388]],[[71402,65890],[-14,-83],[-112,-181],[-154,-46],[-92,-117],[-392,184],[-94,-78],[-46,-194],[49,-100],[-19,-113],[97,-91],[-77,-159],[49,-150],[-41,-225],[83,-139],[14,-157],[86,-8],[6,-185],[153,-86],[25,-110],[-214,-280],[-12,-74],[23,-174],[-21,-197],[32,-106],[-82,-100],[-122,-322],[9,-150],[-34,-91],[-119,-112],[-120,-595],[-169,-237],[-131,-555],[-298,-178],[-63,193],[-46,29],[-72,-124],[-69,-264],[-100,-248],[-8,-268],[178,-166],[-13,-420],[45,-143],[107,-28],[1,-172],[110,-517],[-22,-82],[21,-120],[-91,-115],[-38,29],[-9,98],[-16,-4],[-190,-174],[-69,76],[-216,29],[-16,-246],[-95,-10],[-60,-65]],[[68934,57969],[-14,-74],[-71,106],[-11,-53],[-42,-12],[-6,77],[-23,-27],[-71,206],[-38,409],[-130,74],[-1,257],[-46,182],[-58,82],[-54,-76],[63,10],[31,-44],[-470,-97],[-33,-87],[-166,154],[-140,-35],[-18,-100],[-230,38],[-97,-91],[-32,63],[-81,-66],[-89,50]],[[67107,58915],[21,386],[25,65],[25,270],[110,92],[56,143],[199,63],[40,353],[-37,71],[-113,-2],[14,175],[-17,532],[-52,-12],[-58,126],[-129,93],[-74,172],[-85,409],[-132,342]],[[66900,62193],[454,-317],[303,63],[148,-74],[81,107],[195,11],[301,194],[38,93],[-21,100],[30,488],[134,324],[173,-21],[79,77],[-44,115],[162,208],[121,0],[76,-118],[114,213],[-11,349],[46,176],[26,237],[117,65],[94,125],[7,57],[-116,372],[6,77],[29,31],[183,-70],[111,69],[12,225],[-36,113],[182,459],[-21,75],[7,181],[-48,235],[-59,114],[13,56],[108,221],[42,-3],[133,213],[241,94],[256,-30],[139,139]],[[70705,67236],[168,-35],[56,-42],[21,-123],[97,-31],[56,-220],[-17,-234],[44,-47],[30,-121],[104,54],[3,-81],[56,-78]],[[28507,47269],[-29,-112],[78,-371],[-41,-95],[-2,-92],[-65,-115],[-49,110],[5,-114],[-43,-217]],[[28361,46263],[-75,222],[-70,364],[37,21],[2,110],[39,98],[106,-178],[-70,135],[-25,121],[-34,-71],[-49,77],[-3,-106],[-29,192],[-159,260],[-117,-20],[-50,-83],[-35,-149],[18,-31],[-197,-269],[0,-96],[107,-289],[17,-117],[-76,-52],[-42,-106],[-113,-39],[-61,478],[-57,-193],[-65,68],[-62,293],[-120,40],[-21,82],[-152,-6],[-24,-40],[-3,-123]],[[26978,46856],[-41,187],[46,82],[-16,202],[53,123],[-59,102],[0,274],[38,101],[44,-61],[22,49]],[[27065,47915],[54,-104],[9,-154],[42,-12],[-16,-113],[46,-68],[83,15],[-32,129],[97,-220],[53,-33],[144,75],[81,137],[116,90],[153,274],[129,-44],[50,-76],[119,-15],[117,-120],[197,-407]],[[28084,46999],[-18,114],[22,17],[12,-79],[-16,-52]],[[27332,46336],[-69,85],[11,98],[23,20],[35,-203]],[[27157,47777],[-3,-32],[-21,59],[17,8],[7,-35]],[[28037,46985],[-12,-32],[4,61],[8,-29]],[[14364,24001],[-15,19],[4,33],[7,-7],[4,-45]],[[30565,38193],[-25,-69],[-51,23],[-46,106],[-110,-16],[-48,-125],[-242,-108],[-290,-436],[-25,-360],[-72,-326],[28,-259],[-173,-309],[-13,-123],[24,-161],[-68,-49],[-10,-125],[78,-159],[-16,-109],[37,-96],[26,-193],[53,-94],[16,-123],[91,-238],[1,-90],[-66,-205],[230,-69],[66,-349],[251,28],[194,372],[-27,-272],[-1,-835],[30,45],[68,-83],[91,95],[106,-16]],[[30672,33465],[248,-1091],[-20,-130],[-61,-136],[-1,-434],[-26,-131],[57,-343],[-136,-441],[-4,-118],[56,-192],[-69,-285],[57,-357],[104,-133],[-53,-97],[3,-117],[-168,-393],[32,-215]],[[30691,28852],[-95,-140],[14,-201],[-34,-152],[-137,-98]],[[30439,28261],[-255,466],[-17,184],[-37,90],[-161,205],[-99,207],[-350,357],[-383,555],[-119,361],[-111,187],[-99,352],[-24,191],[33,43],[21,202],[-12,102],[-169,719],[-89,203],[-18,279],[-115,265],[-29,317],[-125,526],[-160,1036],[-69,287],[-102,264],[-66,380],[-105,371],[-319,501],[-6,128],[20,44],[45,-20],[14,145],[-80,329],[17,98],[-64,252],[15,245],[135,416],[131,241]],[[27687,38789],[41,-344],[-35,-90],[-52,-3],[1,-110],[37,-30],[-34,-156],[26,-24],[68,118],[95,-127],[44,16],[34,-60],[51,-273],[83,-29],[32,78],[3,101],[61,107],[2,166],[72,387],[21,267],[52,-48],[-7,81],[90,259],[328,295],[164,303],[144,424],[45,427],[44,-19],[-3,254],[-102,329],[95,12]],[[29087,41100],[41,39],[93,-105],[107,-268],[48,-274],[161,-196],[40,-142],[7,-171],[83,-96],[12,-317],[59,-81],[201,-5],[129,176],[99,-129],[119,91],[243,-319],[6,-65],[-184,-726],[57,-59],[53,36],[104,-296]],[[83638,54278],[207,-225],[54,23],[30,112],[33,-20],[14,-97],[-38,-180],[-8,-282],[71,-342],[31,-37],[-106,-662],[-150,-177],[3,-185],[-60,-245],[82,-393],[-16,-130],[38,-290],[41,-104],[83,-64],[21,47],[-24,107],[80,122],[38,-3],[86,-91],[46,-308],[36,-2],[18,62],[-10,98],[17,61],[137,-158],[-2,-81],[-72,-54],[75,-265],[-9,-112],[99,-52],[-23,-330],[-50,86],[19,160],[-89,-3],[-88,93],[-41,280],[-172,340],[-21,-27],[11,-162],[45,-184],[2,-100],[-21,-42],[-62,230],[-167,293],[-77,-67],[-43,-136],[-69,22],[-71,144],[-31,11],[-26,-67],[-5,270],[85,214],[5,107],[-99,167],[1,-281],[-42,-21],[-52,240],[-47,40],[-55,722],[-32,94],[1,173],[16,51],[92,-197],[58,44],[-18,377],[29,218],[5,297],[-19,184],[67,612],[139,75]],[[82586,47115],[-26,-51],[36,244],[149,371],[64,75],[252,709],[56,87],[25,148],[-15,111],[13,91],[54,262],[14,-23],[-7,-254],[45,-319],[-89,-121],[-49,-188],[-114,-102],[-2,-105],[-94,-360],[-84,-109],[-40,-158],[-188,-308]],[[84026,49351],[95,-14],[26,-46],[-10,-62],[73,66],[-11,-175],[-29,-120],[-59,-89],[-9,-117],[-159,-141],[-68,-126],[42,844],[-59,104],[7,44],[31,29],[130,-197]],[[84202,47555],[-38,-4],[-35,184],[-85,114],[-45,241],[20,97],[107,88],[-11,294],[39,137],[7,132],[76,76],[71,-50],[15,-100],[-112,-645],[-4,-182],[48,-235],[-53,-147]],[[84603,49160],[99,20],[27,-113],[-4,-300],[42,-104],[29,-232],[-33,-25],[-2,-58],[-43,125],[11,-235],[-69,95],[2,431],[-34,127],[-61,-27],[-32,431],[68,-135]],[[84788,49993],[22,-145],[60,-91],[-22,-169],[10,-252],[33,-191],[-10,-59],[36,-52],[9,-81],[-30,58],[-110,9],[-55,138],[-33,153],[22,145],[-31,8],[-57,173],[-65,92],[-42,294],[263,-30]],[[83528,50663],[77,5],[39,-74],[23,36],[88,-212],[-13,-141],[18,-206],[-40,-238],[-44,-57],[-76,160],[-87,509],[-54,158],[-32,13],[17,73],[84,-26]],[[85001,47735],[52,-31],[-1,-107],[32,-121],[4,-76],[-50,-175],[63,-79],[26,-197],[-7,-261],[38,-109],[3,-303],[-40,-165],[-68,-113],[-1,-382],[-102,721],[-37,-50],[-86,-403],[58,-158],[22,-343],[-89,-267],[-30,111],[-2,220],[-55,-140],[-30,4],[-198,251],[-38,121],[-25,415],[61,283],[-66,189],[-84,108],[-48,-7],[-29,-282],[-59,86],[-22,120],[-30,-109],[-41,-11],[-14,135],[-49,29],[-39,-87],[-92,-485],[-32,-15],[-35,103],[40,203],[24,314],[31,95],[39,71],[146,78],[51,228],[69,63],[26,94],[68,-58],[47,-133],[8,-171],[-22,-99],[111,127],[57,261],[60,-54],[31,28],[38,288],[76,-73],[19,112],[80,-9],[10,89],[-34,373],[16,61],[113,-172],[36,-136]],[[84269,47826],[-15,28],[19,337],[90,357],[91,563],[-9,-615],[-85,-191],[-91,-479]],[[83866,54475],[-27,-36],[33,118],[13,-38],[-19,-44]],[[83755,54804],[3,-64],[-44,60],[5,30],[36,-26]],[[83877,55510],[-5,62],[25,11],[-20,-73]],[[83854,55803],[-13,-57],[-11,0],[16,99],[8,-42]],[[83655,45452],[69,-96],[-32,-49],[-21,51],[-80,-33],[-15,40],[45,101],[34,-14]],[[82521,46724],[-14,-54],[-10,171],[24,13],[0,-130]],[[83309,48556],[-34,-21],[-8,68],[24,62],[44,-49],[-26,-60]],[[83360,49740],[36,37],[24,-146],[-85,-3],[-40,134],[6,71],[59,-93]],[[83343,49413],[-26,-9],[-23,185],[48,-25],[1,-151]],[[84068,48547],[-30,-34],[-1,129],[46,94],[10,-61],[-25,-128]],[[84609,48065],[-65,-111],[-66,-22],[-52,18],[-33,136],[99,223],[45,18],[67,-94],[5,-168]],[[83402,44875],[-16,-62],[-21,33],[-44,-96],[-38,-7],[95,185],[24,-53]],[[83914,45700],[-37,-9],[-36,175],[63,54],[74,-98],[-64,-122]],[[85016,48050],[-19,51],[23,155],[27,-182],[-31,-24]],[[84913,48154],[-54,144],[8,134],[40,92],[6,-370]],[[83408,50854],[0,-48],[-47,113],[30,-16],[17,-49]],[[83864,50706],[56,-54],[-31,-182],[-48,87],[10,167],[13,-18]],[[83914,49872],[-22,-176],[-25,159],[21,188],[40,38],[-14,-209]],[[84070,49839],[-14,-16],[-50,119],[50,26],[14,-129]],[[84244,50222],[24,-107],[-114,286],[24,4],[66,-183]],[[84381,49941],[1,-61],[-44,217],[25,-45],[18,-111]],[[84365,49824],[53,-83],[37,-143],[1,-150],[-159,326],[-87,-204],[30,330],[-9,132],[90,-97],[44,-111]],[[84542,50771],[-50,-71],[-38,92],[24,223],[28,69],[53,-145],[-17,-168]],[[83937,51064],[-61,75],[1,51],[60,-126]],[[83897,51737],[-17,-79],[14,-94],[-25,-73],[-31,217],[6,52],[53,-23]],[[84531,48641],[-7,-3],[13,74],[13,-52],[-19,-19]],[[84799,48202],[2,-35],[-43,156],[28,-27],[13,-94]],[[84148,46390],[2,-34],[-38,-32],[4,80],[32,-14]],[[84939,46076],[-4,-40],[-24,118],[9,79],[19,-157]],[[84613,49264],[-35,-4],[-34,127],[42,15],[27,-138]],[[84668,47610],[-8,-42],[-31,35],[-4,65],[23,13],[20,-71]],[[83680,54607],[-1,-47],[-10,118],[9,-28],[2,-43]],[[83294,49288],[-9,-106],[-28,40],[-1,30],[38,36]],[[84376,49117],[16,-93],[-22,1],[6,92]],[[83974,49994],[-13,-18],[4,63],[3,-2],[6,-43]],[[84991,47928],[-13,20],[12,97],[7,-53],[-6,-64]],[[84681,49337],[-20,-10],[-14,95],[16,-23],[18,-62]],[[82598,46957],[-19,-17],[-2,87],[20,-18],[1,-52]],[[84360,47677],[2,-73],[-25,-22],[-34,63],[57,32]],[[86436,43304],[-10,0],[0,10],[14,11],[-4,-21]],[[87387,46371],[-17,-15],[-5,116],[37,131],[-15,-232]],[[92490,37826],[-21,-53],[-42,138],[-20,355],[-108,387],[-111,128],[-226,402],[-89,63],[22,18],[0,99],[111,-209],[224,-268],[274,-602],[32,-173],[-46,-285]],[[92198,38150],[56,59],[80,-90],[-15,-339],[-26,-93],[-68,-35],[-8,-49],[44,-199],[-18,-72],[-59,-75],[-97,9],[-80,-259],[-210,-241],[-228,-19],[-75,149],[-79,-27],[-105,175],[-88,72],[-18,68],[26,139],[158,-9],[100,-70],[131,42],[36,54],[36,307],[22,-42],[-27,-168],[31,-151],[199,54],[118,343],[96,54],[-35,411],[13,69],[90,-67]],[[89159,34755],[0,1559],[-31,116],[31,278],[-1,2629]],[[89158,39337],[59,-13],[379,-406],[267,-159],[155,-263],[114,-14],[169,-369],[69,-25],[120,-309],[-6,-407],[358,-364],[95,-22],[53,-75],[65,-182],[12,-244],[-201,-42],[-46,-79],[65,-383],[149,-350],[111,-160],[34,-318],[57,-99],[36,-252],[171,15],[18,-329],[208,-133],[-70,-83],[32,-146],[136,-124],[135,-33],[-59,-72],[-53,22],[12,-84],[44,-64],[-91,-97],[-85,55],[-73,158],[-551,199],[-60,111],[-40,167],[-109,202],[-25,99],[10,132],[-30,-20],[-62,96],[-166,617],[-294,193],[-31,120],[-98,45],[-22,-79],[-80,-55],[-68,59],[-68,150],[80,-340],[-28,1],[13,-53],[-15,-8],[-88,20],[27,-141],[-144,-78],[-159,-8],[-49,110],[-39,-21],[33,-2],[41,-120],[90,17],[87,-91],[74,-203],[-3,-140],[-200,-258],[-116,111],[-169,-29],[-60,43],[-75,-50],[-44,72]],[[91117,37073],[-68,140],[4,95],[72,-83],[-8,-152]],[[90560,37848],[-19,-21],[-19,62],[31,90],[7,-131]],[[92408,38969],[-7,-62],[-29,88],[27,37],[9,-63]],[[92249,39099],[-12,-33],[-28,88],[5,17],[35,-72]],[[91601,40082],[-27,-17],[-34,74],[9,83],[40,-54],[12,-86]],[[91966,34121],[60,45],[-18,-168],[-76,72],[-51,270],[85,-219]],[[91762,34491],[-66,93],[28,110],[31,-41],[7,-162]],[[91973,35026],[5,-50],[-22,54],[11,112],[-22,32],[31,74],[-3,-222]],[[92855,33177],[-44,-45],[-28,54],[27,-12],[-5,38],[50,-35]],[[89884,35204],[-61,45],[-12,35],[72,-17],[1,-63]],[[90881,37351],[-47,88],[35,82],[21,-43],[-9,-127]],[[90851,39795],[99,-24],[4,-45],[-64,-87],[-128,23],[-56,-42],[31,165],[114,10]],[[91787,39300],[-75,2],[-57,131],[74,63],[56,-61],[2,-135]],[[91813,34595],[72,-50],[29,-176],[-127,30],[20,63],[-20,124],[26,9]],[[92397,34867],[49,-5],[40,-73],[4,-97],[-69,30],[-57,110],[33,35]],[[92648,33096],[62,-77],[-57,-31],[-74,79],[10,32],[-33,104],[92,-107]],[[89885,35097],[5,-31],[-111,179],[65,-68],[41,-80]],[[91076,39567],[-9,-37],[-30,14],[28,50],[11,-27]],[[92209,39182],[-6,0],[3,85],[18,-70],[-15,-15]],[[91915,33737],[-4,-55],[-27,28],[4,35],[27,-8]],[[92682,38289],[-2,-17],[-17,19],[20,39],[-1,-41]],[[93321,36468],[-12,-78],[-55,-46],[-104,99],[-37,137],[-2,155],[-54,68],[-69,196],[-9,343],[102,-124],[103,-369],[99,-166],[38,-215]],[[92957,37350],[-30,227],[26,68],[26,-144],[-22,-151]],[[55231,76027],[-75,259],[-149,110],[-54,-37],[-66,110],[39,64],[-9,54],[-80,-37],[-149,121],[31,-133],[-98,-95],[-119,226],[58,106],[-38,57],[-76,-31],[-181,141],[-27,103],[-74,41],[-3,-91],[-48,-20]],[[54113,76975],[58,278],[-31,149],[-50,42],[4,73],[-39,144],[42,176],[-55,195],[18,119],[-136,246],[79,239],[-43,361]],[[53960,78997],[90,-64],[-7,129],[-95,34]],[[53948,79096],[-1,56]],[[53947,79152],[48,-18],[501,257],[103,186],[357,185],[133,15],[121,-108],[12,-36],[-101,78],[64,-221],[47,-43],[213,63]],[[56323,79438],[36,24],[132,-134],[23,-40],[9,-143]],[[56523,79145],[104,-583],[16,-241],[-20,-74],[-121,-104],[-65,-162],[133,-173],[-30,-233],[16,-135]],[[31630,54159],[139,-45],[3,-98],[-98,-189],[-340,14],[7,162],[-26,99],[30,95],[285,-38]],[[31826,53920],[-36,1],[-5,21],[77,-3],[-36,-19]],[[31146,53888],[-16,19],[0,19],[24,-2],[-8,-36]],[[85659,68362],[-57,-185],[-36,-36],[-264,-18],[-118,-258],[-9,-95]],[[85175,67770],[-73,68],[-70,-95],[-19,89],[-78,81],[-114,-183],[-13,84],[-90,61],[61,106],[-143,34],[51,73],[1,76],[52,151],[135,92],[-107,84],[67,340],[-13,168],[-163,163],[-38,-101],[-23,124],[-58,82],[4,68]],[[84544,69335],[7,71],[140,250],[233,286],[72,27],[139,319],[31,199],[34,53],[64,38],[63,-168],[269,-101],[39,154],[-65,181],[-3,87],[244,36],[76,126],[33,138],[106,24],[56,387],[95,-75],[15,-145],[65,-105]],[[86301,70953],[-64,-1],[-61,-83],[-133,-332],[-20,-82],[22,-205],[-16,-314],[-102,-93],[-64,-165],[-113,-122],[-53,-132],[-152,-95],[-110,-150],[-13,-285],[-28,-3],[-7,-116],[108,-88],[164,-325]],[[84695,69006],[-16,-20],[24,70],[-8,-50]],[[45224,64311],[73,-19],[66,-58],[-41,-78],[-50,11],[-57,73],[9,71]],[[47561,70698],[142,138],[36,-68],[-24,-102],[20,-59],[64,51],[144,-35],[71,103],[147,-27],[21,-190],[65,-21],[27,-78],[-199,-368],[26,-163],[7,-305],[-62,-124],[38,-102],[-22,-158],[-40,-82],[-116,-14],[56,-138],[45,-233],[49,-56],[-14,-105],[-65,-135],[-17,-181],[66,-195],[41,5],[-18,-101],[-45,-27],[-72,-196],[-17,-100],[27,-286]],[[47942,67346],[-119,-122],[-212,81],[-111,-62],[51,280],[6,213],[-24,159],[19,240],[-19,103],[59,-16],[-37,66],[-115,-49],[-10,147],[64,63],[23,177],[40,56],[-45,-43],[-50,-193],[-62,-31],[-34,71],[29,381],[63,143],[87,404],[-10,101],[52,347],[7,235],[-42,398],[15,32],[-36,47],[30,124]],[[43048,67192],[-37,-12],[-11,37],[32,20],[16,-45]],[[41350,68915],[-33,-22],[-1,85],[34,-12],[0,-51]],[[42479,68377],[-64,12],[-23,74],[72,17],[24,-35],[-9,-68]],[[42283,68315],[-87,45],[-60,87],[96,-75],[51,-57]],[[42044,68293],[-29,-2],[-27,54],[40,28],[16,-80]],[[42181,68242],[23,-28],[-108,-3],[-27,78],[41,24],[71,-71]],[[42875,67812],[106,5],[24,-7],[-20,-73],[-52,-14],[-82,34],[-31,92],[55,-37]],[[33844,26980],[92,-587],[-32,-349],[-3,-433],[283,-114],[84,26],[52,111],[56,-132],[110,-31],[64,-256],[-9,-151],[65,-749],[62,-47],[158,144],[106,-165],[-21,-57],[11,-125],[-44,-574],[-49,-320]],[[34829,23171],[-39,-674],[-106,-280],[-81,-55],[-80,-286],[-124,66],[-76,-164],[-47,61],[-141,-2],[-293,139],[-121,-29],[-4,128],[118,354],[-3,174],[26,142],[61,122],[38,219],[51,115],[-21,144],[-87,197],[-113,63],[-228,280],[-196,330],[-317,237],[-49,140],[-164,264],[-115,401],[-121,266]],[[32597,25523],[104,822],[0,355],[100,356],[44,290],[486,245],[255,8],[253,-374],[5,-245]],[[59576,63408],[14,-42],[-78,-223]],[[59512,63143],[-13,80]],[[59499,63223],[77,185]],[[59875,63978],[2,-443],[-30,-201]],[[59847,63334],[-97,-80],[-64,22],[22,144],[70,104],[-69,64],[0,225],[31,211],[35,52],[100,-98]],[[7926,29449],[-11,7],[0,52],[19,-35],[-8,-24]],[[8385,28824],[-20,-5],[-5,58],[34,-13],[-9,-40]],[[7942,29294],[-21,10],[5,87],[28,-88],[-12,-9]],[[8522,28722],[40,-33],[-1,-88],[-45,91],[-66,-2],[-15,121],[71,29],[16,-118]],[[11382,34350],[42,-37],[13,4],[-85,-62],[-9,42],[39,53]],[[11372,34183],[-20,-55],[-1,59],[21,-4]],[[11486,33772],[-10,-12],[-1,76],[18,-27],[-7,-37]],[[11091,34902],[-40,-14],[-7,93],[51,-2],[-4,-77]],[[11090,34539],[-19,47],[20,22],[11,-12],[-12,-57]],[[10886,28605],[-12,-7],[14,81],[32,48],[14,4],[-48,-126]],[[11234,34881],[-18,-6],[3,54],[29,-18],[-14,-30]],[[10921,28237],[3,-26],[-30,58],[27,-32]],[[10880,28371],[2,-20],[-41,111],[13,-17],[26,-74]],[[12140,28121],[-5,-16],[-46,68],[15,-3],[36,-49]],[[11952,28263],[0,-13],[-26,67],[10,-5],[16,-49]],[[11526,26492],[-8,-13],[-3,74],[9,-30],[2,-31]],[[10413,29844],[-5,-8],[14,63],[-9,-55]],[[10155,29475],[15,-34],[-45,33],[9,7],[21,-6]],[[10119,29465],[-11,-4],[-27,42],[11,0],[27,-38]],[[9708,30013],[-2,-32],[-29,101],[8,-3],[23,-66]],[[9587,29679],[-34,116],[-1,61],[19,-103],[16,-74]],[[64112,58624],[-12,462],[67,377],[72,121],[78,-176],[-16,-266],[34,-332],[-50,-271],[-45,-43]],[[58251,73035],[-41,-294],[-142,-61],[13,153],[-56,-39],[9,-77],[-33,-172],[23,7],[-68,-197],[-16,-389]],[[57940,71966],[-101,21],[-48,35],[-46,116],[-127,24],[-94,103],[-242,-113],[-200,-236],[-631,143],[-85,-28],[-14,80],[44,91],[-90,113]],[[55622,73632],[245,123],[242,783],[1,77],[81,157],[89,27],[74,127]],[[57394,75146],[100,-74],[176,-573],[127,-255],[47,-237],[-39,-470],[17,-230],[-24,-33],[38,-105]],[[90522,71767],[14,-2],[3,-21],[-14,-5],[-3,28]],[[90654,71884],[-7,-4],[-16,7],[10,15],[13,-18]],[[90567,71732],[-5,7],[21,14],[-4,-7],[-12,-14]],[[88104,79961],[-34,-122],[-95,21],[78,96],[51,5]],[[91830,82720],[-34,25],[68,48],[4,-19],[-38,-54]],[[83405,92625],[-130,-32],[-42,56],[90,30],[82,-54]],[[84594,93160],[-49,17],[-8,38],[88,-29],[-31,-26]],[[79519,96226],[-69,10],[121,85],[73,-33],[-125,-62]],[[79837,95548],[-41,33],[61,41],[53,-56],[-73,-18]],[[77107,95095],[-44,-6],[-33,70],[20,12],[57,-76]],[[76903,94814],[-32,5],[27,97],[58,-20],[-53,-82]],[[77815,97217],[-61,-9],[11,63],[95,-14],[-45,-40]],[[71320,92875],[-144,22],[-43,33],[47,22],[140,-77]],[[72974,93329],[-27,-24],[-78,52],[54,22],[51,-50]],[[73543,93588],[-13,-41],[-89,38],[134,43],[-32,-40]],[[74070,93957],[96,7],[34,-36],[-54,-77],[-186,44],[110,62]],[[66475,98408],[-60,-9],[-135,32],[129,42],[83,-51],[-17,-14]],[[56,89704],[257,-132],[93,-118],[-59,52],[16,-80],[165,-85],[12,-113],[72,51],[-160,161],[235,-191],[-31,-38],[14,-12],[81,-1],[542,-383],[31,-163],[-39,-63],[103,57],[43,-63],[-25,-180],[43,-124],[3,-93],[-42,-113],[117,-60],[30,-137],[86,91],[19,-64],[-13,-107],[80,144],[-127,139],[63,103],[-22,116],[-129,104],[242,38],[145,-54],[-52,-112],[23,-49],[24,18],[-5,90],[187,-29],[-136,79],[337,-93],[367,-431],[-36,-50],[84,32],[30,-65],[-14,-23],[129,-18],[14,-60],[-187,-91],[-38,-45],[-6,-147],[-29,-24],[-218,121],[110,-172],[-32,-33],[-205,-5],[-147,123],[-96,8],[119,-131],[-18,-32],[52,4],[-22,-127],[-98,-19],[105,-30],[20,-111],[-237,-141],[74,-40],[-34,-60],[6,-54],[115,-59],[30,-80],[-100,-13],[-46,80],[-15,-140],[-55,-34],[-61,53],[13,130],[-111,-123],[-234,249],[-242,69],[-114,137],[-1,156],[-66,168],[-267,100],[-120,-77],[-257,-6],[-32,69],[7,103],[-80,88],[-41,118],[53,-13],[61,273],[-95,-151],[-65,31],[-11,101],[-55,-62],[4,-88],[-80,-24],[-19,40],[-30,-200],[17,-68],[101,-116],[4,-86],[-98,-232],[-82,-84],[0,2757],[56,-31]],[[86301,70953],[-44,164]],[[86257,71117],[13,61],[-42,73],[179,124],[53,335],[-24,229],[23,259],[-76,543],[129,99],[113,242],[301,-210],[49,72],[20,256],[70,78],[21,193],[97,259],[1,177],[94,443],[-10,122],[104,129],[58,162],[-51,216],[27,163],[-103,84],[-229,-194],[-90,6],[-122,-112],[-64,-163],[-421,-4],[-63,218],[20,227],[-70,183],[18,120],[-18,62],[-99,22],[-194,350],[-120,-10],[-69,62],[-32,96],[-195,-22],[-125,164],[-16,122],[27,165],[-70,99],[-9,252],[-106,277],[-33,285],[-82,296],[-47,307],[-90,175],[9,91],[-89,106],[-22,107],[-160,113],[-73,-49],[-334,291],[-353,-44],[-376,-141],[-78,-79],[-183,-319],[35,-82],[135,-25],[26,-331],[-19,-87],[-171,-262],[-251,-841],[51,-90],[-24,-149],[-225,-157],[-160,-233],[-175,79],[-156,140]],[[82411,76247],[-129,130],[-139,-90],[-80,11],[-191,237],[-124,29],[-200,-188],[-114,-148],[-30,-127],[-70,-65],[-408,-118],[-174,-150],[-409,135],[-173,-9],[-180,233],[-14,207],[-190,29],[-145,228],[-137,-6],[-232,119],[-254,-118],[-108,-107],[-215,33],[-282,271],[7,93],[-28,79],[-28,369],[-203,70],[-254,193],[-152,20],[-285,255],[-71,-223],[-80,-58],[-36,-150],[-51,-39],[-56,-280],[54,-287],[69,-79],[-8,-162],[-68,-203],[-116,-72],[-63,-120],[-42,-8],[-62,107],[-187,13],[-69,69],[-77,10],[-74,-72],[-114,17],[-50,77],[-88,-14],[-72,139],[-29,235],[-319,34],[-45,123],[-87,-64],[-76,124],[-45,-115],[-108,-5],[-108,-159],[-109,-37],[-102,-136],[-167,-90],[-21,-77],[-93,-57],[3,-131],[-114,-64],[-37,-88],[-255,-35],[-21,-138],[-84,-66]],[[74392,75781],[-136,-54]],[[74256,75727],[-25,92],[-65,50],[-52,141],[-52,53],[29,94],[-15,57],[-138,-196],[-263,82],[-64,196],[-4,118],[-185,125],[-105,377],[-163,155],[-166,-71],[-74,-117],[-285,9],[-22,152],[-88,9],[16,157],[-109,72],[-80,-77],[-7,-168],[-121,-121],[-144,507],[-447,1250],[-382,530],[-17,91],[64,-5],[51,209],[-389,-248],[-60,-138],[-107,-48],[-107,-125],[-27,-113],[-137,93],[-126,-121],[-34,106],[6,77],[104,156],[9,80],[-134,-60],[-88,105],[-81,19],[-10,-97],[-39,-38],[-16,127],[-56,143],[-50,-84],[-186,-34],[-68,38],[26,273],[-76,372],[-48,124],[-155,-100],[-191,137],[-143,23],[-215,-161],[11,-76],[-25,-54],[-389,-168],[-355,-80],[-66,-76],[-42,-124],[-174,31],[-703,-308],[-194,52],[-70,-280],[154,-70],[-85,-54],[-8,-112],[128,-41],[99,-85],[19,-72],[-31,-43],[-257,20],[-76,-209],[61,-239],[-268,-284],[100,-112],[21,-86],[250,-147],[53,-83],[8,-67],[-54,-260],[-124,-117],[-144,-11],[-102,120],[-68,-189],[-80,-62],[-20,89],[-158,53],[-146,261],[-144,19],[-52,-118],[-58,-26],[-120,125],[-145,-32],[-96,-124],[-26,-92],[-101,-92],[-290,303],[-27,-47],[29,-202],[-26,-87],[-24,34],[-14,138],[-78,184],[-223,311],[-213,0],[-97,160],[-170,-159],[-73,-6],[-51,121],[-102,58],[-152,-310],[-208,-145],[-49,-164],[-143,-176],[-51,8],[61,-422],[-23,-60],[-118,-49],[-175,366],[-56,17],[-49,-91],[-22,-192],[-71,-104],[-29,-109],[-24,-233],[64,-152],[-92,-243],[-26,-163],[15,-114],[112,-126],[8,-200],[55,-146],[53,44],[190,-67],[220,-657],[-21,-49],[-90,37],[-16,-42],[11,-65],[192,-189]],[[63675,73793],[-42,-104],[-110,-73],[12,-133],[-67,27],[-91,-139],[-127,-36],[-19,-72],[-47,67],[14,-132],[-120,-476],[-22,42],[-80,-222],[10,-99],[75,-54],[79,-169],[43,-386],[28,197],[24,35],[-39,-264],[-12,-334],[255,-761],[53,-77]],[[63492,70630],[-51,-170],[-93,-101],[-73,-183],[-132,59],[-48,164],[-110,209],[-49,-9],[-39,64]],[[62897,70663],[-220,221],[18,206],[-100,23],[-51,102],[-80,57],[-28,-98],[-74,93],[-189,-125],[-24,32],[12,91],[-284,298],[-327,35],[-259,221],[-139,25],[-48,-105]],[[61104,71739],[-350,611],[-149,93],[-91,196],[-99,-2],[-81,194],[-160,128],[87,97],[-61,58],[40,39],[97,-109],[120,73],[-10,132],[89,308],[23,32],[18,-79],[29,113],[86,-3],[-115,213],[-46,9],[-41,161],[204,20],[-17,105],[231,163],[6,43],[-27,115],[-48,2],[-26,-68],[-105,-18],[59,79],[-153,-120]],[[58823,77851],[-52,148],[-4,315],[-85,181],[45,126],[201,-74],[156,173],[1,58],[-66,90],[-6,103],[-193,82],[20,156],[-117,116],[-92,208],[22,94],[-98,111],[49,188],[-45,161],[26,205],[-187,193],[-83,1],[-126,-114],[-36,71],[6,108],[-95,59],[-66,-56],[-64,105],[-69,-28],[-47,64]],[[57818,80695],[15,83],[-27,200],[-71,217],[-58,-5],[53,316],[-89,151],[-44,14]],[[57597,81671],[53,191],[66,50],[-77,247],[8,150],[-27,248],[90,186],[39,159],[70,68],[-38,78]],[[57781,83048],[12,209],[77,-63],[51,111],[119,-15],[56,120],[271,-88],[14,58],[-126,168],[-181,-3],[-152,205],[-8,41],[36,-35],[8,84],[-38,47],[-199,-99]],[[57721,83788],[404,529],[468,729],[97,172],[69,224],[-98,227],[-331,371],[61,48],[88,193],[-11,112],[-105,91],[-34,111],[37,85],[-3,62],[-90,51],[-50,115],[62,124],[-61,73],[59,226],[-29,39],[105,40],[-2,74],[-51,214],[-233,564],[50,144],[193,317],[13,85],[-179,277],[-182,90],[-35,114],[-23,131],[82,214],[-100,45],[153,83]],[[58045,89762],[68,53],[50,141],[194,95],[28,77],[-8,62],[195,-65],[17,48],[-15,125]],[[58574,90298],[188,-61],[68,83],[58,-4],[-4,101],[266,-142],[20,-57],[-28,-48],[-228,22],[79,-108],[173,-7],[-6,-72],[132,43],[-35,-195],[-52,-58],[82,43],[69,127],[368,-63],[78,38],[158,-59],[520,-352],[194,-237],[112,-22],[205,-178],[70,-9],[-21,73],[18,-8],[158,-225],[163,-83],[46,-314],[63,-41],[-47,-270],[-186,-267],[-116,-103],[-402,-162],[-210,18],[-254,125],[-409,87],[-191,151],[-95,-43],[-24,45],[15,26],[-361,136],[-84,125],[23,46],[-288,52],[168,-110],[-10,-62],[111,-137],[88,-29],[10,-105],[122,-62],[-82,-80],[209,-73],[161,-193],[24,-129],[-45,-182],[-58,-80],[110,-289],[8,-130],[33,-31],[-26,-35],[3,-103],[46,-85],[111,-65],[59,22],[139,-133],[61,-131],[299,-134],[146,96],[26,100],[-30,161],[-59,54],[-155,8],[-168,269],[-12,104],[70,34],[27,131],[71,15],[108,-61],[134,-161],[485,-212],[84,136],[107,6],[-45,154],[-135,247],[-13,70],[19,105],[142,108],[101,149],[217,113],[205,279],[108,-69],[176,-5],[116,-115],[-31,-90],[84,13],[73,-94],[-2,159],[108,308],[-16,187],[-38,114],[-142,109],[123,521],[-6,182],[-9,52],[-233,243],[199,-87],[286,20],[226,-69],[220,-358],[2,-86],[-323,-64],[-174,-242],[184,-161],[89,-207],[169,-64],[323,124],[70,337],[-9,91],[266,68],[13,36],[-51,100],[16,15],[112,-18],[467,338],[321,133],[81,-56],[-28,-60],[59,-16],[91,93],[-48,77],[-58,11],[405,273],[192,-2],[-193,-60],[48,-44],[-59,-149],[44,-69],[4,-71],[-163,-65],[-23,-53],[196,-28],[142,47],[67,-78],[40,13],[17,121],[137,136],[174,57],[301,-67],[291,238],[17,-40],[33,58],[195,64],[87,-190],[-72,-86],[-3,-121],[174,-65],[55,84],[-8,166],[165,16],[123,182],[-21,112],[-53,-25],[-138,338],[206,181],[681,-121],[230,-99],[205,-148],[-9,-54],[585,-264],[202,-254],[178,-140],[37,24],[91,154],[86,271],[-166,11],[-118,190],[-31,171],[-106,74],[-156,77],[-46,-99],[-26,131],[34,193],[87,66],[-26,79],[39,365],[-40,70],[-122,-14],[-10,58],[50,115],[-58,12],[78,142],[173,91],[202,190],[94,233],[120,462],[98,201],[84,16],[-14,-57],[26,-9],[489,21],[365,-157],[-17,-245],[-49,-233],[-82,-223],[-102,-104],[-13,-63],[59,-106],[140,-110],[34,-132],[-1,-356],[-64,-128],[36,-339],[-20,-450],[14,-131],[65,-108],[204,-170],[12,-65],[-125,-212],[9,-146],[-29,-145],[-132,-127],[-207,-408],[-50,-48],[-84,16],[52,-142],[-4,-54],[-226,-115],[-95,58],[86,101],[-114,-42],[-112,112],[-240,-40],[50,-148],[219,-124],[382,-30],[197,-75],[71,56],[26,161],[382,306],[79,294],[193,248],[-8,216],[-97,245],[52,232],[151,79],[371,82],[216,-359],[3,-372],[-20,-114],[166,-147],[319,13],[-370,115],[-15,180],[36,129],[92,48],[-96,454],[-458,234],[-162,2],[-168,-104],[-232,17],[-56,59],[32,154],[-92,204],[5,67],[70,263],[142,283],[-213,449],[-136,161],[163,282],[366,211],[28,83],[2,111],[-25,140],[-62,135],[102,29],[60,-40],[65,-151],[-3,-88],[42,-113],[-130,-237],[-8,-103],[71,-111],[-9,-85],[-53,-73],[15,-63],[111,-53],[281,-45],[51,-52],[184,28],[203,-167],[193,14],[19,36],[-165,17],[-77,169],[-203,32],[-291,170],[-112,252],[233,86],[189,-135],[177,46],[13,32],[-60,98],[-169,11],[17,60],[138,96],[143,47],[261,-10],[372,-206],[26,-83],[224,-179],[401,3],[36,-37],[-72,-152],[-181,-135],[-24,-185],[27,-134],[-48,-147],[16,-142],[11,104],[93,243],[76,46],[40,-42],[5,-221],[-96,-256],[48,-79],[62,-8],[14,45],[-16,84],[118,48],[66,142],[-43,154],[-119,238],[111,309],[-5,99],[-93,134],[-154,36],[-153,239],[-352,157],[-47,158],[51,167],[-92,96],[-24,102],[-7,89],[55,82],[-4,66],[1155,137],[128,-29],[114,71],[356,46],[38,-45],[-343,-271],[7,-79],[238,-154],[-213,199],[68,102],[268,56],[126,138],[-101,48],[-177,257],[-158,51],[109,94],[140,-88],[92,27],[-224,156],[-176,42],[25,68],[50,-8],[39,62],[125,-96],[59,26],[168,208],[-147,39],[19,71],[184,-28],[699,325],[359,41],[744,218],[-325,-40],[-36,54],[32,68],[37,-35],[43,51],[108,-31],[257,68],[279,-10],[138,-39],[-117,-133],[263,69],[-29,-70],[237,100],[41,-37],[48,69],[275,115],[308,-150],[-46,-124],[-45,-35],[27,-3],[87,93],[-8,144],[-283,243],[566,31],[210,-60],[24,32],[-210,50],[47,104],[-53,139],[170,209],[303,218],[437,157],[424,-145],[97,-95],[-516,-203],[401,-1],[19,-70],[30,-2],[311,26],[136,-76],[-220,-249],[-70,12],[8,-55],[363,7],[128,152],[814,-10],[272,-171],[-42,-71],[99,39],[89,-36],[50,-179],[-39,-54],[137,85],[-45,46],[79,9],[81,-254],[81,21],[4,-46],[-70,-185],[-37,-20],[9,41],[-35,39],[-257,117],[136,-192],[80,28],[134,-113],[-31,-111],[-192,-196],[-857,-488],[20,-43],[-28,-65],[-204,-96],[-243,-238],[-258,-52],[-165,-204],[-136,-16],[-142,-245],[-148,-129],[157,42],[213,213],[354,24],[372,145],[67,76],[146,-10],[281,182],[-310,-6],[-24,55],[56,91],[109,61],[221,-55],[21,80],[116,-17],[-89,-42],[48,-99],[207,-84],[180,26],[40,63],[-28,89],[54,-33],[107,-188],[-72,-132],[92,-80],[-4,-210],[-96,-153],[8,-43],[43,-79],[98,-16],[13,14],[-138,107],[91,175],[4,125],[91,80],[-96,62],[-8,50],[153,56],[354,83],[865,-80],[135,-76],[-133,-12],[-22,-68],[14,-85],[367,-188],[555,-7],[219,-65],[60,21],[-70,45],[7,32],[176,-43],[129,167],[-84,168],[-4,71],[30,74],[313,80],[299,-162],[-5,-52],[182,71],[25,-29],[-15,-79],[73,-42],[133,150],[197,-47],[150,-106],[-7,-44],[92,-4],[84,-51],[6,-56],[52,1],[-139,-152],[116,-16],[65,-118],[-231,-120],[240,-68],[36,-86],[0,-105],[-36,-53],[-97,-8],[-335,234],[329,-463],[57,49],[1,91],[25,-26],[69,-125],[-171,-53],[81,-50],[174,-333],[215,-160],[62,49],[73,-152],[114,58],[168,293],[-9,74],[62,206],[118,200],[133,-225],[155,-122],[282,-33],[237,157],[148,7],[285,-144],[229,-198],[14,6],[-41,59],[131,70],[-110,41],[87,150],[81,-24],[71,47],[119,-130],[216,33],[-81,147],[8,130],[-101,46],[78,33],[58,106],[94,30],[-281,-19],[-10,117],[128,117],[236,-2],[175,66],[-30,91],[-89,89],[43,34],[349,-120],[404,-16],[760,-180],[-5,-65],[-372,32],[-202,-96],[35,-47],[705,73],[-65,-121],[-135,-126],[-30,0],[63,135],[-131,63],[-27,-112],[26,-89],[-192,-10],[-21,-122],[55,-40],[246,79],[330,365],[317,-11],[305,-104],[128,-121],[15,-68],[-268,-70],[-35,-57],[259,-80],[57,-64],[149,7],[19,-46],[-158,-161],[242,109],[170,-66],[142,-186],[-92,-28],[208,-105],[357,32],[583,152],[431,-15],[349,-98],[180,-101],[156,-201],[26,-138],[-77,-309],[29,-60],[299,-126],[35,-358],[85,-135],[-59,-178],[-76,-82],[69,17],[73,185],[55,58],[-23,208],[15,125],[175,164],[288,72],[207,15],[157,-89],[659,-77],[206,169],[64,-8],[81,-106],[43,-216],[280,-135],[83,-206],[258,27],[127,155],[0,63],[-115,316],[-117,30],[95,162],[-5,177],[576,-98],[200,-102],[44,87],[375,-64],[315,27],[279,-175],[534,-182],[29,-64],[89,-26],[202,-194],[0,-2757],[-153,-173],[-258,-154],[-214,80],[-159,209],[-82,48],[-150,-24],[193,-34],[52,-97],[-43,-53],[-280,123],[-78,-82],[-342,-113],[313,69],[106,86],[53,-43],[28,-97],[-58,-84],[102,68],[93,-34],[151,98],[22,-26],[-9,-206],[71,-98],[99,-60],[51,102],[69,-166],[-7,-82],[55,-33],[12,-86],[11,-124],[-74,-65],[52,-12],[7,-109],[18,-5],[14,102],[35,-137],[115,-109],[20,-80],[-41,-48],[87,-167],[-26,-113],[-84,-101],[-15,-105],[-306,160],[-186,28],[-16,9],[13,128],[-88,-3],[-16,-83],[54,-69],[-127,-39],[-104,-112],[-448,-281],[-56,-87],[-192,-102],[-55,26],[-137,-218],[-76,44],[-14,-23],[28,-87],[-49,2],[-41,-88],[-52,-16],[-1,-74],[-496,-441],[-71,-331],[-103,72],[-101,261],[-109,111],[-302,-16],[-253,-118],[-265,-387],[-24,-4],[-14,91],[60,356],[-352,-272],[-3,-108],[-33,-72],[-49,22],[-70,132],[-42,-3],[-73,-113],[6,61],[-109,31],[-105,-173],[-25,-337],[-53,-121],[-40,-12],[8,-90],[-230,-379],[-50,-261],[22,-112],[103,-98],[-5,-43],[36,131],[37,32],[159,-112],[-11,-107],[-113,-197],[-5,-80],[11,-305],[33,-63],[93,-24],[22,-321],[-80,-132],[-58,15],[-58,117],[113,204],[-101,-23],[-51,-64],[11,-97],[-123,-120],[-101,-418],[17,-205],[82,-224],[7,-95],[-133,-166],[-138,58],[-99,-40],[-194,-248],[-64,-285],[31,-163],[-16,-121],[35,-177],[-122,76],[-176,-133],[-57,-98],[-29,75],[-47,12],[-11,-53],[49,-59],[-36,-174],[4,-171],[-108,-404],[-377,-592],[-21,182],[-42,108],[-43,795],[-71,251],[-152,1642],[43,614],[85,479],[196,282],[33,97],[36,124],[-8,106],[-44,93],[23,39],[160,-3],[60,155],[169,-8],[49,109],[211,251],[106,200],[71,227],[530,722],[87,221],[251,222],[106,13],[99,82],[-43,76],[125,224],[-56,83],[22,126],[38,49],[15,236],[37,174],[109,125],[169,-68],[2,52],[56,0],[-5,33],[-168,54],[-104,94],[-302,-108],[-24,-68],[16,-58],[-39,-79],[-40,-260],[-3,-70],[69,-65],[-47,-90],[-26,-19],[-38,113],[-129,-30],[-452,-639],[-164,-81],[57,272],[-164,-48],[44,121],[-18,115],[101,250],[17,174],[-210,-123],[-101,147],[-311,-123],[-166,31],[-107,-86],[-113,-138],[-14,-146],[-159,-195],[-94,-220],[-207,-215],[-110,-199],[-38,-148],[-41,-36],[-6,-123],[-34,-91],[34,-38],[87,46],[108,-64],[54,-63],[-2,-119],[-127,-35],[-68,53],[-124,-99],[-88,105],[-93,-7],[-24,-87],[-54,-7],[-73,-109],[-138,73],[-64,-84],[-212,-25],[-57,146],[317,99],[-129,70],[-125,168],[-87,17],[-59,-88],[-94,24],[51,43],[-285,151],[-160,-99],[39,-100],[-113,31],[-25,-59],[10,-52],[61,-4],[-14,-60],[-52,-18],[-65,3],[-65,107],[-207,-102],[-271,132],[-73,-165],[-63,-36],[-81,143],[-56,28],[-468,-2],[-358,-120],[-154,-170],[-118,-246],[-225,-243],[-96,-345],[-123,-89],[-56,-122],[-317,-386],[-269,-583],[-342,-395],[-79,-158],[-177,-168],[-91,-192],[13,-77],[165,-104],[262,26],[7,-119],[-38,-366],[10,-90],[23,-16],[98,28],[28,144],[-45,72],[13,38],[66,71],[80,0],[-91,-128],[138,-109],[-162,-282],[194,41],[84,86],[35,129],[41,36],[12,-100],[-89,-207],[56,9],[69,234],[-12,302],[184,-74],[108,59],[131,-159],[46,-168],[95,-152],[191,-214],[7,-76],[-61,-119],[-95,51],[116,-174],[-3,-204],[-31,-81],[98,-181],[-33,-181],[-121,-212],[-114,-578],[-13,-179],[17,-292],[24,-34],[-44,-120],[15,-222],[-54,-335],[15,-110],[-43,-135],[-31,-246],[-205,-377],[-103,-355],[-116,-229],[-69,-362],[-181,-510],[-245,-456],[-184,-481],[-74,-81],[-109,-379],[-97,-218],[-312,-406],[-236,-177],[-125,126],[-113,5],[2,303],[-78,-137],[-45,-17],[40,131],[-20,15],[-60,-70],[-157,-406],[-125,22],[35,-94],[-41,-155]],[[63178,98091],[279,-34],[66,-62],[0,-60],[-178,25],[-94,68],[-112,-113],[-323,-112],[-47,87],[-296,30],[705,171]],[[63966,98142],[145,-9],[250,-159],[-206,-105],[-310,-30],[-72,-85],[-191,-5],[-61,-49],[78,-24],[5,-73],[-110,23],[-54,-70],[-180,-10],[-29,22],[95,70],[-274,-21],[-96,83],[348,161],[331,-9],[27,30],[-11,109],[27,77],[288,74]],[[68823,94841],[-1780,-650],[-177,-173],[-123,-43],[-10,-26],[72,-46],[-117,-105],[-92,-7],[7,-58],[-28,-38],[-120,59],[-56,-147],[-140,9],[36,-147],[-13,-44],[-49,-69],[-187,-81],[29,-115],[-32,-57],[-123,48],[63,-126],[-160,-206],[-92,-43],[-452,105],[-196,-73],[-47,92],[20,43],[-123,158],[245,136],[194,323],[221,54],[-132,43],[-22,50],[254,233],[-139,32],[-52,86],[63,49],[148,-68],[85,103],[-9,75],[212,-7],[49,117],[86,60],[-9,50],[228,134],[321,91],[68,79],[184,-17],[31,34],[-6,80],[47,34],[491,-32],[415,100],[359,141],[164,170],[330,132],[264,-52],[127,-159],[-12,-95],[-204,-203],[-111,-33]],[[65366,92778],[308,-75],[-67,-118],[-18,-160],[-111,-28],[-30,-118],[-59,-35],[-12,-99],[44,-132],[-61,-201],[321,-583],[325,-266],[-133,-98],[-246,88],[84,-85],[-35,-22],[-82,67],[-96,-30],[-30,54],[-177,-18],[-112,53],[-13,-43],[-244,94],[-94,42],[64,29],[-7,97],[23,24],[135,27],[-149,146],[-59,5],[-25,42],[26,92],[-409,-39],[-97,68],[-42,145],[1,110],[39,97],[84,57],[102,-16],[103,120],[81,259],[-101,71],[100,92],[127,12],[-34,39],[-16,93],[17,55],[432,144],[143,-56]],[[76812,98247],[64,-83],[299,-112],[7,-71],[-207,-59],[-24,-56],[109,-150],[-68,-58],[-725,-81],[-192,-81],[-464,119],[-157,64],[-31,62],[361,184],[121,122],[-181,13],[208,156],[411,76],[89,92],[179,7],[201,-144]],[[77131,97600],[95,-95],[-108,-122],[-10,-53],[17,-10],[114,99],[81,-12],[67,118],[194,-25],[181,-118],[32,-50],[-78,-105],[-28,-214],[-177,-22],[215,-139],[31,-94],[-136,-90],[-523,-5],[-208,111],[-560,72],[-159,222],[-319,66],[533,423],[81,-47],[60,53],[605,37]],[[78578,96964],[-131,-295],[150,155],[236,66],[80,-96],[100,-34],[1,-59],[50,-32],[142,-12],[55,-158],[-8,-66],[-159,-113],[-483,-59],[-57,-48],[-443,3],[-377,-165],[-155,57],[203,212],[111,291],[149,25],[-25,97],[46,68],[6,71],[137,92],[13,68],[65,14],[50,-75],[68,-6],[-19,83],[62,42],[193,-95],[-60,-31]],[[88902,94553],[94,-23],[44,-93],[75,-23],[35,49],[12,186],[139,121],[329,-192],[282,0],[465,-235],[-176,-116],[44,-68],[-240,-158],[-236,51],[-98,106],[-33,128],[10,67],[69,63],[-12,56],[-176,-15],[-61,-22],[31,-189],[116,-182],[142,-115],[-182,-105],[-135,120],[-478,-102],[-163,83],[-98,-195],[-63,-23],[-280,100],[-114,149],[-129,81],[-75,142],[95,16],[-21,145],[15,137],[122,7],[-57,106],[16,32],[180,113],[198,57],[314,-259]],[[90776,94231],[194,49],[260,-19],[22,-18],[-10,-81],[32,-26],[421,-12],[118,-84],[81,40],[-67,-167],[-206,-87],[-219,-16],[-266,37],[-540,262],[80,254],[87,-34],[13,-98]],[[99683,91032],[-59,122],[9,74],[240,241],[126,63],[0,-383],[-316,-117]],[[89655,79464],[60,-178],[-16,-244],[95,-406],[18,-179],[-1,-246],[-42,-186],[5,-285],[36,-254],[38,-79],[100,-837],[146,-776],[96,-218],[7,-162],[-25,123],[-159,305],[-88,45],[-175,-80],[-147,-793],[-5,-235],[53,-201],[54,-91],[77,-372],[74,-30],[27,-275],[-42,-234],[-41,373],[-196,100],[-48,-103],[-91,-449],[-32,68],[-37,308],[58,485],[-20,315],[60,300],[-13,194],[-75,324],[77,577],[3,455],[-24,292],[39,259],[0,158],[-32,146],[-103,216],[24,37],[-39,101],[-2,239],[54,367],[-8,384],[88,110],[49,-64],[58,30],[16,63],[-21,36],[47,61],[8,155],[-103,271],[60,-1],[39,97],[19,-16]],[[312,91560],[145,-34],[238,-218],[-90,-107],[-371,-89],[-234,37],[0,383],[312,28]],[[59948,87058],[12,-73],[-22,-71],[-69,123],[79,21]],[[61864,88128],[-65,23],[-5,25],[47,9],[23,-57]],[[64695,91411],[80,-106],[-40,-129],[20,-35],[-245,242],[185,28]],[[96677,79585],[11,-37],[-177,241],[122,-116],[44,-88]],[[94643,91029],[-59,-2],[-18,72],[35,1],[42,-71]],[[94851,89677],[-2,66],[-90,81],[8,157],[-23,51],[118,164],[31,-33],[-2,-64],[-72,-93],[12,-185],[34,-96],[-14,-48]],[[92467,94759],[-27,-25],[-64,41],[67,36],[24,-52]],[[91430,95138],[-209,-8],[89,69],[191,25],[-71,-86]],[[88321,91511],[-69,-59],[-180,75],[210,41],[39,-57]],[[79915,96173],[-60,-51],[-296,58],[304,34],[52,-41]],[[81243,95111],[51,-79],[-36,-42],[-156,124],[141,-3]],[[76814,94869],[16,-40],[-67,-6],[-14,-64],[-274,66],[19,52],[320,-8]],[[76745,95396],[-119,-36],[-163,31],[350,131],[9,-36],[-77,-90]],[[74864,95510],[-59,-3],[-44,30],[39,53],[110,-15],[-46,-65]],[[70738,92472],[-133,72],[-22,33],[85,76],[154,-48],[-61,-21],[-26,-44],[3,-68]],[[70973,92883],[-45,-17],[63,76],[134,6],[-63,-63],[-89,-2]],[[73207,93316],[-38,-23],[-165,37],[92,42],[131,-44],[-20,-12]],[[68706,90119],[-22,-61],[-66,28],[52,65],[36,-32]],[[68488,90831],[-42,52],[9,111],[6,-2],[27,-161]],[[69450,87987],[-49,-8],[-105,159],[169,-14],[9,-89],[-24,-48]],[[63903,97541],[-23,-10],[-115,70],[91,50],[121,-41],[-74,-69]],[[64280,97449],[-266,-13],[-100,39],[234,80],[89,-32],[-4,-40],[47,-34]],[[64098,98227],[-66,-1],[-41,54],[96,34],[64,-44],[-53,-43]],[[65410,97681],[-79,-33],[-60,21],[73,49],[66,-37]],[[65115,97821],[-39,-36],[-129,39],[25,27],[-7,64],[147,-46],[3,-48]],[[66580,97458],[-100,-23],[-114,43],[7,41],[166,53],[102,-87],[-61,-27]],[[66283,98223],[86,-148],[-80,-45],[-196,18],[-202,158],[233,71],[159,-54]],[[63328,73196],[-17,52],[7,59],[11,-65],[-1,-46]],[[63962,89877],[-12,-96],[-36,54],[-130,-187],[-198,-83],[-131,44],[-45,166],[12,161],[26,54],[150,115],[75,1],[289,-229]],[[67603,97982],[-237,86],[165,102],[273,22],[59,125],[74,16],[166,-38],[58,-62],[15,-88],[-247,-124],[-326,-39]],[[66098,97575],[-173,25],[-41,168],[-48,50],[408,-2],[215,-86],[-238,-17],[-123,-138]],[[67268,98077],[17,-28],[-42,-125],[-285,-141],[-215,54],[-174,-45],[-101,100],[28,99],[91,87],[213,-22],[310,62],[158,-41]],[[66983,98159],[-87,-15],[-214,39],[147,72],[272,-26],[-118,-70]],[[64866,97619],[-246,-4],[-117,59],[270,105],[185,-101],[-92,-59]],[[65855,97736],[11,-111],[-37,-86],[-351,23],[80,70],[4,97],[293,7]],[[66058,98578],[209,-90],[-196,-35],[44,-80],[-157,-84],[-175,72],[-307,-35],[-69,86],[191,-5],[260,167],[200,4]],[[65199,98275],[487,-83],[339,-145],[-502,-115],[-505,130],[-6,41],[89,23],[98,149]],[[67680,98622],[-213,0],[-216,50],[191,27],[275,-48],[-37,-29]],[[66193,98697],[-108,5],[63,74],[354,-2],[-15,-46],[-294,-31]],[[75745,97267],[-148,0],[-215,106],[-85,103],[306,45],[453,-99],[-311,-155]],[[75435,98293],[-96,-55],[-346,35],[-21,41],[335,20],[128,-41]],[[89169,93265],[-167,-55],[-63,58],[-23,127],[55,51],[179,5],[43,-68],[-24,-118]],[[89495,93192],[322,-230],[33,-78],[8,-149],[-319,4],[-467,140],[-205,-68],[-66,50],[193,40],[195,270],[306,21]],[[87763,94258],[-138,-14],[68,321],[131,-169],[-52,-59],[11,-59],[-20,-20]],[[87832,93204],[-21,-20],[-204,259],[180,-114],[62,-74],[-17,-51]],[[88316,79956],[74,-42],[-135,-260],[-72,148],[-64,-59],[96,286],[101,-73]],[[96999,90155],[-237,59],[-155,121],[75,97],[83,29],[295,-112],[-61,-194]],[[95453,82428],[-56,-41],[82,178],[9,152],[226,145],[24,-176],[-12,-60],[-273,-198]],[[96291,79777],[-2,-102],[-248,423],[50,40],[96,-28],[-8,-103],[112,-230]],[[93002,75887],[-55,-13],[0,61],[59,187],[21,-11],[-25,-224]],[[93445,76834],[-22,-13],[-44,65],[80,90],[8,-76],[-22,-66]],[[93310,76584],[-145,-184],[-43,37],[-13,120],[135,96],[56,199],[59,62],[1,-150],[-50,-180]],[[92799,75519],[-24,-12],[37,93],[28,-9],[-41,-72]],[[93234,76949],[-26,-8],[-24,73],[48,-2],[2,-63]],[[92527,74796],[-13,-40],[-19,16],[26,57],[6,-33]],[[92222,74187],[-52,-77],[-28,46],[42,11],[118,193],[-80,-173]],[[91579,73304],[-67,-34],[143,301],[108,135],[56,-3],[-240,-399]],[[91277,73076],[-94,-71],[-97,-161],[-71,-9],[-125,-298],[-86,-105],[97,318],[177,261],[11,111],[37,-86],[74,15],[80,142],[56,18],[7,-104],[-66,-31]],[[90753,71967],[-29,-2],[3,51],[57,33],[20,-40],[-51,-42]],[[90612,72497],[100,-40],[-181,-237],[-91,-182],[-9,-127],[-32,51],[6,94],[80,142],[101,301],[26,-2]],[[81496,93547],[-36,-90],[-132,-125],[-189,48],[-167,134],[105,7],[57,130],[362,-104]],[[71180,97243],[308,-66],[64,-39],[-261,-6],[-166,107],[55,4]],[[72229,98087],[-258,-26],[-33,26],[66,79],[336,-23],[-111,-56]],[[69631,92628],[-209,-7],[27,98],[-6,95],[98,84],[187,18],[169,-196],[-266,-92]],[[71564,92063],[-135,-7],[-77,25],[197,221],[194,-55],[24,-50],[-203,-134]],[[72083,92366],[-172,21],[-69,69],[147,172],[105,-124],[-11,-138]],[[72825,94265],[14,-48],[-48,-7],[-20,-66],[-133,85],[59,59],[60,-30],[-4,62],[30,11],[40,2],[2,-68]],[[66791,90404],[-3,-147],[-198,-14],[-41,23],[-21,90],[-153,19],[-133,263],[89,117],[71,19],[389,-370]],[[55821,80087],[-101,-209],[165,-33],[13,232]],[[55898,80077],[233,-142],[137,-3],[72,-132],[-39,-217],[22,-145]],[[56323,79438],[-878,72]],[[55445,79510],[71,123],[32,202],[152,52],[105,205]],[[55805,80092],[16,-5]],[[59722,73368],[127,-293],[198,96],[112,-42],[-50,-232],[-146,-42],[-53,69],[-57,-3],[-107,-209],[-103,3],[-69,-60],[-109,-209],[-89,-18],[-85,109],[45,249],[-16,135],[-177,176],[-85,-14],[-29,53],[322,383],[-20,105]],[[58487,39485],[-41,61],[-81,-73],[-52,54],[-17,-265],[-47,-55],[-86,-10],[-26,96],[-54,54],[-24,-88]],[[58059,39259],[-26,27],[-18,166],[77,178],[18,334],[43,143],[62,91]],[[47587,60643],[0,-261]],[[47587,60382],[1,-909],[-926,0],[-2,-1779],[-166,-138],[-114,-191],[-34,-126],[38,-1047],[-1097,-4],[-23,-368]],[[45264,55820],[-14,36],[26,398]],[[45276,56254],[268,56],[297,-42],[61,42],[39,176],[-6,78],[114,316],[34,556],[58,416],[161,204],[69,295],[175,303],[103,816],[95,80],[112,408],[-21,140],[176,96],[141,-112],[61,35],[59,-42],[113,168],[172,22],[-7,378],[37,0]],[[60250,59042],[-50,107],[-61,78],[9,30],[117,-192],[-15,-23]],[[61663,52942],[21,-4],[-1,65],[30,-66],[-3,-97],[-99,146],[16,157],[25,-46],[11,-155]],[[61888,52700],[-28,257],[-87,271],[-25,220],[-151,317],[-145,558],[-31,284],[-100,474],[-188,359],[-98,88],[-126,410],[-50,237],[15,148],[-45,255],[30,360],[-9,140],[-166,788],[-151,333],[-105,75],[-101,372],[24,99],[-32,233],[-547,1932],[-128,67],[-27,-47],[91,908]],[[59708,61838],[310,-108],[114,207],[77,261],[199,91],[50,237],[91,118],[-283,698],[556,355],[51,91]],[[60873,63788],[340,-131],[474,-604],[726,-1322],[512,-74]],[[62925,61657],[250,-76],[66,-321],[215,7]],[[63456,61267],[101,-455],[-3,-121],[122,-163],[-17,-39],[64,-181],[37,-21],[170,-344],[-39,11],[5,-107],[52,-153],[-17,-147],[-34,8],[14,-106],[55,-278],[49,-99],[28,-238],[69,-210]],[[64112,58624],[45,-151],[83,23]],[[64240,58496],[42,-53],[-30,-134],[72,-39]],[[64324,58270],[7,-145],[267,-807],[708,-219],[23,58]],[[65329,57157],[126,-494],[-184,-1413],[-833,-704]],[[60165,59274],[-15,16],[11,85],[-1,-42],[5,-59]],[[56707,47274],[-169,106],[-20,210],[43,159],[7,341],[-93,397],[-126,375]],[[56661,54899],[0,351],[277,5],[0,1404]],[[56938,56659],[1731,-1],[53,146],[24,-39],[-15,-106],[1510,0]],[[60241,56659],[16,-289],[92,-337],[0,-49],[-30,46],[-3,-86],[24,-299],[-9,-307],[15,-379],[62,-536],[316,-574]],[[60724,53849],[-99,-296],[-196,-183],[-38,-185],[-111,-2],[-34,-305],[7,-232],[-135,-820],[27,-616]],[[60145,51210],[-37,-444],[-64,-375],[-10,-236],[-126,-94],[-155,-568],[-50,-670],[-45,-84],[-55,95],[-64,-156],[-19,-92],[10,-237],[-64,-515]],[[58566,43631],[-23,94],[-55,20],[-14,130],[-87,103],[-144,426],[-58,17],[-68,-154],[-138,79],[-83,-127],[-65,18],[-113,207],[-107,327]],[[57611,44771],[-40,127],[-32,305],[-175,244],[-57,272],[15,126],[-131,303],[-170,255],[-27,91],[19,118],[-13,59],[-97,232],[-156,108],[-40,263]],[[56707,47274],[18,72],[89,84],[39,354],[30,97],[1,175],[61,197],[17,168],[41,26],[179,53],[17,-167],[206,-483],[115,93],[224,-9],[47,-193],[221,-2],[-2,94],[39,96],[137,122],[37,108],[0,101],[111,150],[212,-388],[127,51],[158,411],[39,197],[135,300],[-23,158],[2,268],[-76,220],[185,2],[-4,150],[132,-4],[-35,-430],[28,-532],[-12,-74],[70,-70],[146,-327],[16,-225],[-26,-251],[58,-32]],[[59466,47834],[-2,-644],[-33,-72],[-187,-4],[-78,-379],[63,-98],[122,-63],[66,-113],[45,-200],[179,-398],[76,-564],[79,-258]],[[59796,45041],[-359,-895]],[[46588,51599],[26,-113],[-11,-134],[58,-177],[16,-233],[-26,-171],[62,-223],[20,55],[35,-17],[68,-301],[-17,-271],[17,-108]],[[46836,49906],[-281,-45],[-147,135],[-37,-29],[-6,101],[-179,28]],[[46186,50096],[-408,4],[-105,-133],[-316,-95]],[[45357,49872],[-13,120],[88,59],[-43,74],[-41,-91],[-5,337]],[[45343,50371],[32,63],[226,2],[6,118],[146,50],[38,113],[251,-225],[111,70],[6,51],[-42,95],[-119,-28],[-195,217],[-89,-60],[-23,-99],[-292,1]],[[45399,50739],[-57,223],[41,96],[-48,-26],[-104,448],[-50,63],[-27,-55],[-25,73],[107,117],[170,646]],[[45406,52324],[27,258],[56,230],[130,-33],[216,135],[127,-14],[125,-167],[60,-191],[101,-9],[27,-53],[56,-312],[77,-116],[20,-148],[160,-305]],[[78880,42112],[-42,-47],[-47,43],[47,85],[42,-81]],[[42704,40],[1,-40],[-53,54],[41,23],[11,-37]],[[39693,3116],[111,-30],[27,-57],[-11,-51],[55,-33],[34,41],[70,-213],[50,-1],[-5,-110],[32,-37],[-80,-73],[-117,251],[-64,31],[-42,90],[-206,121],[-17,63],[20,25],[-111,24],[177,17],[77,-58]],[[48418,29913],[-25,-4],[21,69],[13,-5],[-9,-60]],[[46009,35562],[-14,21],[9,43],[23,-37],[-18,-27]],[[94357,35185],[-33,16],[-5,61],[25,-11],[13,-66]],[[96368,32963],[-34,-8],[-16,61],[30,8],[20,-61]],[[96147,33602],[-64,-66],[-31,47],[65,87],[38,-23],[-8,-45]],[[94604,32870],[-51,6],[-34,88],[-75,59],[-4,60],[164,-213]],[[94873,34398],[2,-101],[-40,62],[-13,231],[51,-192]],[[94218,34752],[-33,10],[-9,24],[26,58],[27,-26],[-11,-66]],[[94490,34842],[24,-8],[43,-94],[-37,-20],[-47,62],[17,60]],[[93822,35372],[38,-186],[-22,-74],[-65,117],[-8,124],[-71,-45],[-23,50],[75,210],[31,-29],[14,-149],[31,-18]],[[93944,34964],[-13,25],[15,76],[12,-84],[-14,-17]],[[93918,35061],[-47,-37],[-8,121],[54,20],[1,-104]],[[93718,35040],[-49,105],[47,101],[-14,-161],[16,-45]],[[93523,35598],[-49,151],[14,94],[69,-104],[-34,-141]],[[93500,35423],[-18,69],[9,81],[12,-97],[-3,-53]],[[93658,35468],[-36,-7],[-23,72],[18,104],[45,-52],[-4,-117]],[[93288,36179],[-28,-17],[-17,23],[17,81],[35,-49],[-7,-38]],[[93789,35009],[-16,-18],[-37,55],[35,1],[18,-38]],[[94374,34647],[61,-113],[107,8],[75,-118],[54,-192],[-47,-47],[-91,76],[-130,21],[-65,182],[1,156],[35,27]],[[94410,35167],[-260,348],[-135,349],[77,-42],[104,-211],[90,-88],[114,-211],[-14,-55],[24,-90]],[[93745,36015],[-12,-67],[-95,72],[-168,395],[-12,87],[42,-2],[119,-177],[45,-188],[81,-120]],[[94652,35322],[69,-210],[-15,-132],[59,-114],[58,-457],[-137,319],[-28,136],[-30,242],[14,57],[-34,117],[44,42]],[[94920,33862],[108,-46],[75,-260],[-163,75],[-69,105],[-14,145],[-54,24],[3,86],[114,-129]],[[47143,47147],[-21,-209],[-59,-82],[-21,-220],[-172,-370],[-67,-230]],[[46803,46036],[-63,128],[-209,210],[15,112],[-22,85],[9,61],[-61,-26],[-51,99],[-21,203],[-53,49],[-34,151],[3,41],[49,-44],[53,144],[-80,-37],[-7,187],[41,27],[-65,118]],[[46307,47544],[74,38],[19,113],[56,77],[91,371],[321,69],[162,-481],[-16,-154],[37,-26],[32,-261],[-59,-248],[43,-14],[45,116],[31,3]],[[46520,46409],[-4,-18],[-114,113],[93,46],[29,-38],[-4,-103]],[[25177,51322],[85,-61],[97,-209],[54,-37],[8,-88],[92,93],[45,-75],[52,7],[24,-54],[-6,-255],[-21,-36]],[[25607,50607],[-2,-81],[-56,-82],[-184,80],[48,-69],[-213,207],[-146,58],[-81,124]],[[24973,50844],[13,118],[140,237],[-8,105],[59,18]],[[53468,72078],[-17,-5],[-8,28],[30,39],[-5,-62]],[[63327,46804],[-278,0],[-832,712],[-139,261],[-84,353],[-94,227],[-52,280],[74,281]],[[61922,48918],[90,352]],[[62012,49270],[169,-504],[148,-249],[155,5],[242,281],[208,-64],[233,302],[171,-25],[154,128],[101,-44]],[[61536,39982],[-3,86],[-151,494],[-4,2594],[105,272],[151,547]],[[61634,43975],[39,113],[231,131],[44,168],[145,195],[126,78],[264,-27],[340,930],[504,1241]],[[63327,46804],[266,1023],[0,1273]],[[63593,49100],[326,191],[99,139],[47,152],[43,28],[129,-107],[-48,-349],[16,-477],[-30,-150],[43,25],[2,53],[54,-93],[-127,-62],[-30,-639],[-200,-865],[-70,-167],[-50,-347],[-121,-487],[-52,-425],[-298,-1179],[-305,-854],[-230,-570],[-314,-468],[-334,-671],[-483,-1288],[-124,-508]],[[34402,74092],[-6,-6],[-19,10],[25,31],[0,-35]],[[34370,74146],[-33,-14],[6,197],[21,-19],[6,-164]],[[56306,72315],[-29,-115],[-50,-48],[-14,-159],[52,-230],[117,-187],[-75,-214],[-67,-29],[-8,-151],[24,-132],[-50,-89]],[[56206,70961],[-29,31],[-188,-78]],[[55989,70914],[-12,57],[65,240],[-101,58],[4,56],[-168,302],[-49,-44],[0,-115],[-77,-146]],[[55651,71322],[-21,76],[-200,195],[-99,226]],[[55331,71819],[72,20],[12,57],[-70,227],[94,55],[-129,223],[64,366],[-95,-8]],[[55279,72759],[22,40],[-6,150],[20,41],[74,-5],[-110,148],[16,81],[-41,61],[-21,165],[18,68]],[[55251,73508],[103,50],[94,117],[174,-43]],[[55622,73632],[148,-252],[6,-199],[193,-225],[-38,-99],[50,-76],[-48,-52],[203,-200],[113,115],[40,-39],[26,-57],[-51,-20],[-16,-74],[58,-139]],[[52062,42278],[-26,25],[23,67],[11,-47],[-8,-45]],[[51849,41260],[-38,-39],[-15,114],[16,79],[45,45],[17,-113],[-25,-86]],[[34956,44947],[-82,-243],[-8,-125],[36,-550],[96,-306],[-1,-121],[-54,-219],[2,-225],[-57,-251],[-60,-95]],[[34828,42812],[-29,81],[-43,6],[-28,104],[-113,-111],[-96,-24],[-63,81],[-50,-184],[62,-155],[-4,-107],[-25,-32],[-129,71]],[[34310,42542],[-62,66],[-136,575],[-30,368],[-95,13],[-1,86],[-51,113],[-62,299],[58,399],[-19,107],[57,120],[105,21],[34,123],[-30,99],[34,149]],[[34112,45080],[39,275],[24,38],[204,-75],[82,-64],[12,-67],[-4,136],[23,48],[276,19],[217,-127],[2,-140],[-31,-176]],[[56147,75249],[-114,-42],[-75,145],[-267,-18],[-43,-163],[-121,-115],[-76,64],[-44,-79],[-188,-77],[-18,-150],[-268,-12],[-170,166]],[[54763,74968],[-79,268],[25,149]],[[54709,75385],[50,170],[173,33],[91,125],[21,135],[121,165],[66,14]],[[55231,76027],[29,-9],[8,-72],[51,3],[81,139],[52,-135],[40,-24],[-5,-118],[84,-16],[29,95],[56,48],[162,-48],[37,71],[155,-4],[70,-48],[36,-94],[144,-97]],[[54587,73908],[-54,24],[-26,-114],[-164,-121],[4,-238],[-104,-91],[22,-62],[-20,-46],[15,-79],[-151,8],[-63,126],[-55,-124],[-105,20],[-31,-58],[-84,63]],[[53771,73216],[40,50]],[[53811,73266],[43,19],[-81,139],[8,105],[-37,33],[42,118],[-70,60],[89,182]],[[53805,73922],[236,-85],[95,145],[296,51],[5,87],[33,43]],[[54470,74163],[53,-4],[64,-251]],[[55298,81887],[-72,-91],[-7,-157],[33,-59],[-120,-166],[-38,-130],[-54,-42],[39,116],[-50,133],[8,200],[112,193],[74,2],[27,57],[48,-56]],[[54591,80799],[-27,-33],[-9,47],[3,182],[163,528],[33,1],[-163,-725]],[[53163,82732],[23,-89],[48,12],[43,256],[-33,213],[70,191],[66,34],[88,137],[28,242],[-81,388],[114,40],[48,206],[-201,259],[41,398],[-52,216],[-2,231],[30,57],[-60,205],[59,141],[-11,73],[172,285],[114,52],[210,-43],[29,58],[23,116],[-19,143],[-119,83],[231,506],[43,347],[-26,236],[138,27],[124,97],[-17,130],[272,398],[9,70],[-86,190],[128,143],[55,188],[150,147],[164,-98],[73,166],[-4,230],[39,19],[463,-140],[75,86],[-76,45],[76,92],[30,125],[-65,121],[141,11]],[[55728,89772],[382,-364],[238,-108],[68,-77],[23,-85],[127,-129],[-38,-55],[11,-184],[-24,-108],[77,-27],[12,-66],[-42,-67],[5,-73],[96,-225],[-34,-164],[-46,-68],[0,-160],[82,-135],[44,-180]],[[56709,87497],[-129,16],[-163,-65],[-99,95],[-58,-54],[-38,48],[-41,-186],[-93,-46],[9,-44],[-20,-32],[-87,-12],[-12,-34],[24,-69],[-55,40],[45,-135],[-121,-223],[106,-244],[-139,-200],[-71,-218],[-236,-182],[-53,-103],[-102,10],[-89,-169],[-61,14],[12,-36],[-70,-20],[-21,-81],[-61,-47],[53,-5],[-11,-66],[-81,-75],[-81,60],[26,-109],[-19,-43],[37,-41],[-109,-106],[-65,41],[5,-122],[57,-72],[-35,-47],[-37,-211],[25,-128],[-75,28],[-18,-105],[33,-615],[85,-41],[29,-76],[82,39],[58,-128],[109,-109],[-6,-71],[70,-52],[57,-177],[-115,-184],[-170,-145],[46,-31],[105,65],[30,-57],[-56,-26],[-36,-127],[-363,-321],[-213,-12],[160,-36],[38,-65],[-76,-41],[33,-155],[-20,-38],[-1,-171],[-27,-3],[-12,-71],[27,-219],[-49,-166],[15,-139],[-50,-253],[-119,-382],[-335,-23],[11,-71],[-54,11],[-96,-152],[35,-215],[-46,-92],[-102,22],[-135,-58],[-121,46],[24,237],[-139,382],[91,-19],[-40,124],[56,9],[17,44],[-10,72],[-128,203],[-102,382],[-26,-15],[-23,178],[-40,27],[-9,180],[-42,20],[-28,82],[-5,156],[-51,21],[-28,436],[13,63],[54,-30]],[[55321,81948],[-5,-43],[-28,35],[27,50],[54,-13],[-48,-29]],[[55115,82727],[-18,-4],[37,57],[-19,-53]],[[55165,83038],[-7,39],[35,6],[0,-7],[-28,-38]],[[58874,22902],[31,-43],[15,-578]],[[32465,53894],[32,0]],[[32497,53894],[-32,0]],[[65427,37871],[1,-65],[-44,124],[20,35],[23,-94]],[[61766,67296],[-159,-360],[-103,-58],[-34,-92],[-14,-218],[31,-305],[-39,-248],[-6,-365],[-57,-239],[-615,-744]],[[60770,64667],[-543,-744],[-124,49],[-163,245]],[[59940,64217],[28,148],[-28,245],[15,87]],[[59955,64697],[54,120],[-26,58],[13,60],[29,55],[76,6],[-19,84],[80,184],[-22,149],[-49,47],[29,80],[-14,32],[-113,-21]],[[59993,65551],[-25,225],[4,332],[-38,107],[36,242]],[[30094,56496],[-47,18],[-5,37],[50,-7],[2,-48]],[[30033,56549],[-39,55],[3,23],[22,1],[14,-79]],[[29907,56557],[32,-39],[21,-2],[-53,-25],[0,66]],[[56661,54899],[-3,-2657],[-240,-13],[-48,-120],[0,-262],[-47,-115],[-26,-194],[-80,-121],[43,-274],[-120,-255],[34,-330],[-66,-153],[-46,-227],[29,-79],[117,-12],[18,-81],[16,-336],[30,-55],[3,-289],[92,-165],[-18,-299]],[[56349,48862],[-101,53],[-201,-248],[-38,-285],[-30,-21],[-48,-168],[-25,3],[-136,-401],[-120,-196],[-332,-78],[-53,-54],[-19,-73],[61,-126],[-151,-430],[-254,-44],[-240,-304],[-67,221],[-46,-128],[-117,-124],[-133,12]],[[54299,46471],[20,186],[-30,45],[-91,496],[-217,455],[-99,344],[74,203],[165,-27],[227,47],[-105,246],[-40,205],[-29,327],[26,301],[-11,214],[-65,462],[-84,224],[-23,142],[-111,40]],[[53906,50381],[-127,440]],[[53779,50821],[-44,476],[256,965],[307,815],[72,2108],[64,312],[-105,272],[-13,100],[19,56],[-118,401],[-57,1037]],[[54160,57363],[279,316],[2222,-2780]],[[50250,48913],[-32,-199],[-6,-228],[157,-274],[15,-448],[60,-219],[7,-1445],[-26,-3],[19,-269],[49,-222],[-43,-55]],[[50450,45551],[-121,-90]],[[50329,45461],[-56,163],[-69,93],[-59,280],[31,354],[-35,57],[-3,79],[30,128],[-6,293],[28,148],[-87,284],[32,65],[11,385],[-34,65],[-48,-19],[31,100],[-22,28],[32,456],[-129,268],[26,245],[-22,66]],[[49980,48999],[156,-113],[114,27]],[[78501,49394],[-5,-73],[-15,30],[20,43]],[[78451,49614],[-35,-6],[-6,121],[11,-7],[30,-108]],[[77335,46737],[-31,-89],[7,275],[31,-57],[-7,-129]],[[77811,55476],[5,-50],[49,99],[56,-147],[-34,-297],[33,-142],[64,-28],[61,68],[69,-44],[20,-402],[-66,-377],[27,-210],[-66,-393],[14,-31],[58,-29],[145,275],[24,101],[91,125],[125,-173],[30,-104],[109,148],[63,195],[-8,48],[32,35],[162,-73],[133,-436],[87,-167],[21,-114],[-20,-293],[21,-294],[63,-215],[100,-122],[-2,-111],[67,-122],[-42,-282],[16,-228],[-14,-241],[-87,-172]],[[79217,51273],[-31,-84],[-29,98],[-53,43],[-221,-49],[-106,45],[-111,-63],[-81,-137],[-101,-388],[-63,-32],[50,-613],[71,-171],[-5,-237],[55,-270]],[[78592,49415],[-94,350],[-15,-66],[-78,200],[-9,-44],[-109,218],[-261,9],[18,548],[-100,95],[-102,-58],[-60,-93],[-8,-77],[28,-139],[-35,-251],[7,-365],[-101,-498],[-39,-404],[-89,-401],[-1,-412],[35,-226],[-9,-105],[39,-36],[122,53],[43,-493],[39,-113],[9,57],[33,-169],[73,-733],[-29,38],[-16,183],[-27,7],[9,116],[-17,41],[-27,-33],[1,-90],[73,-290],[45,-8],[120,-222],[133,3],[84,-275],[84,-163]],[[78361,45569],[-64,-294],[-54,-32],[-34,90],[-83,-83],[-40,-107],[-36,94],[26,131],[-6,201],[-50,2],[-33,151],[-114,63],[-23,94],[-24,-8],[-16,-162]],[[77810,45709],[-117,306],[6,162],[-46,79],[12,96],[-66,12],[-27,174],[-51,69],[-8,120],[-72,121],[-24,138],[-35,62],[-44,-117],[-32,34],[-17,381],[128,1002]],[[77417,48348],[15,331],[120,313],[118,476],[-58,539],[-52,135],[-31,256],[19,92],[-11,340],[-56,234],[-101,219],[-102,433],[-3,161],[101,115],[10,482],[63,91],[19,121],[-14,46],[-49,-62],[-62,455],[-203,578],[9,97],[-30,250],[-50,49],[-21,111],[103,49],[-11,242],[27,140],[4,232],[55,204],[99,-43],[151,59],[44,230],[73,-15],[41,50],[-7,150],[72,-26],[48,70],[64,-76]],[[77798,48001],[-14,10],[-12,58],[17,-1],[9,-67]],[[77797,47923],[-5,-89],[-25,-28],[-7,98],[37,19]],[[77683,45766],[-15,52],[13,83],[13,-101],[-11,-34]],[[77386,46759],[-3,-12],[-14,135],[20,-36],[-3,-87]],[[77307,47546],[-16,-8],[14,69],[3,-41],[-1,-20]],[[77521,46519],[7,-85],[-16,116],[9,-31]],[[69710,69500],[-123,-203],[-18,70],[-134,108],[-122,-74],[-15,-125],[-47,34],[-8,-36],[-13,-110],[19,-166],[334,44],[83,-136],[186,147],[9,-88],[64,-39],[13,-102],[73,52],[52,-102],[36,92],[57,28],[151,-11],[146,61]],[[70453,68944],[-7,-154],[55,-185],[-31,-80],[30,-174],[47,-52],[44,90],[41,-1],[148,-140],[-10,-189],[45,-295],[-12,-121],[63,-152],[-64,-108]],[[70802,67383],[-64,115],[-86,17],[-193,-127],[18,127],[-94,30],[-135,-137],[-66,-168],[-83,-32],[-155,-203],[-38,2],[-64,303],[41,550],[-84,6],[15,178],[-21,96],[-105,105],[-73,-86],[-112,-289],[11,-183],[-18,-57],[-193,-21],[-26,-108],[4,-135],[-31,-64],[-109,153],[-234,-270],[-86,156]],[[69639,69209],[-40,-24],[-21,65],[60,-26],[1,-15]],[[64752,68489],[-3,-33],[-22,209],[9,30],[16,-206]],[[68478,67465],[-115,47],[-96,108],[-58,-223],[-129,-10],[-76,-74],[-85,-557],[-139,-231],[-245,-117],[11,-118],[-31,-164],[-102,-134],[-106,-59],[-90,192],[-101,-8],[-99,131]],[[67017,66248],[-3,175],[-28,77],[17,150],[-26,318],[-216,-3],[-109,284],[-137,149],[-43,181],[-135,122],[-138,-26],[-94,129],[-174,101],[-45,171],[-209,23],[-47,-119],[-247,-20],[-134,-193],[-55,-216],[-141,-97],[-77,8]],[[64976,67462],[-26,411],[13,719],[-46,184],[-102,92],[-50,-53],[-9,118],[31,124],[102,-44],[-36,86],[4,169],[-139,55],[-10,-64],[23,-86],[-64,197],[-19,243],[58,450],[56,-150],[130,-5],[71,-119],[141,31],[-16,100],[102,27],[5,139],[-169,316],[-81,421],[-178,-17],[-54,-83],[-43,-186],[19,-42],[-9,-318],[-99,408]],[[64581,70585],[156,259],[296,132],[204,-261],[161,-471],[151,19]],[[84901,35445],[-19,-122],[-20,26],[22,69],[17,27]],[[84740,34479],[-30,209],[39,17],[14,104],[-59,-8],[-4,78]],[[84700,34879],[71,208],[56,51],[344,81],[97,101],[91,-76],[-106,-205],[-418,-394],[-95,-166]],[[84454,34598],[113,107]],[[84567,34705],[-45,-167],[-53,8],[-15,52]],[[1344,26273],[23,28],[-22,-95],[-57,110],[13,28],[43,-71]],[[1680,28054],[-11,-42],[-22,41],[29,53],[4,-52]],[[1413,26180],[-2,-105],[-15,70],[17,35]],[[33123,49044],[-13,21],[26,48],[51,34],[-64,-103]],[[33052,48309],[-45,-40],[-203,-6],[113,140],[5,236],[-48,81],[204,86],[-32,-120],[18,-244],[-12,-133]],[[53195,64532],[-14,-282],[14,-259],[-188,-234],[-98,-243],[-55,-36],[-45,-155],[40,-368],[-12,-111],[-89,-279],[-104,-111]],[[52644,62454],[-132,1297],[-198,332],[-61,360],[-106,151],[-64,397],[4,174],[203,460],[41,331],[-41,421],[29,398],[-40,106],[110,222],[-7,73]],[[52382,67176],[309,283],[41,-22],[-2,-122],[13,84],[89,-34],[-2,-121],[40,-119],[-11,-59],[33,-35],[44,104],[134,136],[20,-140],[-91,-268],[-76,-119],[-13,-105],[31,-202],[115,-179],[32,-276],[-119,-396],[-159,-280],[-22,-99],[33,-204],[41,-86],[41,-46],[72,19],[3,-123],[49,13],[16,66],[84,-224],[-16,-43],[84,-47]],[[53132,65639],[-43,-51],[37,98],[6,-47]],[[53043,64913],[-65,12],[6,105],[76,-46],[-17,-71]],[[57213,69428],[-64,-22],[-19,22],[69,72],[14,-72]],[[61530,70400],[87,-60],[28,45],[151,-39],[34,92],[46,5],[115,-204],[-5,-37],[80,-91]],[[62066,70111],[79,-272],[-43,-167],[39,-223],[-12,-28],[94,-79],[79,19],[133,-237]],[[62435,69124],[14,-38]],[[62449,69086],[-64,83],[-37,-71],[-18,-172],[-102,-32],[43,-165],[-2,-148],[28,-69],[8,-316],[42,-37],[-67,-300],[105,-139],[-4,-194],[61,-102],[-8,-104]],[[62434,67320],[-44,24],[-90,-140],[-47,228],[-121,-52],[-251,102],[-115,-186]],[[61766,67296],[-44,133],[-191,-146],[-224,6],[-192,-191],[-183,-102],[-164,8],[-160,147],[-210,-182],[-102,6],[-35,75],[-79,31],[-33,-243],[27,-157],[-72,-44],[-8,-118],[-54,-120],[-72,58]],[[59970,66457],[17,58],[-40,219],[105,246],[-3,104],[-36,73],[-182,-236],[-192,170],[-280,-447],[-250,-103],[-116,104],[-99,248],[-217,201],[-165,31],[-55,-419],[-60,26],[-151,-106],[-129,119],[-70,275],[-43,-29],[-142,97],[-30,-89],[-49,-36],[18,82],[-175,-28],[153,85],[66,138],[-273,-37],[11,106],[65,26],[-4,60],[-84,99],[-42,189],[44,47],[2,179],[-262,210],[35,64],[-12,136],[19,56],[41,-59],[24,-156],[15,58],[37,-32],[78,56],[-65,21],[-40,160],[69,125],[-55,52],[11,109],[-48,125],[60,181],[-218,-58],[19,368],[37,25],[118,264],[151,39],[54,-96],[70,7],[33,37],[-32,70],[39,22],[32,-16],[-7,-84],[290,14],[13,24],[-74,77],[47,68],[247,76],[-134,50],[-69,90],[-19,49],[28,151],[585,-80],[57,149],[235,288],[299,203],[380,-43],[71,75],[42,-25],[-9,-96],[48,-114],[73,-67],[137,34],[35,-180],[63,-107],[103,63],[81,-126],[365,-183],[290,128],[106,-87],[127,-15],[227,211],[119,180]],[[57781,70718],[-7,-80],[58,-212],[239,-228],[-28,-156],[-49,-24],[-169,75],[-69,-64],[-118,-12],[-67,-201],[-135,-133],[-158,-298],[14,169],[150,219],[-191,-11],[-19,82]],[[57232,69844],[82,160],[0,200],[81,115],[-12,140],[-72,81]],[[57311,70540],[72,163],[120,78],[78,15],[67,-112],[133,34]],[[99781,35174],[-5,-8],[2,48],[2,-15],[1,-25]],[[83613,57098],[-31,-170],[-16,-319],[-27,22],[-45,281],[-74,135],[-23,120],[-44,304],[16,354],[253,971],[153,171],[93,-213],[-30,-105],[2,-204],[-59,-339],[-60,-619],[-108,-389]],[[82890,58436],[7,-75],[-38,15],[-2,28],[33,32]],[[60971,36828],[21,-150],[-26,-46],[-83,198],[3,170],[33,147],[52,-319]],[[61073,37721],[-3,-246],[-29,-132],[-29,53],[8,310],[53,15]],[[58541,35406],[-149,815],[-140,296],[-47,213],[-17,204],[36,212],[-79,580],[22,316]],[[58167,38042],[87,-4],[64,104],[133,506],[56,170],[45,51],[-3,204],[-96,78],[-2,164],[36,170]],[[58487,39485],[76,43],[13,138],[-18,409],[-84,249],[0,100]],[[59417,40469],[1039,-1439],[12,-141],[-18,-187],[444,-831]],[[60894,37871],[-116,-969],[20,-184],[186,-488],[-71,-347],[-1,-190],[40,-18],[3,-140],[-38,-305],[51,-294],[-10,-57],[53,-176],[-5,-152],[42,-301],[-14,-115],[137,-169],[68,-158]],[[61239,33808],[-132,-251],[-185,-212],[-146,-75],[-84,-130],[-88,95],[-71,-11],[-54,-201],[-98,-92],[-110,101],[-84,-82],[-103,-16],[-109,177],[-35,2],[-62,-106],[-168,17]],[[59710,33024],[-97,351],[15,260],[-26,330],[-13,149],[-56,210],[-90,166],[-30,-123],[-130,44],[-139,141]],[[61030,35559],[-30,30],[85,201],[-23,-177],[-32,-54]],[[59417,40469],[-859,6],[-84,-51]],[[58474,40424],[-41,-6],[-120,-278],[-29,95],[-69,-37]],[[58215,40198],[-4,289],[43,757],[61,282],[2,225],[67,109],[38,149],[44,38],[215,567],[6,71],[-27,87],[-125,131],[34,308],[-27,104],[43,259],[-19,57]],[[58566,43631],[87,209],[110,-76],[69,88],[40,-138],[54,-62],[56,132],[183,122],[44,-74],[93,-14],[135,328]],[[59437,44146],[53,-287],[75,-115],[3,-343],[116,-404],[32,-574],[-54,-276],[4,-96],[-88,-143],[-150,-611],[-11,-828]],[[60614,74324],[-186,-12],[-56,-111],[-82,-29],[-70,-113],[-65,34],[-78,-74],[-126,-24],[-118,-171],[-40,-125],[-67,-69],[73,122],[-13,114],[-47,-122],[-59,-55],[2,-142],[40,-179]],[[59722,73368],[-56,41],[-31,131],[-66,-8],[-63,95],[-157,83],[-18,-86]],[[59331,73624],[-46,-28],[-63,83],[-201,-64],[-180,139],[-14,30],[59,28],[5,46],[-126,88],[224,-56],[60,99],[-62,-36],[-86,55],[-28,100],[-1,139],[-51,162],[43,-201],[-11,-195],[-95,11],[9,79],[-45,-105],[-168,-54],[-39,-201],[-121,-281],[-164,-102],[21,-325]],[[58251,73035],[-84,112],[-173,-77],[-5,-53],[-86,41],[-67,111]],[[57836,73169],[80,47],[-2,105],[126,270],[17,89],[-14,198],[64,47],[5,-102],[28,61],[86,-48],[25,36],[37,-70],[81,52],[-57,81],[-13,204],[-85,95],[-9,216],[-113,154],[22,201],[-24,133],[-56,-9],[-42,118],[-67,22],[-19,-42],[-48,104],[-206,169],[-89,-75],[-106,11],[-63,-90]],[[57394,75146],[-87,-39],[-40,-149],[-194,-57],[-135,-132],[-111,146],[-325,41],[-57,67],[-91,-97]],[[56354,74926],[-30,114],[-52,18],[-64,86],[-27,106],[-34,-1]],[[56147,75249],[3,114],[110,355]],[[56260,75718],[87,-7],[-40,77],[-16,258],[16,48],[279,542],[73,23],[32,85],[-31,180],[33,61],[-120,309],[-17,146]],[[56556,77440],[1,65],[28,22],[75,-35],[107,194],[395,40],[377,-121],[43,-109],[109,-18],[3,-66],[44,81],[90,10],[116,-46],[36,-76],[103,136],[68,-172],[226,67],[107,-150],[24,64],[-27,169],[62,211],[90,128],[190,17]],[[58823,77851],[99,-36],[45,45],[42,136],[103,-39],[95,62],[163,3],[184,-397],[-5,-45],[-72,-26],[45,-259],[-19,-40],[152,-60],[84,24],[27,-100],[49,-29],[29,-207],[-8,-132],[50,-121],[146,28],[139,-140],[224,142],[78,-212],[95,-133],[59,93],[183,-161],[71,22],[169,-199],[83,3],[8,-229],[-61,-132],[-57,-39],[89,-131],[-59,-10],[-41,-153],[53,-34],[3,-169],[31,-23],[-50,-269],[-244,-23],[-72,-133],[-76,-39],[-46,-204],[22,-31],[-19,-130]],[[58892,73699],[38,-34],[-163,72],[-15,81],[36,-70],[104,-49]],[[35174,17422],[-115,-449],[-106,-204],[-204,-185],[-214,111],[-160,-89],[-168,159],[-88,157],[-183,-17],[-159,397],[11,514],[58,83],[20,120],[-33,297]],[[33833,18316],[22,157],[-19,229],[51,169],[-8,189],[62,393],[-17,188],[73,284]],[[33997,19925],[16,-52],[94,-16],[26,98],[80,26],[219,-471],[11,-213],[54,30],[57,131],[97,-264],[185,-182],[102,-261],[128,-143],[44,-243],[133,-235],[-113,-306],[0,-341],[44,-61]],[[13126,80964],[-56,30],[29,160],[76,-154],[-49,-36]],[[13117,80768],[-31,9],[-41,74],[38,63],[71,-13],[0,-86],[-37,-47]],[[12691,82164],[-40,-16],[-57,60],[39,29],[58,-73]],[[9689,83648],[-9,-17],[-37,17],[44,45],[2,-45]],[[9843,83283],[-14,-4],[47,97],[58,45],[-91,-138]],[[8883,83456],[-15,-21],[-55,13],[54,69],[46,-42],[-30,-19]],[[7772,83665],[17,100],[17,-9],[3,-13],[-37,-78]],[[5464,80128],[-4,-55],[-48,53],[43,16],[9,-14]],[[5733,79871],[-17,4],[-11,57],[20,-13],[8,-48]],[[5690,79998],[-5,-65],[-32,10],[21,101],[16,-46]],[[3831,78992],[-12,31],[38,53],[3,-7],[-29,-77]],[[1109,77647],[-55,16],[3,36],[34,-30],[18,-22]],[[3858,87794],[-10,7],[90,64],[-2,-8],[-78,-63]],[[2371,85973],[164,-32],[123,74],[86,-58],[29,-88],[128,-83],[233,-45],[-37,-98],[-143,0],[-86,-151],[-40,117],[-103,52],[-94,129],[-118,52],[-157,-86],[-76,66],[13,196],[78,-45]],[[3851,83680],[113,-48],[5,-173],[33,-110],[-141,-44],[-13,-61],[-275,172],[-83,140],[167,7],[14,56],[86,61],[94,0]],[[7528,81879],[2,-39],[129,40],[-15,-86],[74,-89],[-55,-86],[-147,31],[-15,-21],[60,-11],[28,-76],[-293,-206],[25,-64],[-91,-133],[-28,33],[78,120],[-86,22],[18,71],[-58,15],[-38,-33],[40,-7],[15,-57],[-43,-60],[-102,292],[47,158],[117,64],[119,-243],[-42,233],[40,19],[-59,90],[18,50],[41,6],[57,-98],[76,45],[13,81],[-16,33],[18,10],[86,-53],[-13,-51]],[[13882,80516],[-34,-165],[31,-251],[-50,-191]],[[13829,79909],[-100,-180]],[[13729,79729],[-76,26],[-55,247],[83,112],[-30,27],[-17,268],[-62,184],[30,63],[-209,-148],[-45,-227],[-48,11],[-24,129],[101,286],[81,33],[-94,24],[-81,126],[-49,145],[-33,17],[-3,82],[-88,90],[-6,114],[-178,82],[8,116],[-59,215],[26,37],[122,-90],[-111,147],[-6,62],[95,10],[-101,33],[-45,-57],[-86,161],[-4,153],[47,161],[-92,-201],[-158,155],[-58,220],[-41,54],[-64,406],[-34,-78],[24,-71],[-29,-4],[33,-81],[90,-525],[-8,-67],[-59,7],[-75,110],[-90,-8],[10,124],[-51,172],[60,54],[-53,-17],[-37,123],[8,-161],[-29,-38],[-94,123],[-118,66],[12,-70],[-31,-43],[124,-46],[56,-76],[-20,-58],[72,-11],[45,-105],[-5,-63],[-147,-84],[-260,237],[-134,254],[-148,132],[13,25],[-357,268],[79,107],[-19,106],[19,74],[51,-54],[12,-187],[18,147],[65,10],[-123,125],[-135,-145],[-140,-67],[-274,135],[33,71],[-33,80],[-11,-69],[-62,-35],[-354,90],[-334,-57],[16,48],[-27,47],[-198,129],[58,235],[-155,-203],[-181,69],[63,122],[-249,55],[49,57],[-68,61],[11,110],[87,42],[-83,10],[-216,-150],[-57,57],[-25,-60],[-65,-14],[-32,55],[65,176],[-77,-96],[-81,-15],[-19,-35],[56,13],[-38,-124],[-59,-19],[83,-106],[-13,-65],[-57,-13],[-36,-53],[145,60],[43,-63],[-61,-65],[-4,-158],[-65,-126],[-232,6],[-36,76],[-56,-236],[-32,105],[-23,-45],[4,-74],[-62,24],[11,-67],[-65,-87],[-113,-2],[-91,-221],[-69,36],[3,-45],[-158,-34],[-58,54],[27,100],[125,77],[99,180],[-113,-86],[-87,35],[-25,58],[33,145],[94,202],[24,135],[-13,180],[255,212],[91,-64],[288,-40],[-272,208],[202,229],[-29,3],[-73,-22],[-78,-134],[-164,19],[-105,-76],[-219,-203],[-5,-109],[-144,-160],[2,-83],[-30,-52],[-79,-69],[-103,41],[100,-120],[10,-60],[-36,-84],[-126,-55],[48,-23],[-15,-71],[-75,-35],[-14,57],[-66,-66],[12,-22],[-40,-74],[-93,-104],[-25,-146],[211,-137],[25,-54],[-31,-91],[-118,-117],[-62,-157],[-56,-43],[22,-11],[-10,-91],[-212,-101],[-214,-315],[-182,-146],[9,-110],[-63,-137],[-226,-155],[-38,-110],[-81,7],[-58,-65],[41,-22],[-134,-60],[-38,-87],[46,-7],[30,-74],[-63,-95],[-24,86],[-55,-139],[-204,-124],[-38,-130],[-5,140],[-26,12],[-202,-214],[-111,-17],[-78,-88],[-79,-4],[14,108],[59,5],[-88,53],[-155,-337],[-86,-62],[-31,110],[-37,27],[-12,-176],[-53,-29],[-71,77],[-3,-104],[-57,-55],[16,199],[103,52],[208,369],[128,132],[134,81],[6,-48],[82,28],[-30,-75],[56,-93],[27,81],[115,-46],[-68,142],[66,216],[364,385],[88,-46],[3,173],[95,182],[132,162],[107,-16],[-66,122],[24,262],[16,62],[100,39],[-82,41],[-10,118],[153,222],[-18,26],[64,254],[-93,-180],[-291,-186],[-87,166],[22,105],[96,-15],[-95,79],[-71,-113],[-37,31],[-14,-179],[20,-196],[-45,-25],[-200,356],[-69,-64],[-123,163],[-246,-177],[-32,-92],[-217,-18],[117,106],[-18,156],[40,66],[-69,-24],[-25,50],[-12,97],[55,214],[-115,415],[-50,74],[78,233],[50,57],[-49,-7],[-152,-293],[44,-49],[-13,-148],[-180,-101],[-191,-28],[-65,64],[3,68],[-148,218],[-110,77],[9,62],[-91,28],[153,247],[135,-85],[15,-33],[-30,-93],[104,123],[74,-124],[86,118],[-135,67],[89,35],[-45,47],[-68,-74],[-311,48],[-17,23],[85,103],[-58,-12],[-14,69],[-60,3],[20,55],[-33,-44],[3,-75],[-52,-3],[-34,139],[-48,25],[-12,48],[30,62],[-13,32],[-69,-21],[-21,101],[100,32],[-75,75],[129,47],[-31,63],[5,100],[143,262],[54,43],[67,-26],[-24,59],[71,90],[-57,-60],[-2,208],[34,72],[82,7],[-39,69],[32,61],[129,23],[91,-86],[-34,-77],[65,63],[60,-42],[185,155],[94,185],[86,-53],[243,73],[89,184],[-58,304],[-64,103],[-76,26],[22,65],[134,37],[26,72],[-14,80],[-67,92],[-94,-92],[-81,15],[-160,-143],[-105,-166],[-136,193],[-28,-32],[70,-61],[-26,-67],[-158,115],[-164,-3],[-187,-91],[-324,91],[-94,102],[19,140],[-143,162],[110,-2],[22,65],[82,27],[-346,96],[-162,103],[-28,63],[44,64],[4,-47],[141,125],[92,13],[188,188],[214,-10],[19,26],[-78,55],[8,30],[375,211],[204,20],[25,-30],[-71,1],[33,-31],[-33,-172],[-39,-50],[94,-93],[489,-29],[133,168],[117,-65],[-24,102],[-118,52],[-78,-26],[-25,29],[8,57],[-84,141],[-77,30],[-39,111],[69,38],[95,-115],[-9,-82],[39,-76],[89,-71],[120,26],[141,-86],[116,33],[-8,107],[-28,28],[-140,41],[-148,-84],[-127,105],[-6,73],[71,123],[-27,29],[-187,0],[-5,59],[-48,-60],[-264,59],[-52,65],[-112,290],[-351,309],[-389,221],[113,46],[55,263],[-7,62],[323,-2],[327,108],[196,247],[58,261],[298,404],[33,-53],[-87,-67],[300,100],[244,202],[43,-16],[-40,-67],[28,-18],[-25,-80],[64,-39],[14,154],[119,19],[-100,4],[-93,74],[111,107],[102,64],[34,-13],[-41,-55],[25,-23],[372,78],[400,386],[21,-8],[-48,-39],[274,-155],[-157,-136],[48,-60],[109,37],[115,144],[62,-12],[75,-67],[-31,-66],[164,-65],[267,92],[259,-60],[19,-26],[-66,-110],[83,-68],[112,2],[-49,-76],[743,35],[220,-129],[93,26],[122,-97],[522,-40],[174,-107],[161,-18],[389,94],[503,-326],[113,-2]],[[10833,90204],[0,-6582],[132,-58],[20,57],[133,-82],[83,103],[166,10],[-30,-183],[134,-128],[20,-87],[289,-388],[30,-165],[-10,-54],[23,-8],[173,173],[65,2],[31,90],[1,126],[52,15],[-12,87],[235,133],[118,-151],[-6,-97],[35,-107],[140,-143],[40,-132],[132,-136],[117,-207],[-6,-52],[331,-801],[-30,-84],[85,-37],[-20,-121],[66,-45],[12,-142],[69,6],[232,-182],[73,-77],[18,-76],[88,-10],[20,-155]],[[4590,79877],[27,-116],[82,-103],[-76,47],[-63,-78],[-136,-3],[-144,-153],[-64,11],[-23,88],[118,255],[187,100],[92,-48]],[[12971,80273],[6,-32],[-102,-161],[4,102],[-28,58],[120,33]],[[13517,79947],[30,-124],[-49,-7],[-21,99],[-31,-6],[4,157],[49,-25],[18,-94]],[[13302,80671],[-6,-117],[-65,-2],[-23,82],[-58,15],[-11,85],[89,211],[87,-179],[-13,-95]],[[13617,80235],[-58,-199],[-65,49],[-7,93],[-88,-171],[-22,136],[54,160],[6,173],[99,87],[76,-160],[5,-168]],[[12954,81302],[82,-21],[32,-67],[-14,-181],[-90,146],[48,-154],[-7,-97],[-117,-7],[-22,235],[-83,150],[32,42],[139,-46]],[[13094,79816],[68,-1],[-25,-147],[-84,120],[-67,226],[-47,25],[-3,65],[37,16],[55,-79],[66,-225]],[[9335,83727],[81,-27],[-137,-101],[-30,90],[40,60],[46,-22]],[[8962,83279],[-38,11],[192,373],[62,-49],[-150,-281],[-66,-54]],[[8984,83728],[-21,-161],[-23,-26],[-21,80],[27,113],[38,-6]],[[8908,83992],[-35,-6],[-19,19],[24,56],[30,-69]],[[7498,81387],[-80,-88],[-22,37],[25,93],[105,-31],[-28,-11]],[[7643,82344],[-42,40],[75,49],[1,-28],[-34,-61]],[[7433,81897],[-15,-14],[-63,89],[49,-16],[29,-59]],[[6787,80469],[-32,-21],[-15,27],[39,66],[8,-72]],[[7032,80901],[-26,3],[43,85],[50,9],[-67,-97]],[[7164,80957],[-34,17],[61,45],[-1,-42],[-26,-20]],[[5365,80112],[37,47],[-8,-52],[26,-86],[-85,-28],[-13,134],[32,48],[11,-63]],[[4917,79783],[-26,18],[-12,41],[47,37],[-9,-96]],[[4846,79469],[-50,1],[-24,65],[49,-23],[25,-43]],[[5591,79981],[-17,-15],[-82,-130],[16,141],[70,102],[13,-98]],[[3933,79237],[-54,-17],[-20,69],[60,44],[55,-76],[-41,-20]],[[4011,79283],[-26,82],[29,22],[39,-62],[-42,-42]],[[5300,82409],[-42,-6],[-17,70],[116,90],[-57,-154]],[[2016,83732],[99,-41],[43,-70],[-112,21],[-122,116],[42,80],[50,-106]],[[2733,81429],[-29,-34],[-34,47],[75,27],[-12,-40]],[[2863,78376],[-8,-39],[-75,26],[48,38],[35,-25]],[[2574,78189],[-26,13],[40,68],[27,-21],[-41,-60]],[[2093,77971],[-43,0],[42,81],[43,-41],[-42,-40]],[[2846,81041],[57,-5],[21,-24],[-44,-34],[-34,63]],[[1031,77633],[-17,-41],[-18,75],[10,15],[25,-49]],[[1105,77781],[-34,1],[-11,37],[30,31],[28,-50],[-13,-19]],[[792,77580],[-141,-28],[-4,17],[115,73],[41,87],[13,-19],[-24,-130]],[[99603,77720],[-17,-12],[-11,49],[27,7],[1,-44]],[[99847,77338],[-49,0],[-175,191],[73,-20],[151,-171]],[[98255,78032],[-29,23],[-60,9],[104,64],[-15,-96]],[[12508,81546],[94,-415],[-14,-384],[-83,213],[30,106],[-40,-7],[-39,46],[-1,69],[-47,-1],[36,145],[-39,39],[-31,118],[-58,-152],[-42,-17],[13,64],[-16,127],[104,178],[133,-129]],[[12589,82117],[122,-13],[116,-362],[-99,269],[-36,16],[11,-105],[92,-214],[-10,-91],[18,-58],[-146,-220],[-50,57],[35,242],[-48,110],[-73,505],[68,-136]],[[12297,82175],[40,-69],[-30,-76],[23,-33],[74,93],[108,-76],[-4,-140],[-102,-34],[100,-31],[29,-95],[-16,-76],[-176,130],[-35,-173],[-61,18],[-46,161],[-137,209],[69,174],[49,-85],[14,70],[101,33]],[[12898,80833],[101,-13],[34,-89],[-4,-73],[138,-137],[118,-292],[-94,80],[-33,-85],[59,7],[72,-113],[-13,-69],[64,-12],[-13,-339],[-46,6],[-43,121],[-57,32],[-21,129],[-22,-3],[0,-71],[-22,13],[-94,196],[45,48],[-34,76],[13,61],[-73,12],[-107,125],[75,9],[47,87],[-36,81],[-103,-50],[59,127],[-18,50],[8,86]],[[12781,81189],[69,-137],[-32,-48],[-26,-320],[-67,-35],[-15,88],[13,148],[31,31],[-57,87],[-23,182],[64,67],[43,-63]],[[7662,82256],[81,10],[42,-45],[-2,-46],[-36,-59],[-44,64],[-11,-83],[-64,-23],[-9,47],[-99,-122],[-126,65],[113,148],[56,-13],[-19,97],[64,21],[54,-61]],[[3343,78726],[-85,-75],[-65,-137],[-162,-149],[81,150],[30,128],[86,40],[-5,88],[30,64],[84,41],[51,-52],[-45,-98]],[[3718,79117],[33,-12],[34,81],[40,-47],[-89,-163],[67,-2],[-128,-156],[-239,-152],[-50,45],[168,120],[53,144],[54,-41],[22,51],[-92,49],[-13,63],[22,49],[102,45],[16,-74]],[[1791,77875],[54,-28],[93,-12],[-226,-22],[-43,53],[122,9]],[[1478,77804],[-171,-9],[275,136],[13,38],[-49,34],[74,72],[42,-62],[-45,-93],[16,-45],[-155,-71]],[[946,77686],[44,-33],[0,-47],[-146,-106],[24,132],[39,35],[10,103],[41,-30],[-12,-54]],[[589,77533],[-50,16],[20,64],[-57,83],[66,26],[86,-65],[-65,-124]],[[99923,77713],[-49,-8],[-13,60],[34,36],[43,-45],[-15,-43]],[[99281,77697],[-24,-29],[-22,43],[64,62],[23,84],[30,-5],[-21,-110],[-50,-45]],[[98002,78492],[81,-12],[93,-101],[-139,-70],[-123,130],[88,53]],[[6783,54558],[-28,-32],[-55,73],[-3,219],[-44,259],[64,186],[-21,108],[17,76],[176,-198],[37,-173],[73,-158],[-69,-144],[-72,-42],[-75,-174]],[[6329,56108],[73,-11],[67,-31],[-41,-70],[-120,40],[21,72]],[[6531,55909],[59,13],[79,-136],[-32,-79],[-84,-28],[-20,138],[-37,14],[-23,90],[31,60],[27,-72]],[[6167,56279],[22,1],[23,-107],[-45,-27],[-50,77],[-1,-44],[-36,2],[-45,189],[86,81],[46,-172]],[[5730,56614],[-66,-16],[-50,93],[58,128],[63,-3],[15,-80],[-20,-122]],[[5505,56550],[-15,-27],[4,66],[48,76],[-37,-115]],[[6431,55797],[-35,-11],[-21,109],[47,-5],[20,-52],[-11,-41]],[[29247,72854],[887,2],[53,200],[53,-19],[38,52],[37,-46],[18,94],[31,16],[-4,87],[113,250],[13,242],[51,134],[16,189],[213,530],[53,-25],[1,-108],[30,-44],[195,95],[119,-185],[2,-954],[102,-88],[-11,-230],[30,-72],[67,-3]],[[31354,72971],[5,-201],[33,-40],[-57,-107],[-179,-70],[-61,-135],[-26,83],[-62,-40],[-21,44],[-23,-176],[-78,57],[29,73],[-24,8],[9,82],[-55,-96],[-49,-279],[-107,-99],[-10,60],[-18,-72],[-8,80],[-22,-100],[-18,41],[-4,-97],[-70,44],[-58,-115],[19,-32],[-88,-195],[-86,-368],[60,-143],[-61,-49],[-59,-156],[85,-72],[34,-133],[-11,-37],[64,-162],[118,48],[-30,144],[-37,43],[37,-9],[36,-83],[9,-199],[-197,-101],[-13,127],[-129,-159],[5,181],[-34,-46],[-33,81],[-15,-241],[-22,-52],[-389,-66],[-183,-186],[-112,-190],[32,214],[-27,137],[11,-236],[-93,-272],[6,-51],[75,-39],[-30,-431],[4,144],[-53,-267],[-42,-45],[-6,-114],[-42,-50],[-60,-222],[-44,-37],[16,138],[-66,45],[-108,198],[28,211],[75,57],[22,80],[-91,-107],[-52,-135],[54,-386],[85,-222],[-28,-131],[32,-9],[10,-107],[-88,-255],[-65,-356],[-62,-94],[-34,-192],[-11,173],[87,391],[-53,13],[15,81],[-36,58],[19,135],[-54,-58],[-59,111],[0,115],[73,1],[-4,17],[-55,93],[-35,-34],[11,77],[37,24],[-20,63],[-25,-24],[5,71],[35,-13],[14,64],[-23,-13],[-5,91],[45,125],[55,5],[-35,25],[36,70],[-53,35],[-9,-90],[-33,-37],[-9,41],[-8,-81],[-15,57],[-25,-126],[-42,31],[40,-102],[-13,-67],[-24,24],[18,-84],[-2,-291],[30,-115],[-49,47],[-30,124],[3,-52],[7,-59],[65,-131],[19,-127],[-119,124],[-28,89],[-6,-69],[-31,108],[-64,-26],[3,93],[57,167],[-4,79],[-4,-80],[-60,-124],[-3,-175],[63,4],[39,-113],[99,-72],[79,-141],[-22,-154],[-41,5],[-125,291],[-47,49],[156,-349],[68,-69],[-18,-29],[28,-25],[1,-97],[-38,21],[-14,-80],[-85,164],[132,-319],[-33,-43],[-64,162],[-172,76],[161,-110],[51,-195],[136,11],[129,-769],[-115,591],[-12,-130],[48,-254],[-91,117],[-1,-94],[-34,31],[12,-52],[-43,12],[-49,-83],[-33,42],[-15,108],[2,-191],[182,9],[-4,-197],[23,23],[6,122],[35,45],[27,-82],[-5,-138],[-111,-206],[-87,30],[-25,95],[-45,-71],[-83,68],[146,-181],[-32,-139],[-42,-58],[-81,115],[27,-91],[64,-59],[80,34],[26,-37],[-22,-66],[-81,-96],[-111,1],[-45,-74],[-33,90],[9,-144],[-103,-170],[-49,-243],[-7,162],[-17,-181],[-109,4],[-121,-137],[-98,-338],[-9,114],[-13,-191],[-87,-95],[-60,-150],[-36,16],[-2,-100],[-117,-117],[-76,7],[45,-62],[-29,-96],[-62,113],[30,-163],[-43,-72],[-21,-119],[-53,-46],[13,-64],[-36,-59],[8,-66],[-25,-50],[23,-6],[-57,-125],[26,-63],[-22,-65],[-21,20],[-21,-280],[74,-710],[98,-523],[104,-397],[-17,-151],[36,-261],[-43,195],[1,243],[-24,-125],[1,164],[-41,126],[25,-265],[194,-1108],[-22,-686],[-9,32],[-57,-385],[-33,-71],[-174,-65],[-7,121],[54,-32],[-48,72],[-70,327],[-97,107],[-42,318],[-26,38],[37,139],[-59,-95],[7,288],[-46,-17],[0,-68],[-31,21],[-118,444],[86,256],[-75,71],[18,-132],[-36,-47],[-28,96],[50,450],[3,283],[-178,397],[-112,333],[-97,126],[-74,-28],[-20,-111],[-260,-159],[-26,61],[0,53],[27,-60],[-11,83],[-89,173],[20,116],[-38,-29],[-4,-55],[-194,163],[91,5],[-37,62],[-262,-109],[60,65],[-3,98],[-21,-49],[-27,27],[-31,-141],[-54,-31],[8,70],[-49,-91],[-106,-24],[60,43],[-62,283],[-34,-230],[-214,34],[-116,-49],[-74,-127],[-149,143],[-28,8],[-29,-72],[-23,-97],[66,-78],[122,101],[20,-39],[-42,-77],[51,-73],[38,109],[26,-9],[13,-159],[-102,-141],[58,-141],[92,-59],[46,-93],[-39,-131],[-22,45],[-39,-70],[6,62],[-46,126],[-177,203],[29,-141],[-44,-163],[-47,134],[-57,-17],[-46,-99],[-150,111],[39,21],[-27,173],[-74,-6],[-44,134],[-42,3],[-19,60],[-67,-96],[14,-75],[-49,-25],[-114,28],[-140,128],[-181,-38],[-16,60],[32,100],[-20,19],[-29,-116],[15,-88],[-58,-13],[-183,-202],[64,115],[-70,0],[11,143],[-78,-34],[37,-233],[-107,-287],[-267,-334],[62,101],[-101,17],[-21,-44],[-53,81],[32,-155],[29,-22],[-71,-82],[-27,57],[-18,-160],[-88,-35],[4,-59],[30,23],[-11,-76],[-27,-75],[-73,-30],[40,-117],[-42,-242],[-91,92],[21,-121],[58,-35],[-20,-190],[33,-339],[81,-369]],[[23015,59449],[-64,-63],[-118,120],[-132,49],[-231,236],[-34,222],[-63,207],[-14,347],[-219,549],[-101,521],[-200,474],[-268,87],[-108,-156],[-44,-301],[-55,-123],[-47,-28],[-317,403],[-62,197],[-16,197],[-66,316],[-342,611],[-82,223],[-491,8],[-1,-317],[-785,-3],[-1054,833],[31,146],[-668,-129]],[[17464,64075],[-2,82],[-30,10],[-21,307],[-41,139],[-170,300],[-92,15],[5,81],[-32,112],[-177,66],[-34,103],[-94,113],[-243,38],[-46,76],[-4,382],[-55,61],[-11,152],[-107,176],[-165,461],[-11,170],[35,113],[-5,83],[-20,62],[-79,37],[-64,152],[-29,236],[-4,161],[19,19],[41,-146],[63,-79],[-82,311],[15,61],[219,34],[-141,48],[-34,-41],[-66,56],[-25,-26],[4,-190],[-15,-8],[-114,161],[-18,-47],[5,168],[28,-74],[-8,52],[-221,500],[-36,612],[-137,336],[-13,168],[51,197],[32,484],[-48,231],[10,139],[-40,97],[-14,325],[-38,161],[54,372],[42,57],[-26,-9],[39,198],[61,1328],[-17,452],[214,-46],[-68,83],[-169,5],[8,230],[27,-122],[16,160],[-51,60],[-11,83],[75,71],[-75,50],[-7,-56],[-66,495],[-80,222],[-13,286],[204,-149],[237,-12],[41,-55],[55,45],[34,-180],[-110,-232],[-24,-138],[60,36],[-40,-5],[1,38],[147,328],[2,-106],[-42,-110],[33,-105],[-6,-120],[-36,16],[-16,-69],[-17,83],[-55,-139],[90,-19],[97,183],[-14,290],[45,160],[-49,122],[6,-70],[-34,53],[30,94],[-72,121],[48,28],[-4,115],[-14,77],[-35,11],[-28,140]],[[15892,75662],[7674,-1],[2,266],[83,-46],[14,-212],[51,-183],[254,-153],[91,64],[106,-3],[138,-124],[24,-112],[114,18],[135,-172],[167,106],[48,-73],[181,9],[53,-86],[124,1],[299,216],[973,-988],[27,-185],[60,-126],[115,60],[17,-223],[31,-99],[100,22],[41,-86],[-34,-125],[289,-331],[115,-1251],[-114,-666],[-146,-228],[-21,-111],[2,-117],[31,-101],[94,-111],[70,0],[323,376],[286,110],[336,307],[34,76],[-31,76],[-40,316],[90,82],[563,32],[186,475],[270,419],[130,74]],[[29858,70026],[-20,-45],[189,98],[-359,-286],[-196,-59],[28,49],[-60,-42],[-5,41],[128,197],[263,51],[98,114],[-66,-118]],[[31059,72381],[-34,-7],[-2,-51],[-27,31],[32,115],[31,-88]],[[29392,69700],[0,65],[33,24],[-3,-44],[-30,-45]],[[30414,70301],[-77,-35],[-12,23],[59,69],[30,-57]],[[30210,70382],[-29,-16],[32,130],[-3,-114]],[[30561,70223],[-21,-11],[-49,25],[53,79],[17,-93]],[[28990,66415],[-4,-15],[-19,78],[19,-25],[4,-38]],[[29015,65981],[-40,-13],[42,40],[10,346],[13,-145],[-25,-228]],[[28949,65946],[-50,-50],[-6,3],[33,36],[23,11]],[[28749,65561],[18,80],[64,128],[-42,-95],[-40,-113]],[[27212,59796],[-30,-5],[-16,71],[24,-61],[22,-5]],[[27199,59865],[-1,-41],[-23,146],[13,-25],[11,-80]],[[27671,58873],[-55,-132],[90,276],[-35,-144]],[[24502,61941],[-11,-10],[-49,87],[37,22],[33,-52],[-10,-47]],[[23051,60816],[10,79],[34,84],[5,-31],[-49,-132]],[[23121,60992],[2,36],[98,126],[-3,-31],[-97,-131]],[[22957,60391],[-9,-40],[25,198],[66,211],[-82,-369]],[[23600,61691],[-14,-6],[89,142],[-27,-60],[-48,-76]],[[23008,59589],[-64,465],[4,265],[10,-278],[50,-452]],[[16581,65126],[-14,-2],[-23,8],[20,28],[17,-34]],[[16823,64557],[-30,5],[-8,39],[26,-3],[12,-41]],[[17125,64283],[-34,8],[-33,121],[9,15],[58,-144]],[[16654,65052],[-34,-1],[-23,67],[50,9],[24,-37],[-17,-38]],[[16699,65165],[87,-19],[6,-18],[-73,-42],[-20,79]],[[17125,64676],[14,-51],[-41,3],[-34,104],[61,-56]],[[15894,75437],[-34,-6],[3,-49],[-31,40],[30,41],[32,-26]],[[15830,75316],[-36,5],[-6,69],[13,5],[29,-79]],[[15952,75074],[13,-93],[6,39],[38,-67],[-4,-44],[-49,49],[-51,164],[31,112],[24,-64],[-43,-46],[35,-50]],[[30176,70377],[-8,-13],[3,74],[8,-20],[-3,-41]],[[29407,69108],[-32,-107],[40,153],[-8,-46]],[[29074,67845],[-13,-11],[78,299],[-10,-82],[-55,-206]],[[28737,65570],[-17,6],[-19,25],[15,-4],[21,-27]],[[27407,58527],[-13,-10],[-11,80],[27,-46],[-3,-24]],[[27547,58635],[-5,0],[17,22],[0,-10],[-12,-12]],[[27600,58705],[-7,-4],[14,28],[-7,-24]],[[27487,58573],[-25,-4],[57,34],[-16,-22],[-16,-8]],[[27383,62976],[-12,-171],[-6,119],[18,52]],[[27342,58491],[-18,-7],[20,70],[8,-53],[-10,-10]],[[27726,60376],[4,-52],[-74,456],[12,-40],[58,-364]],[[27282,58452],[-8,10],[21,12],[-1,-15],[-12,-7]],[[25308,62090],[-15,-37],[20,66],[-5,-29]],[[25400,62445],[-28,6],[-17,28],[41,-25],[4,-9]],[[25535,62470],[-24,-15],[-44,7],[58,23],[10,-15]],[[25215,62352],[1,-33],[-33,18],[43,74],[-11,-59]],[[25325,62157],[-7,-22],[-4,198],[16,-87],[-5,-89]],[[26414,62041],[-28,-25],[-30,18],[106,70],[-48,-63]],[[15874,74404],[-15,15],[6,34],[10,-41],[-1,-8]],[[16001,74538],[-32,-26],[7,92],[5,0],[20,-66]],[[15973,74678],[-22,18],[4,55],[15,-11],[3,-62]],[[15883,75267],[-28,18],[3,57],[12,7],[13,-82]],[[30938,72285],[-22,-9],[0,35],[7,17],[15,-43]],[[69707,70915],[25,25],[53,-86],[-103,-93],[-15,-76],[-174,-269],[82,-90],[60,27],[48,-159],[148,-71],[7,154],[46,-6],[22,146],[60,-244],[79,-15],[6,-104],[49,13],[82,-123],[133,-41],[-148,-201],[-56,37],[-12,-124],[-63,26],[-49,-127],[-73,-75],[-108,95],[-96,-34]],[[69710,69500],[-85,-26],[-78,129],[105,237],[-97,221],[-30,-101],[-161,-165],[-99,77],[-42,-141],[27,-168],[-23,-28],[15,-63],[-179,-22],[95,-54],[-46,-28],[18,-101],[-64,-48],[-15,-144],[-34,-69],[-207,60],[-81,-110],[-19,-175],[81,-61],[12,-96],[122,-47],[-24,-182],[11,-138],[74,-185],[-16,-125],[-120,-325],[-29,-281]],[[68821,67341],[-67,67],[-89,-23],[-35,71],[-67,25],[-85,-16]],[[68478,67465],[1,308],[28,103],[-15,55],[-167,165],[-100,-4],[-362,519],[-41,-16],[-111,145],[-355,575],[-30,251],[-78,247],[-53,289],[-113,128],[-71,-61],[-219,23],[-101,125],[13,137],[-17,117],[35,30],[-72,120],[12,168],[-35,58],[-140,20],[-54,133],[-79,35],[-80,153],[-31,-82],[-90,-24],[89,-232],[-124,133],[-59,-210],[-146,-46],[-90,-188],[15,-286],[28,-71],[-28,-61],[-289,42]],[[65549,70263],[-1,2584],[717,396],[681,-819],[42,-158],[231,-476],[338,95],[343,-54],[129,115],[164,-284],[85,-305],[83,80],[-26,-694],[136,-7],[59,-574],[340,12],[50,-118],[-19,-154],[102,-134],[44,2],[3,179],[159,386],[261,278],[89,182],[47,-30],[101,150]],[[69625,69991],[-9,46],[-19,9],[20,-56],[8,1]],[[69779,69257],[-54,1],[-10,168],[70,-60],[-6,-109]],[[69938,69297],[-7,-30],[-24,27],[34,35],[-3,-32]],[[53455,70668],[-3,0],[0,5],[3,1],[0,-6]],[[33007,50437],[-29,36],[3,55],[36,50],[-10,-141]],[[32992,50322],[-14,-3],[21,44],[2,-10],[-9,-31]],[[32962,50111],[-5,2],[9,26],[2,-9],[-6,-19]],[[33105,47607],[-33,-23],[9,51],[48,18],[-24,-46]],[[32264,49010],[9,-92],[-28,-79],[-135,66],[53,74],[51,-60],[38,117],[12,-26]],[[31885,48852],[-15,-16],[-41,38],[31,26],[25,-48]],[[33056,47416],[-17,-14],[-3,70],[43,87],[15,-85],[-38,-58]],[[33328,47192],[53,-190],[-57,-159],[-134,-169],[-57,-195],[32,-151],[-8,-77],[80,-43],[-2,-104],[-101,-165],[-119,-52],[-16,-75],[20,-263],[-72,-194],[180,-518]],[[33127,44837],[30,-85],[2,-133],[-105,-252],[-77,-12],[-76,-162],[-166,-133],[-89,28],[-66,-85],[-15,-242],[-26,-57],[-31,0],[-102,247],[-190,-10],[-48,139],[-106,9],[-59,96],[33,-186],[124,-300],[1,-269],[58,-375],[-10,-119],[183,-64],[-12,-180],[-160,-158],[-55,-283],[-250,-296],[-102,-294],[-23,-2],[9,109],[-44,99],[-105,-140],[-80,-12],[-147,320]],[[31423,42035],[-93,822],[-113,284],[-67,0],[152,438],[-97,316],[-54,452],[8,538],[98,464],[-2,176],[-105,77],[-170,-94],[-130,30],[-136,-52],[-195,583],[-169,96],[-108,-72],[-244,32],[-56,238],[-52,31],[-21,77],[7,311],[23,131],[-15,162],[-69,172],[-37,339],[-45,19],[-27,87],[-86,-46],[100,420],[38,494],[50,243],[68,196],[55,57],[80,331],[178,138]],[[30189,49525],[-47,-101],[-130,-105],[34,-267],[53,-124],[-25,-14],[38,-237],[-19,-150],[-125,-442],[98,-339],[6,-142],[33,-61],[105,79],[44,133],[9,252],[-123,583],[-14,172],[23,40],[-2,91],[344,288],[37,103],[81,-32],[-3,139],[-104,-33],[-26,184],[23,149],[55,56],[40,-87],[27,-266],[37,-138],[110,27],[113,-61],[119,-191],[35,-197],[-7,-135],[44,-138],[526,98],[39,-40],[4,-72],[67,-151],[200,-132],[78,19],[184,254],[126,32],[-143,27],[-14,65],[672,75],[-139,-137],[-148,-11],[63,-170],[-15,-164],[53,101],[63,-293],[28,70],[19,-43],[-1,111],[22,-3],[95,-242],[-9,128],[40,2],[10,55],[77,-184],[83,-55],[61,-138],[-64,-145],[-62,-390],[-104,-2],[88,-131],[140,128],[88,-32],[39,57],[90,-56]],[[32112,54172],[-8,35],[28,3],[-20,-38]],[[32057,54129],[-22,-3],[-6,9],[41,19],[-13,-25]],[[32142,54367],[4,-24],[-38,31],[24,1],[10,-8]],[[31987,54078],[-21,-6],[-28,32],[22,13],[27,-39]],[[32039,54095],[-19,-19],[-17,9],[10,22],[26,-12]],[[32009,53701],[24,-31],[28,0],[-86,-34],[1,49],[33,16]],[[78906,48489],[3,-116],[-16,-138],[-47,240],[60,14]],[[79992,56315],[-46,-7],[-111,-151],[-15,-161],[-53,-75],[-134,36],[20,-187],[-56,-146],[-9,-168],[-98,-209],[-51,-37],[-100,-685],[74,-326],[169,-391],[-5,-160],[-35,32],[411,-1015],[54,6],[153,-525],[67,-147],[74,-466],[60,-605],[-4,-64],[-11,63],[6,-405],[43,-227],[6,-251],[-31,107],[-32,-75],[24,-179],[-28,17],[15,-324],[-12,39],[-14,-69],[9,-132],[-18,-87],[-26,-6],[-15,-180],[-46,-15],[-152,-268],[-49,-26],[-26,-125],[-206,-226],[-48,70],[-23,114],[-16,-183],[-61,95],[-34,-49],[38,-15],[4,-104],[-81,1],[89,-128],[-53,-180],[-127,254],[103,-281],[18,-127],[-25,-59],[-78,83],[-103,229],[91,-286],[2,-140],[-185,-214],[-107,-326],[-96,-23],[35,105],[-22,39],[8,567],[16,148],[53,60],[-3,66],[-78,146],[-39,-23],[-65,170]],[[79007,48504],[38,73],[79,13],[55,118],[0,148],[74,-47],[26,75],[97,27],[27,-89],[86,-48],[-1,170],[-84,181],[-2,240],[43,87],[110,-50],[4,184],[79,21],[142,229],[51,-31],[31,73],[14,124],[-23,345],[37,287],[-77,484],[53,408]],[[79866,51526],[-11,193],[48,194],[-135,386],[62,105],[2,64],[-130,218],[-22,115],[-31,-45],[-23,29],[-31,111],[-12,213],[-225,552],[-65,293],[-95,177],[9,173],[-120,107],[-229,353],[48,125],[-9,135],[154,-39],[95,281],[-22,129],[-42,2],[-22,120],[-70,47],[60,144],[-134,210],[-129,-174],[-148,136],[-70,264],[27,293],[-37,89],[-43,-93],[-22,161],[-126,334]],[[78368,56928],[95,262],[142,-213],[96,226],[46,-128],[36,137],[89,-170],[56,183],[63,-68],[88,83],[30,63],[19,158],[114,147],[76,-192],[82,-105],[85,33],[36,-79],[73,36],[66,-91],[-63,-196],[31,-367],[85,-39],[106,-222],[113,33],[60,-104]],[[79615,47286],[-14,13],[26,46],[-2,-46],[-10,-13]],[[79768,48494],[-23,-43],[31,77],[-8,-34]],[[79684,55827],[-27,34],[8,45],[16,-49],[3,-30]],[[79889,56109],[-40,-88],[-15,2],[20,123],[35,-37]],[[79866,55905],[-15,-18],[-19,2],[43,92],[-9,-76]],[[79730,55779],[-33,54],[11,30],[31,-35],[-9,-49]],[[96317,30737],[18,-233],[32,13],[17,140],[25,4],[35,-358],[-30,-97],[-93,-35],[-36,158],[5,137],[-33,255],[11,146],[49,-130]],[[96503,29844],[74,-116],[43,-133],[-107,-74],[-28,282],[-55,52],[13,137],[38,-22],[22,-126]],[[96790,29363],[4,-39],[-78,22],[-13,117],[18,31],[69,-131]],[[96748,29675],[-76,14],[-26,62],[65,103],[37,-179]],[[96790,28826],[38,-108],[-17,-72],[-101,62],[32,111],[48,7]],[[96641,30308],[-19,-32],[-47,21],[42,99],[49,20],[-25,-108]],[[96725,29932],[-25,204],[10,154],[30,-303],[-15,-55]],[[96718,30384],[-5,-44],[-15,283],[20,-146],[0,-93]],[[96449,30106],[-35,27],[7,44],[32,-16],[-4,-55]],[[96550,31135],[-43,-24],[-5,69],[27,39],[25,-29],[-4,-55]],[[96524,31385],[-27,84],[25,55],[20,-73],[-18,-66]],[[97192,26964],[-9,-39],[-35,28],[26,41],[18,-30]],[[97080,27420],[-15,-76],[-25,17],[-36,104],[8,93],[25,10],[6,-90],[37,-58]],[[97036,27842],[-24,-30],[-72,79],[8,160],[35,9],[53,-218]],[[1066,31790],[-9,21],[13,57],[6,-33],[-10,-45]],[[543,31095],[-32,5],[-9,39],[14,9],[27,-53]],[[59170,65555],[4,-46],[-24,0],[-8,62],[-43,9],[28,22],[43,-47]],[[2130,31696],[43,-154],[-13,-84],[-87,9],[-67,193],[124,36]],[[2374,31287],[-127,32],[-38,102],[53,35],[70,-51],[42,-118]],[[64745,52894],[-140,-125],[-70,-125],[-43,-236],[12,-213],[-170,-225],[-626,-492],[-84,-127],[-106,-286],[-108,-37],[-80,35],[-162,-272],[-172,-138],[-314,-89],[-73,-191],[-64,-49],[-35,-128],[-79,-37],[-38,38],[-72,-104],[-98,-43],[-103,96],[-41,-32],[-71,400],[14,299],[-53,224],[-43,653],[-22,137],[-55,70],[11,66],[25,-43],[3,43],[-23,232],[34,265],[-11,240]],[[61888,52700],[102,223],[-14,178],[11,185],[23,43],[-13,66],[63,110],[139,-135],[66,52],[275,20],[108,-88],[331,-25],[69,-220],[47,-5],[83,116],[38,237],[165,499],[241,299],[816,291]],[[64438,54546],[307,-1652]],[[61830,51947],[-11,11],[14,80],[7,-46],[-10,-45]],[[61876,50821],[-18,-21],[29,65],[-11,-44]],[[61885,51009],[-9,-11],[-17,37],[19,42],[7,-68]],[[64934,50070],[117,19],[90,-78],[-106,-135],[-114,-30],[-112,151],[61,129],[64,-56]],[[58690,25405],[72,-760],[71,-289],[51,-400],[-10,-1054]],[[58874,22902],[-21,-17],[-127,166],[-58,-68],[-112,-402],[-3,-247],[25,-20],[50,-225],[113,-129],[136,-7],[10,344],[33,-16]],[[58920,22281],[214,-7]],[[59134,22274],[-97,-950],[-69,-297],[-141,-222],[-123,-311],[-240,-940],[-139,-428],[-136,-248],[-287,-669],[-302,-518],[-259,-281],[-173,16],[-43,-79],[-4,-114],[-18,-17],[-158,43],[-49,-137],[-64,-4],[-250,128],[-119,-62],[-199,50],[-85,-42],[-127,-214],[-222,4],[-128,-67],[-141,-227],[-107,23],[-94,97],[9,86],[-64,100],[-75,-9],[-22,198],[-60,-3],[-20,-183],[-15,36],[-21,156],[6,95],[31,36],[-9,120],[-123,397],[-39,229],[32,84],[44,-29],[56,172],[-32,538],[-240,913],[-110,733],[-140,553]],[[54568,21030],[86,116],[33,228],[50,68],[84,-167],[-3,-163],[28,-139],[182,-122],[294,-47],[105,256],[123,87],[0,2587]],[[55550,23734],[125,-261],[100,-541],[6,-176],[-52,-196],[16,-267],[281,-13],[251,498],[78,476],[49,103],[92,15],[141,-218],[237,-153],[193,73],[39,76],[91,604],[135,95],[122,262],[69,466],[187,269],[126,354],[174,150],[81,188],[65,13]],[[57982,19985],[100,129],[12,153],[43,95],[27,209],[-25,126],[-188,358],[-247,-252],[-105,-363],[-84,-120],[92,-486],[102,-199],[84,-22],[93,340],[96,32]],[[60515,8129],[-68,-1],[-6,27],[55,49],[28,-45],[-9,-30]],[[57016,28649],[-72,159],[-74,35],[-128,26],[-248,-112]],[[56494,28757],[-342,734],[-30,236],[-17,216],[0,2080],[551,9],[-23,133],[31,265],[-6,554],[21,162],[-22,376]],[[56657,33522],[111,-182],[3,-202],[39,-15],[214,159],[17,-289],[45,-92],[143,-96],[222,-53],[34,47],[27,199],[32,26],[115,-456],[233,-205],[38,-224],[50,-63],[79,-312],[52,-21],[98,106],[27,-117],[34,-17],[6,903],[-80,-51],[-6,-134],[-117,49],[-162,378],[-35,231],[81,657],[-12,613],[-57,320],[131,309],[8,211],[514,205]],[[58541,35406],[79,-284],[88,-7],[90,-212],[68,-23],[6,-79],[137,-72],[135,-177]],[[59144,34552],[21,-152],[55,-2],[44,-166],[-11,-124],[60,-138],[37,-224],[-111,-240],[33,-186],[-41,-183],[20,-269],[-15,-220],[25,-137],[47,-28],[-31,-100],[-105,-99],[-21,-123],[6,-296],[-32,-163],[-50,-94],[89,-304],[43,58],[15,-51]],[[59222,31311],[-825,-689],[46,-459]],[[58690,25405],[-103,78],[-201,0],[-147,102],[-83,-34]],[[58156,25551],[-89,124],[-5,156],[-281,171],[-96,344],[9,376],[-117,37],[-28,265],[-139,148],[-142,249],[-63,422],[-194,683],[5,123]],[[57016,28649],[106,-21],[99,-103],[93,29],[124,-79],[67,58],[253,748],[230,256],[43,383],[159,205],[253,38]],[[58443,30163],[11,-248],[222,-20],[126,-134],[70,-151],[84,-14],[196,-186],[-20,-120],[26,-259],[6,-780],[-30,-260],[-45,-70],[-6,-79],[41,-115],[-20,-200],[64,-342],[-4,-78],[-89,-375],[-50,-101],[-4,-204],[-34,-131],[21,-113],[-318,-778]]]}